<?xml version="1.0" encoding="utf-8"?>
<!-- name="GENERATOR" content="github.com/mmarkdown/mmark Mmark Markdown Processor - mmark.miek.nl" -->
<rfc version="3" ipr="none" docName="openid-ida-verified-claims-1_0-01" submissionType="IETF" category="std" xml:lang="en" xmlns:xi="http://www.w3.org/2001/XInclude" indexInclude="true" consensus="true">

<front>
<title abbrev="openid-ida-verified-claims-1_0">OpenID Identity Assurance Schema Definition 1.0 - Draft 01</title><seriesInfo value="openid-ida-verified-claims-1_0-01" status="standard" name="Internet-Draft"></seriesInfo>
<author initials="T." surname="Lodderstedt" fullname="Torsten Lodderstedt"><organization>sprind.org</organization><address><postal><street></street>
</postal><email>torsten@lodderstedt.net</email>
</address></author><author initials="D." surname="Fett" fullname="Daniel Fett"><organization>Authlete</organization><address><postal><street></street>
</postal><email>mail@danielfett.de</email>
</address></author><author initials="M." surname="Haine" fullname="Mark Haine"><organization>Considrd.Consulting Ltd</organization><address><postal><street></street>
</postal><email>mark@considrd.consulting</email>
</address></author><author initials="A." surname="Pulido" fullname="Alberto Pulido"><organization>Santander</organization><address><postal><street></street>
</postal><email>alberto.pulido@santander.co.uk</email>
</address></author><author initials="K." surname="Lehmann" fullname="Kai Lehmann"><organization>1&amp;1 Mail &amp; Media Development &amp; Technology GmbH</organization><address><postal><street></street>
</postal><email>kai.lehmann@1und1.de</email>
</address></author><author initials="K." surname="Koiwai" fullname="Kosuke Koiwai"><organization>KDDI Corporation</organization><address><postal><street></street>
</postal><email>ko-koiwai@kddi.com</email>
</address></author><date/>
<area>Internet</area>
<workgroup>eKYC-IDA</workgroup>
<keyword>security</keyword>
<keyword>openid</keyword>
<keyword>identity assurance</keyword>
<keyword>ekyc</keyword>
<keyword>claims</keyword>

<abstract>
<t>This specification defines a payload schema that can be used to describe a wide variety of identity assurance metadata about a number of claims that have been assessed as meeting a given assurance level.</t>
<t>It is intended that this payload schema is re-usable across many different contexts and application layer protocols including but not limited to <xref target="OpenID"></xref> and <xref target="W3C_VCDM"></xref>.</t>
<t>This document defines a new claim relating to the identity assurance of a natural person called &quot;verified_claims&quot;.  This was originally developed within earlier drafts of OpenID Connect for Identity Assurance. The work and the preceding drafts are the work of the eKYC and Identity Assurance working group of the OpenID Foundation.</t>
</abstract>

<note><name>Foreword</name>
<t>The OpenID Foundation (OIDF) promotes, protects and nurtures the OpenID community and technologies. As a non-profit international standardizing body, it is comprised by over 160 participating entities (workgroup participant). The work of preparing implementer drafts and final international standards is carried out through OIDF workgroups in accordance with the OpenID Process. Participants interested in a subject for which a workgroup has been established have the right to be represented in that workgroup. International organizations, governmental and non-governmental, in liaison with OIDF, also take part in the work. OIDF collaborates closely with other standardizing bodies in the related fields.</t>
<t>Final drafts adopted by the Workgroup through consensus are circulated publicly for the public review for 60 days and for the OIDF members for voting. Publication as an OIDF Standard requires approval by at least 50% of the members casting a vote. There is a possibility that some of the elements of this document may be subject to patent rights. OIDF shall not be held responsible for identifying any or all such patent rights.</t>
</note>

<note><name>Introduction</name>
<t>This specification defines a schema for describing assured identity claims and a range of associated identity assurance metadata. Much of this definition will be optional as it depends on which processes were run, and the operational requirements for data-minimization, which elements of the JSON schema described in this document will be needed for a specific transaction.</t>
</note>

<note><name>Warning</name>
<t>This document is not an OIDF International Standard. It is distributed for
review and comment. It is subject to change without notice and may not be
referred to as an International Standard.</t>
<t>Recipients of this draft are invited to submit, with their comments,
notification of any relevant patent rights of which they are aware and to
provide supporting documentation.</t>
</note>

<note><name>Notational conventions</name>
<t>The keywords &quot;shall&quot;, &quot;shall not&quot;, &quot;should&quot;, &quot;should not&quot;, &quot;may&quot;, and &quot;can&quot; in
this document are to be interpreted as described in ISO Directive Part 2
<xref target="ISODIR2"></xref>. These keywords are not used as dictionary terms such that any
occurrence of them shall be interpreted as keywords and are not to be
interpreted with their natural language meanings.</t>
</note>

</front>

<middle>

<section anchor="scope"><name>Scope</name>
<t>This specification defines the schema of JSON objects used to describe identity assurance relating to a natural person.  It consists of the definition of a new claim called <tt>verified_claims</tt> that will be registered with the IANA &quot;JSON Web Token Claims Registry&quot; established by <xref target="RFC7519"></xref>.  As part of the definition of the <tt>verified_claims</tt> claim there is also be an element defined called <tt>verification</tt> that provides a flexible container for identity assurance metadata. It is anticipated that the <tt>verification</tt> element may be used by other spec authors and implementers where the verification metadata is needed independently of the end-user verified claims.</t>
</section>

<section anchor="normative-references"><name>Normative references</name>
<t>See section 6 for normative references.</t>
</section>

<section anchor="terms-and-definitions"><name>Terms and definitions</name>
<t>For the purposes of this document, the following terms and definitions apply.</t>

<section anchor="claim"><name>claim</name>
<t>piece of information asserted about an entity</t>
<t>[SOURCE: <xref target="OpenID"></xref>, 1.2]</t>
</section>

<section anchor="claim-provider"><name>claim provider</name>
<t>server that can return claims and verified claims about an entity</t>
<t>Note 1 to entry : A claim provider could be an OpenID Connect provider, a verifiable claim issuer or other application component that provides verified claims.</t>
<t>[SOURCE: <xref target="OpenID"></xref>, 1.2, modified - added requirement to return verified claims]</t>
</section>

<section anchor="claim-recipient"><name>claim recipient</name>
<t>application that receives claims from the claim provider</t>
</section>

<section anchor="identity-proofing"><name>identity proofing</name>
<t>process in which an end-user provides evidence to a provider reliably identifying themselves, thereby allowing the provider to assert that identification at a useful assurance level.</t>
</section>

<section anchor="identity-verification"><name>identity verification</name>
<t>process conducted by the provider to verify the end-user's identity.</t>
</section>

<section anchor="identity-assurance"><name>identity assurance</name>
<t>process in which the provider asserts identity data of a certain end-user with a certain assurance towards another consuming entity (such as a relying party or verifier as described in <xref target="W3C_VCDM"></xref>), typically expressed by way of an assurance level</t>
<t>Note 1 to entry: Depending on legal requirements, the provider can be required to provide evidence of the identity verification process to the consuming entity.</t>
</section>

<section anchor="verified-claims"><name>verified claims</name>
<t>claims about an end-user, typically a natural person, whose binding to a particular end-user account was verified in the course of an identity verification process.</t>
</section>
</section>

<section anchor="requirements"><name>Requirements</name>
<t>The specified JSON structures defined in this document should be usable by any protocol that needs to pass assured digital identity attributes or needs to transfer identity assurance metadata between systems using the <xref target="JSON"></xref> Data Interchange Format.</t>
</section>

<section anchor="verified_claims"><name>Verified claims</name>

<section anchor="general"><name>General</name>
<t>This specification defines a generic mechanism to add verified claims to JSON-based assertions. It uses a container element, called <tt>verified_claims</tt>, to provide the claim recipient with a set of claims along with the respective metadata and verification evidence related to the verification of these claims. This way, claim recipients cannot mix up verified claims and unverified claims and accidentally process unverified claims as verified claims.</t>
<t>The following example would assert to the claim recipient that the claim provider has verified the claims provided (<tt>given_name</tt> and <tt>family_name</tt>) according to an example trust framework <tt>trust_framework_example</tt>:</t>

<sourcecode type="json">{
  &quot;verified_claims&quot;: {
    &quot;verification&quot;: {
      &quot;trust_framework&quot;: &quot;trust_framework_example&quot;
    },
    &quot;claims&quot;: {
      &quot;given_name&quot;: &quot;Max&quot;,
      &quot;family_name&quot;: &quot;Meier&quot;
    }
  }
}
</sourcecode>
<t>The normative definition is given in the following.</t>
</section>

<section anchor="base-elements"><name>Base elements</name>
<t><tt>verified_claims</tt>: A single object or an array of objects, each object comprising the following sub-elements:</t>

<ul spacing="compact">
<li><tt>claims</tt>: Required. Object that is the container for the verified claims about the end-user.</li>
<li><tt>verification</tt>: Required. Object that contains data about the verification process.</li>
</ul>
<t>Note: Implementations shall ignore any sub-element not defined in this specification or extensions of this specification. Extensions to this specification that specify additional sub-elements under the <tt>verified_claims</tt> element may be created by the OpenID Foundation, ecosystem or scheme operators or indeed singular implementers using this specification.</t>
<t>A machine-readable syntax definition of <tt>verified_claims</tt> is given as JSON schema in <xref target="verified_claims.json"></xref>, it can be used to automatically validate JSON documents containing a <tt>verified_claims</tt> element. The provided JSON schema files are a non-normative implementation of this specification and any discrepancies that exist are either implementation bugs or interpretations.</t>
<t>Extensions of this specification, including trust framework definitions, can define further constraints on the data structure.</t>
</section>

<section anchor="claimselement"><name>claims element</name>
<t>The <tt>claims</tt> element contains the claims about the end-user which were verified by the process and according to the policies determined by the corresponding <tt>verification</tt> element described in the next section.</t>
<t>The <tt>claims</tt> element may contain any of the following claims as defined in section 5.1 of the OpenID Connect specification <xref target="OpenID"></xref></t>

<ul spacing="compact">
<li><tt>name</tt></li>
<li><tt>given_name</tt></li>
<li><tt>middle_name</tt></li>
<li><tt>family_name</tt></li>
<li><tt>birthdate</tt></li>
<li><tt>address</tt></li>
</ul>
<t>and the claims defined in <xref target="OpenID4IDAClaims"></xref>.</t>
<t>The <tt>claims</tt> element may also contain other claims provided the value of the respective claim was verified in the verification process represented by the sibling <tt>verification</tt> element.</t>
<t>Claim names may be annotated with language tags as specified in section 5.2 of the OpenID Connect specification <xref target="OpenID"></xref>.</t>
<t>The <tt>claims</tt> element may be empty, to support use cases where verification is required but no claims data needs to be shared.</t>
</section>

<section anchor="verification"><name>verification element</name>

<section anchor="general-1"><name>General</name>
<t>This element contains the information about the process conducted to verify a person's identity and bind the respective person data to a user account.</t>
</section>

<section anchor="element-structure"><name>Element structure</name>
<t>The <tt>verification</tt> element can be used independently of OpenID Connect and OpenID Connect for Identity Assurance where there is a need for representation of identity assurance metadata in a different application protocol or digital identity data format such as <xref target="W3C_VCDM"></xref>.</t>
<t>The <tt>verification</tt> element consists of the following elements:</t>

<ul spacing="compact">
<li><tt>trust_framework</tt>: Required. String determining the trust framework governing the identity verification process of the claim provider.
An example value is <tt>eidas</tt>, which denotes a notified eID system under eIDAS <xref target="eIDAS"></xref>.</li>
</ul>
<t>Claim recipients should ignore <tt>verified_claims</tt> claims containing a trust framework identifier they do not understand.</t>
<t>The <tt>trust_framework</tt> value determines what further data is provided to the claim recipient in the <tt>verification</tt> element. A notified eID system under eIDAS, for example, would not need to provide any further data whereas a claim provider not governed by eIDAS would need to provide verification evidence in order to allow the claim recipient to fulfill its legal obligations. An example of the latter is a claim provider acting under the German anti-money laundering law (<tt>de_aml</tt>).</t>

<ul>
<li><t><tt>assurance_level</tt>: Optional. String determining the assurance level associated with the end-user claims in the respective <tt>verified_claims</tt>. The value range depends on the respective <tt>trust_framework</tt> value. For example, the trust framework <tt>eidas</tt> can have the identity assurance levels <tt>low</tt>, <tt>substantial</tt> and <tt>high</tt>. For information on predefined trust framework and assurance level values see <xref target="predefined_values_page"></xref>.</t>
</li>
<li><t><tt>assurance_process</tt>: Optional. JSON object representing the assurance process that was followed. This reflects how the evidence meets the requirements of the <tt>trust_framework</tt> and <tt>assurance_level</tt>. The factual record of the evidence and the procedures followed are recorded in the <tt>evidence</tt> element; this element is used to cross reference the <tt>evidence</tt> to the <tt>assurance_process</tt> followed. This has one or more of the following sub-elements:</t>

<ul spacing="compact">
<li><tt>policy</tt>: Optional. String representing the standard or policy that was followed.</li>
<li><tt>procedure</tt>: Optional. String representing a specific procedure from the <tt>policy</tt> that was followed.</li>
<li><t><tt>assurance_details</tt>: Optional. JSON array denoting the details about how the evidence complies with the <tt>policy</tt>. When present this array shall have at least one member. Each member can have the following sub-elements:</t>

<ul spacing="compact">
<li><tt>assurance_type</tt>: Optional. String denoting which part of the <tt>assurance_process</tt> the evidence fulfills.</li>
<li><tt>assurance_classification</tt>: Optional. String reflecting how the <tt>evidence</tt> has been classified or measured as required by the <tt>trust_framework</tt>.</li>
<li><t><tt>evidence_ref</tt>: Optional. JSON array of the evidence being referred to. When present this array shall have at least one member.</t>

<ul spacing="compact">
<li><tt>check_id</tt>: Required. Identifier referring to the <tt>check_id</tt> key used in the <tt>check_details</tt> element of members of the <tt>evidence</tt> array. The claim provider shall ensure that <tt>check_id</tt> is present in the <tt>check_details</tt> when <tt>evidence_ref</tt> element is used.</li>
<li><tt>evidence_metadata</tt>: Optional. Object indicating any metadata about the <tt>evidence</tt> that is required by the <tt>assurance_process</tt> in order to demonstrate compliance with the <tt>trust_framework</tt>. It has the following sub-elements:</li>
<li><tt>evidence_classification</tt>: Optional. String indicating how the process demonstrated by the <tt>check_details</tt> for the <tt>evidence</tt> is classified by the <tt>assurance_process</tt> in order to demonstrate compliance with the <tt>trust_framework</tt>.</li>
</ul></li>
</ul></li>
</ul></li>
<li><t><tt>time</tt>: Optional. Time stamp in ISO 8601 <xref target="ISO8601"></xref> <tt>YYYY-MM-DDThh:mm[:ss]TZD</tt> format representing the date and time when the identity verification process took place. This time might deviate from (a potentially also present) <tt>document/time</tt> element since the latter represents the time when a certain evidence was checked whereas this element represents the time when the process was completed. Moreover, the overall verification process and evidence verification can be conducted by different parties (see <tt>document/verifier</tt>). Presence of this element might be required for certain trust frameworks.</t>
</li>
<li><t><tt>verification_process</tt>: Optional. Unique reference to the identity verification process as performed by the claim provider. Used for identifying and retrieving details in case of disputes or audits. Presence of this element might be required for certain trust frameworks.</t>
</li>
<li><t><tt>evidence</tt>: Optional. JSON array containing information about the evidence the claim provider used to verify the end-user's identity as separate JSON objects. Every object contains the property <tt>type</tt> which determines the type of the evidence. The claim recipient uses this information to process the <tt>evidence</tt> property appropriately.</t>
</li>
</ul>
<t>Important: Implementations shall ignore any sub-element not defined in this specification or extensions of this specification.</t>
</section>

<section anchor="minimum-conformant"><name>Minimum conformant</name>
<t>Based on the definition above and that there are a significant number of optional sub-elements it is informative to show a minimum conformant <tt>verified_claims</tt> payload.  There can be optionally much more detail included in an openid-ida-verified-claims conformant <tt>verified_claims</tt> element when further detail needs to be transferred. The example is not normative.</t>

<sourcecode type="json">{
    &quot;verified_claims&quot;: {
      &quot;verification&quot;: {
        &quot;trust_framework&quot;: &quot;de_aml&quot;
      },
      &quot;claims&quot;: {}
    }
  }
</sourcecode>
</section>

<section anchor="evidence_element"><name>evidence element</name>

<section anchor="evidence-element-structure"><name>Evidence element structure</name>
<t>Members of the <tt>evidence</tt> array are structured with the following elements:</t>
<t><tt>type</tt>: Required. The value defines the type of the evidence.</t>
<t>The following types of evidence are defined:</t>

<ul spacing="compact">
<li><tt>document</tt>: Verification based on the content of a physical or electronic document provided by the end-user, e.g. a passport, ID card, PDF signed by a recognized authority, etc.</li>
<li><tt>electronic_record</tt>: Verification based on data or information obtained electronically from an approved, recognized, regulated or certified source, e.g. a government organization, bank, utility provider, credit reference agency, etc.</li>
<li><tt>vouch</tt>: Verification based on an attestation given by an approved or recognized natural person declaring they believe that the claim(s) presented by the end-user are, to the best of their knowledge, genuine and true.</li>
<li><tt>electronic_signature</tt>: Verification based on the use of an electronic signature that can be uniquely linked to the end-user and is capable of identifying the signatory, e.g. an eIDAS Advanced Electronic Signature (AES) or Qualified Electronic Signature (QES).</li>
</ul>
<t><tt>attachments</tt>: Optional. Array of JSON objects representing attachments like photocopies of documents or certificates. Structure of members of the <tt>attachments</tt> array is described in <xref target="Attachments"></xref>.</t>
<t>Depending on the evidence type additional elements are defined, as described in the following.</t>
</section>

<section anchor="evidence-type-document"><name>Evidence type <tt>document</tt></name>
<t>The following elements are contained in an evidence sub-element where type is <tt>document</tt>.</t>
<t><tt>type</tt>: Required with value set to <tt>document</tt>.</t>
<t><tt>check_details</tt>: Optional. JSON array representing the checks done in relation to the <tt>evidence</tt>. When present this array shall have at least one member.</t>

<ul spacing="compact">
<li><tt>check_method</tt>: Required. String representing the check done, this includes processes such as checking the authenticity of the document, or verifying the user's biometric against an identity document. For information on predefined <tt>check_details</tt> values see <xref target="predefined_values_page"></xref>.</li>
<li><tt>organization</tt>: Optional. String denoting the legal entity that performed the check. This should be included if the claim provider did not perform the check itself.</li>
<li><tt>check_id</tt>: Optional. Identifier referring to the event where a check (either verification or validation) was performed. The claim provider shall ensure that this is present when <tt>evidence_ref</tt> element is used. The claim provider shall ensure that the transaction identifier can be resolved into transaction details during an audit.</li>
<li><tt>time</tt>: Optional. Time stamp in ISO 8601 <xref target="ISO8601"></xref> <tt>YYYY-MM-DDThh:mm[:ss]TZD</tt> format representing the date when the check was completed.</li>
</ul>
<t><tt>document_details</tt>: Optional. JSON object representing the document used to perform the identity verification. It consists of the following properties:</t>

<ul>
<li><tt>type</tt>: Required. String denoting the type of the document. For information on predefined document values see <xref target="predefined_values_page"></xref>. The claim provider may use other predefined values in which case the claim recipients will either be unable to process the assertion, just store this value for audit purposes, or apply bespoke business logic to it.</li>
<li><tt>document_number</tt>: Optional. String representing an identifier/number that uniquely identifies a document that was issued to the end-user. This is used on one document and will change if it is reissued, e.g., a passport number, certificate number, etc.</li>
<li><tt>serial_number</tt>: Optional. String representing an identifier/number that identifies the document irrespective of any personalization information (this usually only applies to physical artifacts and is present before personalization).</li>
<li><tt>date_of_issuance</tt>: Optional. The date the document was issued as ISO 8601 <xref target="ISO8601"></xref> <tt>YYYY-MM-DD</tt> format.</li>
<li><tt>date_of_expiry</tt>: Optional. The date the document will expire as ISO 8601 <xref target="ISO8601"></xref> <tt>YYYY-MM-DD</tt> format.</li>
<li><t><tt>issuer</tt>: Optional. JSON object containing information about the issuer of this document. This object consists of the following properties:</t>

<ul spacing="compact">
<li><tt>name</tt>: Optional. Designation of the issuer of the document.</li>
<li>All elements of the OpenID Connect <tt>address</tt> claim (see <xref target="OpenID"></xref>)</li>
<li><tt>country_code</tt>: Optional. String denoting the country or supranational organization that issued the document as ISO 3166/ICAO 3-letter codes <xref target="ICAO-Doc9303"></xref>, e.g., &quot;USA&quot; or &quot;JPN&quot;. 2-letter ICAO codes may be used in some circumstances for compatibility reasons.</li>
<li><tt>jurisdiction</tt>: Optional. String containing the name of the region(s)/state(s)/province(s)/municipality(ies) that issuer has jurisdiction over (if this information is not common knowledge or derivable from the address).</li>
</ul></li>
<li><t><tt>derived_claims</tt>: Optional. JSON object containing claims about the end-user which were derived from the document described in the evidence array member it is part of. When used the <tt>derived_claims</tt> element has the following conditions:</t>

<ul spacing="compact">
<li>The <tt>derived_claims</tt> element may contain any of the claims defined in section 5.1 of the OpenID Connect specification <xref target="OpenID"></xref> and the claims defined in <xref target="OpenID4IDAClaims"></xref>.</li>
<li>The <tt>derived_claims</tt> element may also contain other end-user claims (not defined in the OpenID Connect specification <xref target="OpenID"></xref> nor in <xref target="OpenID4IDAClaims"></xref>) derived from the document described in the evidence array member it is part of.</li>
<li>End-User claims contained in a <tt>derived_claims</tt> element shall have corresponding claims in the <tt>claims</tt> element of <tt>verified_claims</tt>.</li>
<li>When the <tt>derived_claims</tt> element is used it should be present in all members of the <tt>evidence</tt> array and all claims under the <tt>claims</tt> element of <tt>verified_claims</tt> should have a corresponding claim in at least one <tt>derived_claims</tt> element.</li>
<li>Claim names may be annotated with language tags as specified in section 5.2 of the OpenID Connect specification <xref target="OpenID"></xref>.</li>
<li>When it is present the <tt>derived_claims</tt> element shall not be empty.</li>
</ul></li>
</ul>
</section>

<section anchor="evidence-type-electronic-record"><name>Evidence type <tt>electronic_record</tt></name>
<t>The following elements are contained in an evidence sub-element where type is <tt>electronic_record</tt>.</t>
<t><tt>type</tt>: Required with value set to <tt>electronic_record</tt>.</t>
<t><tt>check_details</tt>: Optional. JSON array representing the checks done in relation to the <tt>evidence</tt>.</t>

<ul spacing="compact">
<li><tt>check_method</tt>: Required. String representing the check done. For information on predefined <tt>check_method</tt> values see <xref target="predefined_values_page"></xref>.</li>
<li><tt>organization</tt>: Optional. String denoting the legal entity that performed the check. This should be included if the claim provider did not perform the check itself.</li>
<li><tt>check_id</tt>: Optional. Identifier referring to the event where a check (either verification or validation) was performed. The claim provider shall ensure that this is present when <tt>evidence_ref</tt> element is used. The claim provider shall ensure that the transaction identifier can be resolved into transaction details during an audit.</li>
<li><tt>time</tt>: Optional. Time stamp in ISO 8601 <xref target="ISO8601"></xref> <tt>YYYY-MM-DDThh:mm[:ss]TZD</tt> format representing the date when the check was completed.</li>
</ul>
<t><tt>record</tt>: Optional. JSON object representing the record used to perform the identity verification. It consists of the following properties:</t>

<ul spacing="compact">
<li><tt>type</tt>: Required. String denoting the type of electronic record. For information on predefined identity evidence values see <xref target="predefined_values_page"></xref>. The claim provider may use other predefined values in which case the claim recipients will either be unable to process the assertion, just store this value for audit purposes, or apply bespoke business logic to it.</li>
<li><tt>created_at</tt>: Optional. The time the record was created as ISO 8601 <xref target="ISO8601"></xref> <tt>YYYY-MM-DDThh:mm[:ss]TZD</tt> format.</li>
<li><tt>date_of_expiry</tt>: Optional. The date the evidence will expire as ISO 8601 <xref target="ISO8601"></xref> <tt>YYYY-MM-DD</tt> format.</li>
<li><t><tt>source</tt>: Optional. JSON object containing information about the source of this record. This object consists of the following properties:</t>

<ul spacing="compact">
<li><tt>name</tt>: Optional. Designation of the source of the <tt>electronic_record</tt>.</li>
<li>All elements of the OpenID Connect <tt>address</tt> claim (see <xref target="OpenID"></xref>): Optional.</li>
<li><tt>country_code</tt>: Optional. String denoting the country or supranational organization that issued the evidence as ISO 3166/ICAO 3-letter codes <xref target="ICAO-Doc9303"></xref>, e.g., &quot;USA&quot; or &quot;JPN&quot;. 2-letter ICAO codes may be used in some circumstances for compatibility reasons.</li>
<li><tt>jurisdiction</tt>: Optional. String containing the name of the region(s) / state(s) / province(s) / municipality(ies) that source has jurisdiction over (if it is not common knowledge or derivable from the address).</li>
</ul></li>
<li><t><tt>derived_claims</tt>: Optional. JSON object containing claims about the end-user which were derived from the electronic record described in the evidence array member it is part of.</t>

<ul spacing="compact">
<li>The <tt>derived_claims</tt> element may contain any of the claims defined in section 5.1 of the OpenID Connect specification <xref target="OpenID"></xref> and the claims defined in <xref target="OpenID4IDAClaims"></xref>.</li>
<li>The <tt>derived_claims</tt> element may also contain other end-user claims (not defined in the OpenID Connect specification <xref target="OpenID"></xref> nor in <xref target="OpenID4IDAClaims"></xref>) derived from the electronic record described in the evidence array member it is part of.</li>
<li>Claim names may be annotated with language tags as specified in section 5.2 of the OpenID Connect specification <xref target="OpenID"></xref>.</li>
<li>When it is present the <tt>derived_claims</tt> element shall not be empty.</li>
</ul></li>
</ul>
</section>

<section anchor="evidence-type-vouch"><name>Evidence type <tt>vouch</tt></name>
<t>The following elements are contained in an evidence sub-element where type is <tt>vouch</tt>.</t>
<t><tt>type</tt>: Required with value set to <tt>vouch</tt>.</t>
<t><tt>check_details</tt>: Optional. JSON array representing the checks done in relation to the <tt>vouch</tt>.</t>

<ul spacing="compact">
<li><tt>check_method</tt>: Required. String representing the check done, this includes processes such as checking the authenticity of the vouch, or verifying the user as the person referenced in the vouch. For information on predefined <tt>check_method</tt> values see <xref target="predefined_values_page"></xref>.</li>
<li><tt>organization</tt>: Optional. String denoting the legal entity that performed the check. This should be included if the claim provider did not perform the check itself.</li>
<li><tt>check_id</tt>: Optional. Identifier referring to the event where a check (either verification or validation) was performed. The claim provider shall ensure that this is present when <tt>evidence_ref</tt> element is used. The claim provider shall ensure that the transaction identifier can be resolved into transaction details during an audit.</li>
<li><tt>time</tt>: Optional. Time stamp in ISO 8601 <xref target="ISO8601"></xref> <tt>YYYY-MM-DDThh:mm[:ss]TZD</tt> format representing the date when the check was completed.</li>
</ul>
<t><tt>attestation</tt>: Optional. JSON object representing the attestation that is the basis of the vouch. It consists of the following properties:</t>

<ul spacing="compact">
<li><tt>type</tt>: Required. String denoting the type of vouch. For information on predefined vouch values see <xref target="predefined_values_page"></xref>. The claim provider may use other than the predefined values in which case the claim recipients will either be unable to process the assertion, just store this value for audit purposes, or apply bespoke business logic to it.</li>
<li><tt>reference_number</tt>: Optional. String representing an identifier/number that uniquely identifies a vouch given about the end-user.</li>
<li><tt>date_of_issuance</tt>: Optional. The date the vouch was made as ISO 8601 <xref target="ISO8601"></xref> <tt>YYYY-MM-DD</tt> format.</li>
<li><tt>date_of_expiry</tt>: Optional. The date the evidence will expire as ISO 8601 <xref target="ISO8601"></xref> <tt>YYYY-MM-DD</tt> format.</li>
<li><t><tt>voucher</tt>: Optional. JSON object containing information about the entity giving the vouch. This object consists of the following properties:</t>

<ul spacing="compact">
<li><tt>name</tt>: Optional. String containing the name of the person giving the vouch/reference in the same format as defined in section 5.1 (Standard Claims) of the OpenID Connect Core specification.</li>
<li><tt>birthdate</tt>: Optional. String containing the birthdate of the person giving the vouch/reference in the same format as defined in section 5.1 (Standard Claims) of the OpenID Connect Core specification.</li>
<li>All elements of the OpenID Connect <tt>address</tt> claim (see <xref target="OpenID"></xref>): Optional.</li>
<li><tt>country_code</tt>: Optional. String denoting the country or supranational organization that issued the evidence as ISO 3166/ICAO 3-letter codes <xref target="ICAO-Doc9303"></xref>, e.g., &quot;USA&quot; or &quot;JPN&quot;. 2-letter ICAO codes may be used in some circumstances for compatibility reasons.</li>
<li><tt>occupation</tt>: Optional. String containing the occupation or other authority of the person giving the vouch/reference.</li>
<li><tt>organization</tt>: Optional. String containing the name of the organization the voucher is representing.</li>
</ul></li>
<li><t><tt>derived_claims</tt>: Optional. JSON object containing claims about the end-user which were derived from the vouch described in the evidence array member it is part of (an example is presented later in this document)</t>

<ul spacing="compact">
<li>The <tt>derived_claims</tt> element may contain any of the claims defined in section 5.1 of the OpenID Connect specification <xref target="OpenID"></xref> and the claims defined in <xref target="OpenID4IDAClaims"></xref>.</li>
<li>The <tt>derived_claims</tt> element may also contain other end-user claims (not defined in the OpenID Connect specification <xref target="OpenID"></xref> nor in <xref target="OpenID4IDAClaims"></xref>) derived from the vouch described in the evidence array member it is part of.</li>
<li>Claim names may be annotated with language tags as specified in section 5.2 of the   OpenID Connect specification <xref target="OpenID"></xref>.</li>
<li>When it is present the <tt>derived_claims</tt> element shall not be empty.</li>
</ul></li>
</ul>
</section>

<section anchor="evidence-type-electronic-signature"><name>Evidence type <tt>electronic_signature</tt></name>
<t>The following elements are contained in an <tt>electronic_signature</tt> evidence sub-element.</t>

<ul spacing="compact">
<li><tt>type</tt>: Required with value set to <tt>electronic_signature</tt>.</li>
<li><tt>signature_type</tt>: Required. String denoting the type of signature used as evidence. The value range might be restricted by the respective trust framework.</li>
<li><tt>issuer</tt>: Required. String denoting the certification authority that issued the signer's certificate.</li>
<li><tt>serial_number</tt>: Required. String containing the serial number of the certificate used to sign.</li>
<li><tt>created_at</tt>: Optional. The time the signature was created as ISO 8601 <xref target="ISO8601"></xref> <tt>YYYY-MM-DDThh:mm[:ss]TZD</tt> format.</li>
<li><t><tt>derived_claims</tt>: Optional. JSON object containing claims about the end-user which were derived from the electronic signature described in the evidence array member it is part of.</t>

<ul spacing="compact">
<li>The <tt>derived_claims</tt> element may contain any of the claims defined in section 5.1 of the OpenID Connect specification <xref target="OpenID"></xref> and the claims defined in <xref target="OpenID4IDAClaims"></xref>.</li>
<li>The <tt>derived_claims</tt> element may also contain other end-user claims derived from the electronically signed object described in the evidence array member it is part of, such as elements of an advanced electronic signature described under eIDAS used to uniquely link the signed object to the signatory.</li>
<li>Claim names may be annotated with language tags as specified in section 5.2 of the OpenID Connect specification <xref target="OpenID"></xref>.</li>
<li>When it is present the <tt>derived_claims</tt> element shall not be empty.</li>
</ul></li>
</ul>
</section>
</section>

<section anchor="attachments"><name>Attachments</name>
<t>During the identity verification process, specific document artifacts could be collected and depending on the trust framework, will be required to be stored for a specific duration. These artifacts can later be reviewed during audits or quality control for example. These artifacts include, but are not limited to:</t>

<ul spacing="compact">
<li>scans of filled and signed forms documenting/certifying the verification process itself,</li>
<li>scans or photocopies of the documents used to verify the identity of end-users,</li>
<li>video recordings of the verification process, and</li>
<li>certificates of electronic signatures.</li>
</ul>
<t>When supported by the claim provider and requested by the claim recipient, these elements can be included in the verified claims response allowing the claims recipient to store these artifacts along with the verified claims information.</t>
<t>An attachment is represented by a JSON element. The definition of attachments and the schema representing them are described in <xref target="Attachments"></xref>.</t>
</section>
</section>

<section anchor="examples"><name>Examples</name>

<section anchor="framework-with-assurance-level-and-associated-claims"><name>Framework with assurance level and associated claims</name>

<sourcecode type="json">{
  &quot;verified_claims&quot;: {
    &quot;verification&quot;: {
      &quot;trust_framework&quot;: &quot;eidas&quot;,
      &quot;assurance_level&quot;: &quot;substantial&quot;
    },
    &quot;claims&quot;: {
      &quot;given_name&quot;: &quot;Max&quot;,
      &quot;family_name&quot;: &quot;Meier&quot;,
      &quot;birthdate&quot;: &quot;1956-01-28&quot;,
      &quot;place_of_birth&quot;: {
        &quot;country&quot;: &quot;DE&quot;,
        &quot;locality&quot;: &quot;Musterstadt&quot;
      },
      &quot;nationalities&quot;: [
        &quot;DE&quot;
      ]
    }
  }
}
</sourcecode>
</section>

<section anchor="document-utility-statement"><name>Document + utility statement</name>

<sourcecode type="json">{
  &quot;verified_claims&quot;: {
    &quot;verification&quot;: {
      &quot;trust_framework&quot;: &quot;de_aml&quot;,
      &quot;time&quot;: &quot;2012-04-23T18:25Z&quot;,
      &quot;verification_process&quot;: &quot;513645-e44b-4951-942c-7091cf7d891d&quot;,
      &quot;evidence&quot;: [
        {
          &quot;type&quot;: &quot;document&quot;,
          &quot;check_details&quot;: [
            {
              &quot;check_method&quot;: &quot;pvp&quot;
            },
            {
              &quot;check_method&quot;: &quot;vpip&quot;
            }
          ],
          &quot;time&quot;: &quot;2012-04-22T11:30Z&quot;,
          &quot;document_details&quot;: {
            &quot;type&quot;: &quot;de_erp_replacement_idcard&quot;,
            &quot;issuer&quot;: {
              &quot;name&quot;: &quot;Stadt Augsburg&quot;,
              &quot;country&quot;: &quot;DE&quot;
            },
            &quot;document_number&quot;: &quot;53554554&quot;,
            &quot;date_of_issuance&quot;: &quot;2010-04-23&quot;,
            &quot;date_of_expiry&quot;: &quot;2020-04-22&quot;
          }
        },
        {
          &quot;type&quot;: &quot;document&quot;,
          &quot;check_details&quot;: [
            {
              &quot;check_method&quot;: &quot;vpip&quot;
            }
          ],
          &quot;time&quot;: &quot;2012-04-22T11:30Z&quot;,
          &quot;document_details&quot;: {
            &quot;type&quot;: &quot;utility_statement&quot;,
            &quot;issuer&quot;: {
                &quot;name&quot;: &quot;Stadtwerke Musterstadt&quot;,
                &quot;country&quot;: &quot;DE&quot;,
                &quot;region&quot;: &quot;Niedersachsen&quot;,
                &quot;street_address&quot;: &quot;Energiestrasse 33&quot;
            },
            &quot;date_of_issuance&quot;: &quot;2013-01-31&quot;
          }
        }
      ]
    },
    &quot;claims&quot;: {
      &quot;given_name&quot;: &quot;Max&quot;,
      &quot;family_name&quot;: &quot;Meier&quot;,
      &quot;birthdate&quot;: &quot;1956-01-28&quot;,
      &quot;place_of_birth&quot;: {
        &quot;country&quot;: &quot;DE&quot;,
        &quot;locality&quot;: &quot;Musterstadt&quot;
      },
      &quot;nationalities&quot;: [
        &quot;DE&quot;
      ],
      &quot;address&quot;: {
        &quot;locality&quot;: &quot;Maxstadt&quot;,
        &quot;postal_code&quot;: &quot;12344&quot;,
        &quot;country&quot;: &quot;DE&quot;,
        &quot;street_address&quot;: &quot;An der Weide 22&quot;
      }
    }
  }
}
</sourcecode>
</section>

<section anchor="array-of-verified-claims"><name>Array of verified claims</name>

<sourcecode type="json">{
  &quot;verified_claims&quot;: [
    {
      &quot;verification&quot;: {
        &quot;trust_framework&quot;: &quot;eidas&quot;,
        &quot;assurance_level&quot;: &quot;substantial&quot;
      },
      &quot;claims&quot;: {
        &quot;given_name&quot;: &quot;Max&quot;,
        &quot;family_name&quot;: &quot;Meier&quot;,
        &quot;birthdate&quot;: &quot;1956-01-28&quot;,
        &quot;place_of_birth&quot;: {
          &quot;country&quot;: &quot;DE&quot;,
          &quot;locality&quot;: &quot;Musterstadt&quot;
        },
        &quot;nationalities&quot;: [
          &quot;DE&quot;
        ]
      }
    },
    {
      &quot;verification&quot;: {
        &quot;trust_framework&quot;: &quot;de_aml&quot;,
        &quot;time&quot;: &quot;2012-04-23T18:25Z&quot;,
        &quot;verification_process&quot;: &quot;f24c6f-6d3f-4ec5-973e-b0d8506f3bc7&quot;,
        &quot;evidence&quot;: [
          {
            &quot;type&quot;: &quot;document&quot;,
            &quot;method&quot;: &quot;pipp&quot;,
            &quot;time&quot;: &quot;2012-04-22T11:30Z&quot;,
            &quot;document&quot;: {
              &quot;type&quot;: &quot;idcard&quot;
            }
          }
        ]
      },
      &quot;claims&quot;: {
        &quot;address&quot;: {
          &quot;locality&quot;: &quot;Maxstadt&quot;,
          &quot;postal_code&quot;: &quot;12344&quot;,
          &quot;country&quot;: &quot;DE&quot;,
          &quot;street_address&quot;: &quot;An der Weide 22&quot;
        }
      }
    }
  ]
}
</sourcecode>
</section>

<section anchor="derived-claims"><name>Derived claims</name>

<sourcecode type="json">{
    &quot;verified_claims&quot;: {
      &quot;verification&quot;: {
        &quot;trust_framework&quot;: &quot;de_aml&quot;,
        &quot;time&quot;: &quot;2012-04-23T18:25Z&quot;,
        &quot;verification_process&quot;: &quot;513645-e44b-4951-942c-7091cf7d891d&quot;,
        &quot;evidence&quot;: [
          {
            &quot;type&quot;: &quot;document&quot;,
            &quot;time&quot;: &quot;2012-04-22T11:30Z&quot;,
            &quot;document_details&quot;: {
              &quot;type&quot;: &quot;de_erp_replacement_idcard&quot;,
              &quot;document_number&quot;: &quot;53554554&quot;,
              &quot;date_of_expiry&quot;: &quot;2020-04-22&quot;
            },
            &quot;derived_claims&quot;: {
              &quot;given_name&quot;: &quot;Max&quot;,
              &quot;family_name&quot;: &quot;Meier&quot;,
              &quot;birthdate&quot;: &quot;1956-01-28&quot;,
              &quot;nationalities&quot;: [
                &quot;DE&quot;
              ]
            }
          },
          {
            &quot;type&quot;: &quot;document&quot;,
            &quot;time&quot;: &quot;2012-04-22T11:30Z&quot;,
            &quot;document_details&quot;: {
              &quot;type&quot;: &quot;utility_statement&quot;,
              &quot;date_of_issuance&quot;: &quot;2013-01-31&quot;
            },
            &quot;derived_claims&quot;: {
              &quot;given_name&quot;: &quot;Maximillion&quot;,
              &quot;family_name&quot;: &quot;Meier&quot;,
              &quot;address&quot;: {
                &quot;locality&quot;: &quot;Maxstadt&quot;,
                &quot;postal_code&quot;: &quot;12344&quot;,
                &quot;country&quot;: &quot;DE&quot;,
                &quot;street_address&quot;: &quot;An der Weide 22&quot;
              }
            }
          }
        ]
      },
      &quot;claims&quot;: {
        &quot;given_name&quot;: &quot;Max&quot;,
        &quot;family_name&quot;: &quot;Meier&quot;,
        &quot;birthdate&quot;: &quot;1956-01-28&quot;,
        &quot;nationalities&quot;: [
          &quot;DE&quot;
        ],
        &quot;address&quot;: {
          &quot;locality&quot;: &quot;Maxstadt&quot;,
          &quot;postal_code&quot;: &quot;12344&quot;,
          &quot;country&quot;: &quot;DE&quot;,
          &quot;street_address&quot;: &quot;An der Weide 22&quot;
        }
      }
    }
  }
  
</sourcecode>
</section>
</section>
</section>

<section anchor="Security"><name>Security considerations</name>
<t>The working group has identified no security considerations that pertain directly to this specification.</t>
<t>The data structures described in this specification will contain personal information. Standards referencing this specification and implementers using this specification should consider the secure transport of these structures and security and privacy implications that may arise from their use.</t>
</section>

</middle>

<back>
<references><name>Normative References</name>
<reference anchor="ICAO-Doc9303" target="https://www.icao.int/publications/Documents/9303_p3_cons_en.pdf">
  <front>
    <title>Machine Readable Travel Documents, Seventh Edition, 2015, Part 3: Specifications Common to all MRTDs</title>
    <author surname="International Civil Aviation Organization">
      <organization>International Civil Aviation Organization</organization>
    </author>
    <date year="2015"></date>
  </front>
</reference>
<reference anchor="ISO8601" target="https://www.iso.org/iso/catalogue_detail?csnumber=40874">
  <front>
    <title>ISO 8601. Data elements and interchange formats - Information interchange - Representation of dates and times</title>
    <author surname="International Organization for Standardization">
      <organization abbrev="ISO">International Organization for Standardization</organization>
    </author>
  </front>
</reference>
<reference anchor="ISODIR2" target="https://www.iso.org/sites/directives/current/part2/index.xhtml">
  <front>
    <title>ISO/IEC Directives, Part 2 - Principles and rules for the structure and drafting of ISO and IEC documents</title>
    <author fullname="ISO/IEC">
      <organization>ISO/IEC</organization>
    </author>
  </front>
</reference>
<reference anchor="OpenID" target="https://openid.net/specs/openid-connect-core-1_0.html">
  <front>
    <title>OpenID Connect Core 1.0 incorporating errata set 1</title>
    <author fullname="Nat Sakimura" initials="N." surname="Sakimura">
      <organization>NRI</organization>
    </author>
    <author fullname="John Bradley" initials="J." surname="Bradley">
      <organization>Ping Identity</organization>
    </author>
    <author fullname="Mike Jones" initials="M." surname="Jones">
      <organization>Microsoft</organization>
    </author>
    <author fullname="Breno de Medeiros" initials="B." surname="de Medeiros">
      <organization>Google</organization>
    </author>
    <author fullname="Chuck Mortimore" initials="C." surname="Mortimore">
      <organization>Salesforce</organization>
    </author>
    <date year="2014" month="Nov" day="8"></date>
  </front>
</reference>
<xi:include href="https://xml2rfc.ietf.org/public/rfc/bibxml/reference.RFC.7519.xml"/>
<reference anchor="predefined_values_page" target="https://openid.net/wg/ekyc-ida/identifiers/">
  <front>
    <title>Overview page for predefined values</title>
    <author>
      <organization>OpenID Foundation</organization>
    </author>
    <date year="2021"></date>
  </front>
</reference>
</references>
<references><name>Informative References</name>
<reference anchor="Attachments" target="https://openid.net/specs/openid-connect-4-ida-attachments-1_0.html">
  <front>
    <title>OpenID Connect for Identity Assurance Attachments 1.0</title>
    <author fullname="Torsten Lodderstedt" initials="T." surname="Lodderstedt">
      <organization>yes.com</organization>
    </author>
    <author fullname="Daniel Fett" initials="D." surname="Fett">
      <organization>Authlete</organization>
    </author>
    <author fullname="Mark Haine" initials="M." surname="Haine">
      <organization>Considrd.Consulting Ltd</organization>
    </author>
    <author fullname="Alberto Pulido" initials="A." surname="Pulido">
      <organization>Santander</organization>
    </author>
    <author fullname="Kai Lehmann" initials="K." surname="Lehmann">
      <organization>1&amp;1 Mail &amp; Media Development &amp; Technology GmbH</organization>
    </author>
    <author fullname="Kosuke Koiwai" initials="K." surname="Koiwai">
      <organization>KDDI Corporation</organization>
    </author>
    <date year="2023" month="July" day="19"></date>
  </front>
</reference>
<reference anchor="JSON" target="https://www.rfc-editor.org/rfc/rfc8259">
  <front>
    <title>The JavaScript Object Notation (JSON) Data Interchange Format</title>
    <author initials="T." surname="Bray">
      <organization abbrev="IETF">Internet Engineering Task Force</organization>
    </author>
    <date year="2017" month="December"></date>
  </front>
</reference>
<reference anchor="OpenID4IDAClaims" target="https://openid.net/specs/openid-connect-4-ida-claims-1_0.html">
  <front>
    <title>OpenID Connect for Identity Assurance Claims Registration 1.0</title>
    <author fullname="Torsten Lodderstedt" initials="T." surname="Lodderstedt">
      <organization>yes.com</organization>
    </author>
    <author fullname="Daniel Fett" initials="D." surname="Fett">
      <organization>Authlete</organization>
    </author>
    <author fullname="Mark Haine" initials="M." surname="Haine">
      <organization>Considrd.Consulting Ltd</organization>
    </author>
    <author fullname="Alberto Pulido" initials="A." surname="Pulido">
      <organization>Santander</organization>
    </author>
    <author fullname="Kai Lehmann" initials="K." surname="Lehmann">
      <organization>1&amp;1 Mail &amp; Media Development &amp; Technology GmbH</organization>
    </author>
    <author fullname="Kosuke Koiwai" initials="K." surname="Koiwai">
      <organization>KDDI Corporation</organization>
    </author>
    <date year="2023" month="Jun" day="16"></date>
  </front>
</reference>
<reference anchor="W3C_VCDM" target="https://www.w3.org/TR/vc-data-model/">
  <front>
    <title>Verifiable Credentials Data Model v1.1</title>
    <author fullname="Manu Sporny" initials="M" surname="Sporny">
      <organization>Digital Bazaar</organization>
    </author>
    <author fullname="Dave Longley" initials="D" surname="Longley">
      <organization>Digital Bazaar</organization>
    </author>
    <author fullname="David Chadwick" initials="D" surname="Chadwick">
      <organization>Digital Bazaar</organization>
    </author>
    <date year="2022" month="March"></date>
  </front>
</reference>
<reference anchor="eIDAS" target="https://eur-lex.europa.eu/legal-content/EN/TXT/HTML/?uri=CELEX:32014R0910">
  <front>
    <title>REGULATION (EU) No 910/2014 OF THE EUROPEAN PARLIAMENT AND OF THE COUNCIL on electronic identification and trust services for electronic transactions in the internal market and repealing Directive 1999/93/EC</title>
    <author surname="European Parliament">
      <organization>European Parliament</organization>
    </author>
    <date year="2014" month="July" day="23"></date>
  </front>
</reference>
<reference anchor="verified_claims.json" target="https://openid.net/wg/ekyc-ida/references/">
  <front>
    <title>JSON Schema for assertions using verified_claims</title>
    <author>
      <organization>OpenID Foundation</organization>
    </author>
    <date year="2020"></date>
  </front>
</reference>
</references>

<section anchor="iana-considerations"><name>IANA considerations</name>

<section anchor="json-web-token-claims-registration"><name>JSON Web Token claims registration</name>
<t>This specification requests registration of the following value in the IANA &quot;JSON Web Token Claims Registry&quot; established by <xref target="RFC7519"></xref>.</t>

<section anchor="registry-contents"><name>Registry contents</name>

<section anchor="claim-verified-claims"><name>Claim <tt>verified_claims</tt></name>

<dl spacing="compact">
<dt>Claim Name:</dt>
<dd><tt>verified_claims</tt></dd>
<dt>Claim Description:</dt>
<dd>A structured claim containing end-user claims and the details of how those end-user claims were assured.</dd>
<dt>Change Controller:</dt>
<dd>eKYC and Identity Assurance Working Group - openid-specs-ekyc-ida@lists.openid.net</dd>
<dt>Specification Document(s):</dt>
<dd>Section <eref target="#verified_claims">verified claims</eref> of this document</dd>
</dl>
</section>
</section>
</section>
</section>

<section anchor="Acknowledgements"><name>Acknowledgements</name>
<t>The following people at yes.com and partner companies contributed to the concept described in the initial contribution to this specification: Karsten Buch, Lukas Stiebig, Sven Manz, Waldemar Zimpfer, Willi Wiedergold, Fabian Hoffmann, Daniel Keijsers, Ralf Wagner, Sebastian Ebling, Peter Eisenhofer.</t>
<t>We would like to thank Julian White, Bjorn Hjelm, Stephane Mouy, Joseph Heenan, Vladimir Dzhuvinov, Azusa Kikuchi, Naohiro Fujie, Takahiko Kawasaki, Sebastian Ebling, Marcos Sanz, Tom Jones, Mike Pegman, Michael B. Jones, Jeff Lombardo, Taylor Ongaro, Peter Bainbridge-Clayton, Adrian Field, George Fletcher, Tim Cappalli, Michael Palage, Sascha Preibisch, Giuseppe De Marco, Nick Mothershaw, Hodari McClain, Dima Postnikov and Nat Sakimura for their valuable feedback and contributions that helped to evolve this specification.</t>
</section>

<section anchor="notices"><name>Notices</name>
<t>Copyright (c) 2024 The OpenID Foundation.</t>
<t>The OpenID Foundation (OIDF) grants to any Contributor, developer, implementer, or other interested party a non-exclusive, royalty free, worldwide copyright license to reproduce, prepare derivative works from, distribute, perform and display, this Implementers Draft or Final Specification solely for the purposes of (i) developing specifications, and (ii) implementing Implementers Drafts and Final Specifications based on such documents, provided that attribution be made to the OIDF as the source of the material, but that such attribution does not indicate an endorsement by the OIDF.</t>
<t>The technology described in this specification was made available from contributions from various sources, including members of the OpenID Foundation and others. Although the OpenID Foundation has taken steps to help ensure that the technology is available for distribution, it takes no position regarding the validity or scope of any intellectual property or other rights that might be claimed to pertain to the implementation or use of the technology described in this specification or the extent to which any license under such rights might or might not be available; neither does it represent that it has made any independent effort to identify any such rights. The OpenID Foundation and the contributors to this specification make no (and hereby expressly disclaim any) warranties (express, implied, or otherwise), including implied warranties of merchantability, non-infringement, fitness for a particular purpose, or title, related to this specification, and the entire risk as to implementing this specification is assumed by the implementer. The OpenID Intellectual Property Rights policy requires contributors to offer a patent promise not to assert certain patent claims against other contributors and against implementers. The OpenID Foundation invites any interested party to bring to its attention any copyrights, patents, patent applications, or other proprietary rights that may cover technology that may be required to practice this specification.</t>
</section>

<section anchor="document-history"><name>Document history</name>
<t>[[ To be removed from the final specification ]]</t>
<t>-01
   fixed capitalization and added draft version number to title
   editorial improvement to security considerations</t>
<t>-00 (WG document)</t>

<ul spacing="compact">
<li>Split this content from openid-connect-4-identity-assurance-1_0-13 WG document</li>
</ul>
</section>

</back>

</rfc>
