{
  "$schema": "http://json-schema.org/draft-07/schema#",
  "title": "Presentation Definition",
  "definitions": {
    "filter": {
      "type": "object",
      "properties": {
        "type": { "type": "string" },
        "format": { "type": "string" },
        "pattern": { "type": "string" },
        "minimum": { "type": ["number", "string"] },
        "minLength": { "type": "integer" },
        "maxLength": { "type": "integer" },
        "exclusiveMinimum": { "type": ["number", "string"] },
        "exclusiveMaximum": { "type": ["number", "string"] },
        "maximum": { "type": ["number", "string"] },
        "const": { "type": ["number", "string"] },
        "enum": {
          "type": "array",
          "items": { "type": ["number", "string"] }
        },
        "not": {
          "type": "object",
          "minProperties": 1
        }
      },
      "required": ["type"],
      "additionalProperties": false
    },
    "format": {
      "type": "object",
      "patternProperties": {
        "^jwt$|^jwt_vc$|^jwt_vp$": {
          "type": "object",
          "properties": {
            "alg": {
              "type": "array",
              "minItems": 1,
              "items": { "type": "string" }
            }
          },
          "required": ["alg"],
          "additionalProperties": false
        },
        "^ldp_vc$|^ldp_vp$|^ldp$": {
          "type": "object",
          "properties": {
            "proof_type": {
              "type": "array",
              "minItems": 1,
              "items": { "type": "string" }
            }
          },
          "required": ["proof_type"],
          "additionalProperties": false
        },
        "additionalProperties": false
      },
      "additionalProperties": false
    },
    "submission_requirements": {
      "type": "object",
      "oneOf": [
        {
          "properties": {
            "name": { "type": "string" },
            "purpose": { "type": "string" },
            "rule": {
              "type": "string",
              "enum": ["all", "pick"]
            },
            "count": { "type": "integer", "minimum": 1 },
            "min": { "type": "integer", "minimum": 0 },
            "max": { "type": "integer", "minimum": 0 },
            "from": { "type": "string" }
          },
          "required": ["rule", "from"],
          "additionalProperties": false
        },
        {
          "properties": {
            "name": { "type": "string" },
            "purpose": { "type": "string" },
            "rule": {
              "type": "string",
              "enum": ["all", "pick"]
            },
            "count": { "type": "integer", "minimum": 1 },
            "min": { "type": "integer", "minimum": 0 },
            "max": { "type": "integer", "minimum": 0 },
            "from_nested": {
              "type": "array",
              "minItems": 1,
              "items": {
                "$ref": "#/definitions/submission_requirements"
              }
            }
          },
          "required": ["rule", "from_nested"],
          "additionalProperties": false
        }
      ]
    },
    "input_descriptors": {
      "type": "object",
      "properties": {
        "id": { "type": "string" },
        "name": { "type": "string" },
        "purpose": { "type": "string" },
        "format": {"ref":"#/definitions/format"},
        "group": {
          "type": "array",
          "items": { "type": "string" }
        },
        "constraints": {
          "type": "object",
          "properties": {
            "limit_disclosure": {
              "type": "string",
              "enum": ["required", "preferred"]
            },
            "statuses": {
              "type": "object",
              "properties": {
                "active": {
                  "type": "object",
                  "properties": {
                    "directive": {
                      "type": "string",
                      "enum": ["required", "allowed", "disallowed"]
                    }
                  }
                },
                "suspended": {
                  "type": "object",
                  "properties": {
                    "directive": {
                      "type": "string",
                      "enum": ["required", "allowed", "disallowed"]
                    }
                  }
                },
                "revoked": {
                  "type": "object",
                  "properties": {
                    "directive": {
                      "type": "string",
                      "enum": ["required", "allowed", "disallowed"]
                    }
                  }
                }
              }
            },
            "fields": {
              "type": "array",
              "items": { "$ref": "#/definitions/field" }
            },
            "subject_is_issuer": {
              "type": "string",
              "enum": ["required", "preferred"]
            },
            "is_holder": {
              "type": "array",
              "items": {
                "type": "object",
                "properties":  {
                  "field_id": {
                    "type": "array",
                    "items": { "type": "string" }
                  },
                  "directive": {
                    "type": "string",
                    "enum": ["required", "preferred"]
                  }
                },
                "required": ["field_id", "directive"],
                "additionalProperties": false
              }
            },
            "same_subject": {
              "type":  "array",
              "items": {
                "type": "object",
                "properties":  {
                  "field_id": {
                    "type": "array",
                    "items": { "type": "string" }
                  },
                  "directive": {
                    "type": "string",
                    "enum": ["required", "preferred"]
                  }
                },
                "required": ["field_id", "directive"],
                "additionalProperties": false
              }
            }
          },
          "additionalProperties": false
        }
      },
      "required": ["id"],
      "additionalProperties": false
    },
    "field": {
      "type": "object",
      "oneOf": [
        {
          "properties": {
            "id": { "type": "string" },
            "path": {
              "type": "array",
              "items": { "type": "string" }
            },
            "purpose": { "type": "string" },
            "filter": { "$ref": "#/definitions/filter" }
          },
          "required": ["path"],
          "additionalProperties": false
        },
        {
          "properties": {
            "id": { "type": "string" },
            "path": {
              "type": "array",
              "items": { "type": "string" }
            },
            "purpose": { "type": "string" },
            "filter": { "$ref": "#/definitions/filter" },
            "predicate": {
              "type": "string",
              "enum": ["required", "preferred"]
            }
          },
          "required": ["path", "filter", "predicate"],
          "additionalProperties": false
        }
      ]
    },
    "type": {
      "type": "object",
      "properties": {
        "path": {
          "type": "array",
          "items": { "type": "string" }
        },
        "purpose": { "type": "string" },
        "filter": { "$ref": "#/definitions/filter" }
      },
      "required": ["path", "filter"],
      "additionalProperties": false
    },
    "presentation_definition": {
      "type": "object",
      "properties": {
        "id": {
          "type": "string"
        },
        "name": {
          "type": "string"
        },
        "purpose": {
          "type": "string"
        },
        "format": {
          "$ref": "#/definitions/format"
        },
        "frame": {
          "type": "object",
          "additionalProperties": true
        },
        "submission_requirements": {
          "type": "array",
          "items": {
            "$ref": "#/definitions/submission_requirements"
          }
        },
        "input_descriptors": {
          "type": "array",
          "items": {
            "$ref": "#/definitions/input_descriptors"
          }
        }
      },
      "required": [
        "id",
        "input_descriptors"
      ],
      "additionalProperties": false
    }
  },
  "properties": {
    "vp_token": {
      "type": "object",
      "properties": {
        "presentation_definition": {
          "$ref": "#/definitions/presentation_definition"
        }
      },
      "additionalProperties": false
    }
  },
  "additionalProperties": true
}