{
    "id": "example_vc_ac",
    "input_descriptors": [
        {
            "id": "id_credential",
            "format": {
                "ac_vc": {
                    "proof_type": [
                        "CLSignature2019"
                    ]
                }
            },
            "constraints": {
                "fields": [
                    {
                        "path": [
                            "$.schema_id"
                        ],
                        "filter": {
                            "type": "string",
                            "const": "did:indy:idu:test:3QowxFtwciWceMFr7WbwnM:2:BasicScheme:0\\.1"
                        }
                    }
                ]
            }
        }
    ]
}