{
    "vp_token": {
        "presentation_definition": {
            "id": "32f54163-7166-48f1",
            "input_descriptors": [
                {
                    "id": "federationExample",
                    "purpose": "To pick a UK university that is a member of the UK academic federation",
                    "constraints": {
                        "fields": [
                            {
                                "path": [
                                    "$.termsOfUse.type"
                                ],
                                "filter": {
                                    "type": "string",
                                    "const": "https://train.trust-scheme.de/info"
                                }
                            },
                            {
                                "path": [
                                    "$.termsOfUse.federations"
                                ],
                                "filter": {
                                    "type": "string",
                                    "const": "ukuniversities.ac.uk"
                                }
                            }
                        ]
                    }
                }
            ]
        }
    }
}