{
  "verified_claims": {
    "verification": {
      "trust_framework": "de_aml",
      "time": "2012-04-23T18:25Z",
      "verification_process": "f24c6f-6d3f-4ec5-973e-b0d8506f3bc7",
      "evidence": [
        {
          "type": "document",
          "method": "pipp",
          "time": "2012-04-22T11:30Z",
          "document_details": {
            "type": "idcard",
            "issuer": {
              "name": "Stadt Augsburg",
              "country": "DE"
            },
            "document_number": "53554554",
            "date_of_issuance": "2010-03-23",
            "date_of_expiry": "2020-03-22"
          },
          "attachments": [
            {
              "desc": "Front of id document",
              "digest" : {
                "alg": "sha-256",
                "value": "n4bQgYhMfWWaL+qgxVrQFaO/TxsrC4Is0V1sFbDwCgg="
              },
              "url": "https://example.com/attachments/pGL9yz4hZQ"
            },
            {
              "desc": "Back of id document",
              "digest" : {
                "alg": "sha-256",
                "value": "/WGgOvT3fYcPwh4F5+gGeAlcktgIz7O1wnnuBMdKyhM="
              },
              "url": "https://example.com/attachments/4Ag8IpOf95"
            }
          ]
        }
      ]
    },
    "claims": {
      "given_name": "Max",
      "family_name": "Meier",
      "birthdate": "1956-01-28",
      "place_of_birth": {
        "country": "DE",
        "locality": "Musterstadt"
      },
      "nationalities": [
        "DE"
      ],
      "address": {
        "locality": "Maxstadt",
        "postal_code": "12344",
        "country": "DE",
        "street_address": "An der Weide 22"
      }
    }
  }
}
