{
  "id": "example_sd_jwt_vc_request",
  "input_descriptors": [
    {
      "id": "identity_credential",
      "format": {
        "dc+sd-jwt": {
          "sd-jwt_alg_values": ["ES256", "ES384"],
          "kb-jwt_alg_values": ["ES256", "ES384"]
        }
      },
      "constraints": {
        "limit_disclosure": "required",
        "fields": [
          {
            "path": ["$.vct"],
            "filter": {
              "type": "string",
              "const": "https://credentials.example.com/identity_credential"
            }
          },
          {
            "path": ["$.family_name"]
          },
          {
            "path": ["$.given_name"]
          }
        ]
      }
    }
  ]
}
