{
  "id": "mDL-sample-req",
  "input_descriptors": [
    {
      "id": "org.iso.18013.5.1.mDL",
      "format": {
        "mso_mdoc": {
          "alg": [
            "EdDSA",
            "ES256"
          ]
        },
      },
      "constraints": {
        "limit_disclosure": "required",
        "fields": [
          {
            "path": [
              "$['org.iso.18013.5.1']['family_name']"
            ],
            "intent_to_retain": false
          },
          {
            "path": [
              "$['org.iso.18013.5.1']['portrait']"
            ],
            "intent_to_retain": false
          },
          {
            "path": [
              "$['org.iso.18013.5.1']['driving_privileges']"
            ],
            "intent_to_retain": false
          },
          {
            "path": [
              "$['domestic_namespace']['domestic_data_element_id']"
            ],
            "intent_to_retain": false
          }
        ]
      }
    }
  ]
}