<?xml version="1.0" encoding="utf-8"?>
<!-- name="GENERATOR" content="github.com/mmarkdown/mmark Mmark Markdown Processor - mmark.miek.nl" -->
<rfc version="3" ipr="none" docName="openid-4-verifiable-credential-issuance-1_0-06" submissionType="IETF" category="std" xml:lang="en" xmlns:xi="http://www.w3.org/2001/XInclude" consensus="true">

<front>
<title abbrev="openid-4-verifiable-credential-issuance">OpenID for Verifiable Credential Issuance</title><seriesInfo value="openid-4-verifiable-credential-issuance-1_0-06" status="standard" name="Internet-Draft"></seriesInfo>
<author initials="T." surname="Lodderstedt" fullname="Torsten Lodderstedt"><organization>yes.com</organization><address><postal><street></street>
</postal><email>torsten@lodderstedt.net</email>
</address></author>
<author initials="K." surname="Yasuda" fullname="Kristina Yasuda"><organization>Microsoft</organization><address><postal><street></street>
</postal><email>kristina.yasuda@microsoft.com</email>
</address></author>
<author initials="T." surname="Looker" fullname="Tobias Looker"><organization>Mattr</organization><address><postal><street></street>
</postal><email>tobias.looker@mattr.global</email>
</address></author>
<date/>
<area>Internet</area>
<workgroup>OpenID Connect</workgroup>
<keyword>security</keyword>
<keyword>openid</keyword>
<keyword>ssi</keyword>

<abstract>
<t>This specification defines an API and corresponding OAuth-based authorization mechanisms for issuance of verifiable credentials. This specification can be combined with OpenID Connect to obtain identity assertions along with verifiable credentials.</t>
</abstract>

</front>

<middle>

<section anchor="introduction"><name>Introduction</name>
<t>This specification defines an API designated as Credential Endpoint and corresponding OAuth-based authorization mechanisms for issuance of verifiable credentials, e.g., in the form of W3C Verifiable Credentials. This allows existing OAuth deployments and OpenID Connect OPs to extend their service and become credential issuers. It also allows new applications built using Verifiable Credentials to utilize OAuth and OpenID Connect as integration and interoperability layer.</t>
<t>OpenID Connect would be an obvious choice for this use case since it already allows Relying Parties to request identity assertions. However, early implementation experience suggests adoption is made easier if the base protocol only focuses on the credential issuance, without mandating certain <xref target="OpenID.Core"></xref> features, such as asserting a stable <tt>sub</tt> values. Thus the working group decided to use OAuth as a base protocol. Deployments can nevertheless provide a combined implementation of OpenID Connect and the Credential Endpoint since OpenID Connect is built on top of OAuth.</t>
<t>Verifiable Credentials are very similar to identity assertions in that they allow an Issuer to assert End-User claims. However, in contrast to the identity assertions, a verifiable credential follows a pre-defined schema (the credential type) and is bound to key material allowing the End-User to prove the legitimate possession of the credential. This allows direct presentation of the credential from the End-User to the RP, without involvement of the credential issuer. This specification caters for those differences.</t>
</section>

<section anchor="terminology"><name>Terminology</name>
<t>Credential</t>
<t>A set of one or more claims made by an issuer (see <xref target="VC_DATA"></xref>). Note that this definition differs from that in <xref target="OpenID.Core"></xref>.</t>
<t>Verifiable Credential (VC)</t>
<t>A verifiable credential is a tamper-evident credential that has authorship that can be cryptographically verified. Verifiable credentials can be used to build verifiable presentations, which can also be cryptographically verified (see <xref target="VC_DATA"></xref>).</t>
<t>Presentation</t>
<t>Data derived from one or more verifiable credentials, issued by one or more issuers, that is shared with a specific verifier (see <xref target="VC_DATA"></xref>).</t>
<t>Verified Presentation (VP)</t>
<t>A verifiable presentation is a tamper-evident presentation encoded in such a way that authorship of the data can be trusted after a process of cryptographic verification. Certain types of verifiable presentations might contain data that is synthesized from, but do not contain, the original verifiable credentials (for example, zero-knowledge proofs) (see <xref target="VC_DATA"></xref>).</t>
<t>W3C Verifiable Credential Objects</t>
<t>Both verifiable credentials and verifiable presentations</t>
<t>Credential Manifests</t>
<t>A resource format that defines preconditional requirements, Issuer style preferences, and other facets User Agents utilize to help articulate and select the inputs necessary for processing and issuance of a specified credential (see <xref target="DIF.CredentialManifest"></xref>).</t>
<t>Deferred Credential Issuance</t>
<t>Issuance of credentials not directly in the response to a credential issuance request, but following a period of time that can be used to perform certain offline business processes.</t>
</section>

<section anchor="use-cases"><name>Use Cases</name>

<section anchor="end-user-initiated-credential-issuance"><name>End-User Initiated Credential Issuance</name>
<t>A user comes across an app where she needs to present a credential, e.g., a bank identity credential. She starts the presentation flow at this app and is sent to her wallet (e.g., via Self-Issued OpenID Provider v2 and OpenID Connect for Verifiable Presentations). The wallet determines the desired credential type(s) from the request and notifies the user that there is currently no matching credential in the wallet. The wallet now offers the user a list of suitable issuers, which might be based on an issuer list curated by the wallet publisher. The user picks one of those issuers and is sent to the issuer's user experience (web site or app). There the user authenticates and is asked for consent to issue the required credential into her wallet. She consents and is sent back to the wallet, where she is informed that a credential was successfully created and stored in the wallet.</t>
</section>

<section anchor="end-user-initiated-credential-issuance-with-on-demand-credential-presentation"><name>End-User Initiated Credential Issuance (with On-Demand Credential Presentation)</name>
<t>A user comes across an app where she needs to present a credential, e.g., a university diploma. She starts the presentation flow at this app and is sent to her wallet (e.g., via Self-Issued OpenID Provider v2 and OpenID Connect for Verifiable Presentations). The wallet determines the desired credential type(s) from the request and notifies the user that there is currently no matching credential in the wallet. The wallet now offers the user a list of suitable issuers, which might be based on an issuer list curated by the wallet publisher. The user picks one of those issuers (her university). The user confirms and is sent to the issuer's user experience (web site or app). The user logs in to the university, which determines that the respective user account is not verified yet. The user is offered to either use a video chat for identification or to fetch a suitable identity credential from her wallet. The user decides to fetch the necessary credential from her wallet and is sent back. In the wallet, she picks a suitable credential and authorizes transfer to the university. The wallet sends her back to the university. Based on the bank identity credential, the university verifies her identity and looks up her data in its database. The university finds her diploma and offers to issue a verifiable credential. The user consents and is sent back to the wallet, where she is informed that a diploma verifiable credential was successfully created and stored in the wallet.</t>
</section>

<section anchor="issuer-initiated-credential-issuance"><name>Issuer-Initiated Credential Issuance</name>
<t>The user browses her university's home page, searching for a way to obtain a digital diploma. She finds the respective page, which shows a link &quot;request your digital diploma&quot;. She clicks on this link and is being sent to her digital wallet. The wallet notifies her that an issuer offered to issue a diploma credential. She confirms this inquiry and is being sent to the university's credential issuance service. She logs in with her university login and is being asked to consent to the creation of a digital diploma. She confirms and is sent back to her wallet. There, she is notified of the successful creation of the digital diploma.</t>
</section>

<section anchor="issuer-initiated-credential-issuance-cross-device-credential-retrieval-only"><name>Issuer-Initiated Credential Issuance (Cross-Device / Credential Retrieval Only)</name>
<t>The user visits the administration office of her university to obtain a digital diploma. The university staff checks her student card and looks up her university diploma in the university's IT system. The office staff then starts the issuance process. The user is asked to scan a QR Code to retrieve the digital diploma. She scans the code with her smartphone, which automatically starts her wallet, where she is notified of the offer to create a digital diploma (the verifiable credential). She consents, which causes the wallet to obtain and store the verifiable credential.</t>
</section>

<section anchor="issuer-initiated-credential-issuance-with-information-pre-submitted-by-the-end-user"><name>Issuer-Initiated Credential Issuance (with information pre-submitted by the End-User)</name>
<t>The user navigates to her university's webpage to obtain a digital diploma where she is asked to scan a QR Code to start the retrieval process. She scans the code with her smartphone, which automatically starts her wallet, where she is notified of the prerequisite to enter a PIN code for security reasons. This code was sent as a text message to her smartphone in the meantime. She enters the PIN and confirms the credential issuance, which causes the wallet to obtain and store the verifiable credential.</t>
</section>

<section anchor="deferred-credential-issuance"><name>Deferred Credential Issuance</name>
<t>The user wants to obtain a digital criminal record certificate. She starts the journey in her wallet and is sent to the issuer service of the responsible government authority. She logs in with her eID and requests the issuance of the certificate. She is notified that the issuance of the certificate will take a couple of days due to necessary background checks by the authority. She confirms and is sent back to the wallet. The wallet shows a hint in the credential list indicating that issuance of the digital criminal record certificate is under way. A few days later, she receives a notification from her wallet app telling her that the certificate was successfully issued. She opens her wallet, where she is asked after startup whether she wants to download the certificate. She confirms and the new credential is retrieved and stored in her wallet.</t>
</section>
</section>

<section anchor="requirements"><name>Requirements</name>
<t>This section describes the requirements this specification aims to fulfill beyond the use cases described above.</t>

<ul>
<li><t>Proof of possession of key material</t>

<ul>
<li><t>Support all kinds of proofs (e.g., signatures, blinded proofs) but also issuance w/o proof</t>
</li>
<li><t>The proof mechanisms shall be complementary to OAuth/OpenID Connect mechanisms for request signatures, client authentication, and PoP to allow for its parallel usage.</t>
</li>
</ul></li>
<li><t>It shall be possible to request a single credential as well to request multiple credentials in the same request. Examples of the latter include:</t>

<ul>
<li><t>credentials containing different claims for the same user (micro/mono credentials) bound to the same key material</t>
</li>
<li><t>batch issuance of multiple credentials of the same type bound to different key material (see mDL)</t>
</li>
</ul></li>
<li><t>It shall be possible to issue multiple credentials based on same consent (e.g., different formats and/or keys - <tt>did:key</tt> followed by <tt>did:ebsi</tt>)</t>
</li>
<li><t>Support for deferred issuance of credentials</t>
</li>
<li><t>User authentication and identification</t>

<ul>
<li><t>Issuer shall be able to dynamically obtain further data and be able to authenticate the user at their discretion</t>
</li>
<li><t>Application used by the End-User shall be able to pass existing credentials (as presentations) or identity assertions to the issuance flow</t>
</li>
<li><t>Assisted flow (utilizing credential manifest)</t>
</li>
<li><t>Presentations/assertions must be protected against replay</t>
</li>
</ul></li>
<li><t>It shall be possible to request standard OpenID Connect claims and credentials in the same flow (to implement wallet onboarding, see EBSI/ESSIF onboarding)</t>
</li>
<li><t>Support for Credential metadata (Application used by the End-User shall be able to determine the types of credentials an issuer is able to issue)</t>
</li>
<li><t>Ensure OAuth 2.0 Authorization Server is authoritative for respective credential issuer (OP (OpenID Connect issuer URL) &lt;-&gt; Issuer ID (DID))</t>
</li>
<li><t>Incorporate/utilize existing specs</t>

<ul>
<li><t>W3C VC HTTP API(?)</t>
</li>
<li><t>DIF Credential manifest(?)</t>
</li>
</ul></li>
</ul>
</section>

<section anchor="overview"><name>Overview</name>
<t>This specification defines the following mechanisms to allow wallet applications (acting as OAuth and Credential Issuance API clients) used by the End-User to request credential issuers (acting as OAuth Authorization Servers and Credential Issuance API providers) to issue Verifiable Credentials via the Credential Issuance API:</t>

<ul>
<li><t>An optional mechanism to pre-obtain a Credential Manifest</t>
</li>
<li><t>An extended authorization request syntax that allows to request credential types to be issued</t>
</li>
<li><t>Ability to bind an issued credential to a proof submitted by the Client</t>
</li>
<li><t>A newly defined Credential Endpoint from which credentials can be issued one at a time</t>
</li>
<li><t>A mechanism that allows issuance of multiple credentials of same or different type  (<tt>c_nonce</tt>)</t>
</li>
<li><t>A mechanism for the Deferred Credential Issuance (<tt>acceptance_token</tt>)</t>
</li>
</ul>
<t>The following figure shows the overall flow.</t>
<figure><name>Overall Credential Issuance Flow
</name>
<sourcecode type="ascii-art">+--------------+   +-----------+                                         +-------------+
| User         |   |   Wallet  |                                         |   Issuer    |
+--------------+   +-----------+                                         +-------------+
        |                |             interact                                 |  
        |----------------------------------------------------------------------&gt;|
        |                |          (1) initiate issuance                       |
        |                |&lt;-----------------------------------------------------|        
        |    interacts   |                                                      |
        |---------------&gt;|                                                      |
        |                |  (2) [opt] obtain credential manifest                |
        |                |-----------------------------------------------------&gt;|
        |                |              credential manifest                     |
        |                |&lt;-----------------------------------------------------|
        |                |                                                      |
        |                |  (4) authorization req (claims, [opt] input, etc. )  |
        |                |-----------------------------------------------------&gt;|
        |                |                                                      |
        |     (4.1) User Login                                                  |
        |                |                                                      |
        |                |  (4.2) [opt] request additional VCs (OIDC4VP)        |
        |                |&lt;-----------------------------------------------------| 
        |                |                                                      |
    (4.2.1) [opt] User selects credentials                                      |
        |                |                                                      |
        |                |  (4.2.2) VCs in Verifiable Presentations             |
        |                |-----------------------------------------------------&gt;| 
        |                |                                                      |
        |   (4.3) User consents to credential issuance                          |
        |                |                                                      |
        |                |  (5) authorization res (code)                        |
        |                |&lt;-----------------------------------------------------|
        |                |                                                      |
        |                |  (6) token req (code)                                |
        |                |-----------------------------------------------------&gt;| 
        |                |      access_token, id_token                          |
        |                |&lt;-----------------------------------------------------|    
        |                |                                                      |
        |                |  (7) credential req (access_token, proofs, ...)      |
        |                |-----------------------------------------------------&gt;| 
        |                |      credential req (credentials OR acceptance_token)|
        |                |&lt;-----------------------------------------------------|   
        |                |                                                      |
        |                |  (8) [opt] poll_credentials (acceptance_token)       |
        |                |-----------------------------------------------------&gt;| 
        |                |      credentials OR not_ready_yet                    |
        |                |&lt;-----------------------------------------------------|          
</sourcecode>
</figure>
<t>This flow is based on OAuth and the code grant type. Use with other grant types, such as CIBA, will be possible as well.</t>
<t>The starting point is an interaction of the user with her wallet. The user might, for example,</t>

<ul>
<li><t>want to present a credential and found out there is no suitable credential present in her wallet or</t>
</li>
<li><t>have visited the web site of a Credential Issuer and wants to obtain a credential from that issuer.</t>
</li>
</ul>
<t>(1) (OPTIONAL) The issuer sends a request to the wallet to initiate the issuance flow. This request contains information about the
credential(s) the End-User wants to obtain from that issuer, e.g., in the form of credential manifest IDs or credential types, and
further data, e.g., hints about the user when the user is already logged in with the Issuer.</t>
<t>(2) (OPTIONAL) obtain credential manifest (as defined in <xref target="DIF.CredentialManifest"></xref>) from the issuer with an information of which Verifiable Credentials the Issuer can issue, and optionally what kind of input from the user the Issuer requires to issue that credential.</t>
<t>Note: The wallet MAY also obtain the information about the credential issuer's capabilities using other means, which is out of scope of this specification.</t>
<t>(4) In this step, the wallet sends an authorization request to the issuer. This request determines
the types of verifiable credentials the wallet (on behalf of the user) wants to obtain.</t>
<t>The wallet SHOULD use a pushed authorization request (see <xref target="RFC9126"></xref>) to first send the payload of
the authorization request to the issuer and subsequently use the <tt>request_uri</tt> returned by the issuer in the authorization
request. This ensures integrity and confidentiality of the request data and prevents any issues raised by URL length restrictions
regarding the authorization request URL.</t>
<t>Note: Signed and encrypted request objects would also ensure integrity and confidentiality. However, this approach would further
increase the URL size, which might decrease robustness of the process.</t>
<t>The issuer takes over user interface control at this point and interacts with the user. The implementation of
this step is at the discretion of the issuer.</t>
<t>(4.1)  The issuer will typically authenticate the user in the first step of this process. For this purpose,
the issuer might use a local or federated login, potentially informed by an <tt>id_token_hint</tt> (see <xref target="OpenID.Core"></xref>).</t>
<t>(4.2) (OPTIONAL) The issuers MAY call back to the wallet to fetch verifiable credentials it needs as
prerequisite to issuing the requested credentials. The decision of what credentials are requested may depend
on the user identity determined in step 4.1.</t>
<t>From a protocol perspective, the issuers acts now as verifier and sends a request as defined in OpenID Connect for Verifiable Presentations
<xref target="OIDC4VP"></xref> to the wallet.</t>
<t>(4.2.1) (CONDITIONAL) The wallet shows the content of the presentation request to the user. The user selects the
appropriate credentials and consents.</t>
<t>(4.2.2) (CONDITIONAL) The wallet responds with one or more verifiable presentations to the issuer.</t>
<t>(4.3) The issuer asks the user for consent to issue the requested credentials.</t>
<t>(5) The issuer responds with an authorization code to the wallet.</t>
<t>(6) The wallet exchanges the authorization code for an Access Token and an ID Token.</t>
<t>(7) This Access Token is used to request the issuance of the actual credentials. The types of credentials the
wallet can request is limited to the types approved in the authorization request in (5). The credential request
passes the key material the respective credential shall be bound to. If required by the issuer, the wallet also passes a
proof of possession for the key material. This proof of possession uses the SHA-256 hash of the Access Token
as cryptographic nonce. This ensures replay protection of the proofs. The format of key material and proof of
possession depends upon the proof scheme and is expressed in a polymorphic manner at the protocol level.</t>
<t>The Issuer will either directly respond with the credentials or issue an Acceptance Token, which
is used by the wallet to poll for completion of the issuance process.</t>
<t>(8) (OPTIONAL) The wallet polls the issuer to obtain the credentials previously requested in
step (6). The issuer either responds with the credentials or HTTP status code &quot;202&quot; indicating
that the issuance is not completed yet.</t>
<t>Note: If the issuer just wants to offer the user to retrieve a pre-existing credential, it can
encode the parameter set of step (6) in a suitable representation and allow the wallet to start
with step (6). One option would be to encode the data into a QR Code.</t>
</section>

<section anchor="endpoints"><name>Endpoints</name>

<section anchor="overview-1"><name>Overview</name>
<t>This specification defines new endpoints as well as additional parameters to existing OAuth endpoints required to implement the protocol outlined in the previous section. It also introduces a new authorization details type according to <xref target="I-D.ietf-oauth-rar"></xref> to convey the details about the credentials the wallet wants to obtain. Aspects not defined in this specification are expected to follow <xref target="RFC6749"></xref>. it is RECOMMENDED to use PKCE as defined in <xref target="RFC7636"></xref> to prevent authorization code interception attacks.</t>
<t>There are the following new endpoints:</t>

<ul>
<li><t>Issuance Initiation Endpoint: An endpoint exposed by the wallet that allows an issuer to initiate the issuance flow</t>
</li>
<li><t>Credential Endpoint: this is the OAuth-protected API to issue verifiable credentials</t>
</li>
<li><t>Deferred Credential Endpoint: this endpoint is used for deferred issuance of verifiable credentials</t>
</li>
</ul>
<t>The following endpoints are extended:</t>

<ul>
<li><t>Client Metadata: new metadata parameter is added to allow a wallet (acting as OAuth client) to publish its issuance initiation endpoint.</t>
</li>
<li><t>Server Metadata: New metadata parameters are added to allow the client to determine what types of verifiable credentials a particular OAuth 2.0 Authorization Server is able to issue along with additional information about formats and prerequisites.</t>
</li>
<li><t>Authorization Endpoint: The <tt>authorization_details</tt> parameter is extended to allow clients to specify types of the credentials when requesting authorization for issuance. These extension can also be used via the Pushed Authorization Endpoint, which is recommended by this specification.</t>
</li>
<li><t>Token Endpoint: optional parameters are added to the token endpoint to provide the client with a nonce to be used for proof of possession of key material in a subsequent request to the credential endpoint.</t>
</li>
</ul>
</section>

<section anchor="client-metadata"><name>Client Metadata</name>
<t>This specification defines the following new Client Metadata parameter in addition to <xref target="RFC7591"></xref> for wallets acting as OAuth client:</t>

<ul>
<li><t><tt>initiate_issuance_endpoint</tt>: OPTIONAL. URL of the issuance initation endpoint of a wallet.</t>
</li>
</ul>
<t>If the issuer is unable to perform discovery of the Issuance Initiation Endpoint URL, the following static URL is used: <tt>openid_initiate_issuance:</tt>.</t>
</section>

<section anchor="server-metadata"><name>Server Metadata</name>
<t>This section extends the server metadata <xref target="RFC8414"></xref> to allow the RP to obtain information about the credentials an OP is capable of issuing.</t>
<t>This specification defines the following new Server Metadata parameters for this purpose:</t>

<ul>
<li><t><tt>credential_endpoint</tt>: REQUIRED. URL of the OP's Credential Endpoint. This URL MUST use the <tt>https</tt> scheme and MAY contain port, path and query parameter components.</t>
</li>
</ul>
<t>The following parameter MUST be used to communicates the specifics of the credential that the issuer supports issuance of:
* <tt>credentials_supported</tt>: REQUIRED. A JSON object containing a list of key value pairs, where the key is a string serving as an abstract identifier of the credential. This identifier is RECOMMENDED to be collision resistant - it can be globally unique, but does not have to be when naming conflicts are unlikely to arise in a given use case. The value is a JSON object. The JSON object MUST conform to the structure of the <xref target="credential-metadata-object"></xref>.</t>

<ul>
<li><t><tt>credential_issuer</tt>: OPTIONAL. A JSON object containing display properties for the credential issuer.</t>

<ul>
<li><t><tt>display</tt>: OPTIONAL. An array of objects, where each object contains display properties of a credential issuer for a certain language. Below is a non-exhaustive list of valid parameters that MAY be included:</t>
</li>
<li><t><tt>name</tt>: OPTIONAL. String value of a display name for the credential issuer.</t>
</li>
<li><t><tt>locale</tt>: OPTIONAL. String value that identifies language of this object represented as language tag values defined in BCP47 <xref target="RFC5646"></xref>. There MUST be only one object with the same language identifier</t>
</li>
</ul></li>
</ul>

<section anchor="credential-metadata-object"><name>Credential Metadata Object</name>
<t>This section defines the structure of the object that appears as the value to the keys inside the object defined for the <tt>credentials_supported</tt> metadata element.</t>

<ul>
<li><t><tt>display</tt>: OPTIONAL. An array of objects, where each object contains display properties of a certain credential for a certain language. The following is a non-exhaustive list of parameters that MAY be included. Note that the display name of the credential is obtained from <tt>display.name</tt> and individual claim names from <tt>claims.display.name</tt> values.</t>

<ul>
<li><t><tt>name</tt>: REQUIRED. String value of a display name for the credential.</t>
</li>
<li><t><tt>locale</tt>: OPTIONAL. String value that identifies language of this display object represented as language tag values defined in BCP47 <xref target="RFC5646"></xref>. Multiple <tt>display</tt> objects may be included for separate languages. There MUST be only one object with the same language identifier.</t>
</li>
<li><t><tt>logo</tt>: OPTIONAL. A JSON object with information about the logo of the credential with a following non-exhaustive list of parameters that MAY be included:</t>
</li>
<li><t><tt>url</tt>: OPTIONAL. URL where the wallet can obtain a logo of the credential issuer.</t>
</li>
<li><t><tt>alt_text</tt>: OPTIONAL. String value of an alternative text of a logo image.</t>
</li>
<li><t><tt>description</tt>: OPTIONAL. String value of a description of the credential.</t>
</li>
<li><t><tt>background_color</tt>: OPTIONAL. String value of a background color of the credential represented as numerical color values defined in CSS Color Module Level 37 <xref target="CSS-Color"></xref>.</t>
</li>
<li><t><tt>text_color</tt>: OPTIONAL. String value of a text color of the credential represented as numerical color values defined in CSS Color Module Level 37 <xref target="CSS-Color"></xref>.</t>
</li>
</ul></li>
<li><t><tt>formats</tt>: REQUIRED. A JSON object containing a list of key value pairs, where the key is a string identifying the format of the credential. Below is a non-exhaustive list of valid key values defined by this specification:</t>

<ul>
<li><t>Claim Format Designations defined in <xref target="DIF.PresentationExchange"></xref>, such as <tt>jwt_vc</tt> and <tt>ldp_vc</tt></t>
</li>
<li><t><tt>mdl_iso</tt>: defined in this specification to express a mobile driving licence (mDL) credential compliant to a data model and data sets defined in ISO/IEC 18013-5:2021 specification.</t>
</li>
<li><t><tt>ac_vc</tt>: defined in this specificaiton to express an AnonCreds credential format defined as part of the Hyperledger Indy project [Hyperledger.Indy].</t>
</li>
</ul></li>
</ul>
<t>The value in a key value pair is a JSON object detailing the specifics about the support for the credential format with a following non-exhaustive list of parameters that MAY be included:
  * <tt>types</tt>: REQUIRED. Array of strings representing a format specific type of a credential. This value corresponds to <tt>type</tt> in W3C <xref target="VC_DATA"></xref> and a <tt>doctype</tt> in ISO/IEC 18013-5 (mobile Driving License).
  * <tt>cryptographic_binding_methods_supported</tt>: OPTIONAL. Array of case sensitive strings that identify how the credential is bound to the identifier of the End-User who possesses the credential as defined in <xref target="credential-binding"></xref>. A non-exhaustive list of valid values defined by this specification are <tt>did</tt>, <tt>mso</tt>, and <tt>none</tt>.
  * <tt>cryptographic_suites_supported</tt>: OPTIONAL. Array of case sensitive strings that identify the cryptographic suites that are supported for the <tt>cryptographic_binding_methods_supported</tt>. Cryptosuites for credentials in <tt>jwt_vc</tt> format should use algorithm names defined in <eref target="https://www.iana.org/assignments/jose/jose.xhtml#web-signature-encryption-algorithms">IANA JOSE Algorithms Registry</eref>. Cryptosuites for credentials in <tt>ldp_vc</tt> format should use signature suites names defined in <eref target="https://w3c-ccg.github.io/ld-cryptosuite-registry/">Linked Data Cryptographic Suite Registry</eref>.</t>

<ul>
<li><t><tt>claims</tt>: REQUIRED. A JSON object containing a list of key value pairs, where the key identifies the claim offered in the credential. The value is a JSON object detailing the specifics about the support for the claim with a following non-exhaustive list of parameters that MAY be included:</t>

<ul>
<li><t><tt>mandatory</tt>: OPTIONAL. Boolean which when set to <tt>true</tt> indicates the claim MUST be present in the issued credential. If the <tt>mandatory</tt> property is omitted its default should be assumed to be <tt>false</tt>.</t>
</li>
<li><t><tt>namespace</tt>: OPTIONAL. String value of a namespace that the claim belongs to. Relevant for ISO/IEC 18013-5 (mobile Driving License) specification.</t>
</li>
<li><t><tt>value_type</tt>: OPTIONAL. String value determining type of value of the claim. A non-exhaustive list of valid values defined by this specification are <tt>string</tt>, <tt>number</tt>, and image media types such as <tt>image/jpeg</tt> as defined in IANA media type registry for images (<eref target="https://www.iana.org/assignments/media-types/media-types.xhtml#image">https://www.iana.org/assignments/media-types/media-types.xhtml#image</eref>).</t>
</li>
<li><t><tt>display</tt>: OPTIONAL. An array of objects, where each object contains display properties of a certain claim in the credential for a certain language. Below is a non-exhaustive list of valid parameters that MAY be included:</t>
</li>
<li><t><tt>name</tt>: OPTIONAL. String value of a display name for the claim.</t>
</li>
<li><t><tt>locale</tt>: OPTIONAL. String value that identifies language of this object represented as language tag values defined in BCP47 <xref target="RFC5646"></xref>. There MUST be only one object with the same language identifier.</t>
</li>
</ul></li>
</ul>
<t>It is dependent on the credential format where the requested claims will appear.</t>
<t>The following example shows a non-normative example of the relevant entries in the OP metadata defined above</t>

<artwork>  HTTP/1.1 200 OK
  Content-Type: application/json

 {
  &quot;credential_endpoint&quot;: &quot;https://server.example.com/credential&quot;,
  &quot;credentials_supported&quot;: {
    &quot;university_degree&quot; : {
      &quot;display&quot;: [
        {
          &quot;name&quot;: &quot;University Credential&quot;,
          &quot;locale&quot;: &quot;en-US&quot;,
          &quot;logo&quot;: {
            &quot;url&quot;: &quot;https://exampleuniversity.com/public/logo.png&quot;,
            &quot;alternative_text&quot;: &quot;a square logo of a university&quot;
          },
          &quot;background_color&quot;: &quot;#12107c&quot;,
          &quot;text_color&quot;: &quot;#FFFFFF&quot;
        },
        {
          &quot;name&quot;: &quot;在籍証明書&quot;,
          &quot;locale&quot;: &quot;jp-JA&quot;,
          &quot;logo&quot;: {
            &quot;url&quot;: &quot;https://exampleuniversity.com/public/logo.png&quot;,
            &quot;alternative_text&quot;: &quot;大学のロゴ&quot;
          },
          &quot;background_color&quot;: &quot;#12107c&quot;,
          &quot;text_color&quot;: &quot;#FFFFFF&quot;
        }
      ],
      &quot;formats&quot;: {
        &quot;ldp_vc&quot;: {
          &quot;types&quot;: [ &quot;VerifiableCredential&quot;, &quot;UniversityDegreeCredential&quot; ],
          &quot;binding_methods_supported&quot;: [ &quot;did&quot; ],
          &quot;proof_types_supported&quot;: [ &quot;Ed25519Signature2018&quot; ]
        }
      },
      &quot;claims&quot;: {
        &quot;given_name&quot;: {
          &quot;mandatory&quot;: false,
          &quot;display&quot;: [
              {
              `name`: `Given Name`,
              `locale`: `en-US`
            },
            {
              `name`: `名前`,
              `locale`: `jp-JA`
            }
          ]  
        },
        &quot;last_name&quot;: {},
        &quot;degree&quot;: {},
        &quot;gpa&quot;: {
          &quot;mandatory&quot;: false,
          &quot;value_type&quot;: &quot;number&quot;,
            &quot;display&quot;: [
              {
              `name`: `GPA`
              }
          ]
        }
      }
    },
    &quot;credential_issuer&quot;: {
      &quot;display&quot;: [
        {
          `name`: `Example University`,
          `locale`: `en-US`
        },
        {
          `name`: `サンプル大学`,
          `locale`: `jp-JA`
        }
      ]  
    }
  }
</artwork>
<t>Note: The Client MAY use other mechanisms to obtain information about the verifiable credentials that an Issuer can issue.</t>
</section>
</section>

<section anchor="issuance-initiation-endpoint"><name>Issuance Initiation Endpoint</name>
<t>This endpoint is used by an issuer in case it is already in an interaction with a user that wishes to initate a credential issuance. It is used to pass available
information relevant for the credential issuance to ensure a convenient and secure process.</t>

<section anchor="issuance_initiation_request"><name>Issuance Initiation Request</name>
<t>The issuer (or any other party wishing to kickstart an issuance into a certain wallet) sends the request as a HTTP GET request or a HTTP redirect to the Issuance Initiation Endpoint URL.</t>
<t>The following request parameters are defined:</t>

<ul>
<li><t><tt>issuer</tt>: REQUIRED. The issuer URL of the credential issuer, the wallet is requested to obtain one or more credentials from.</t>
</li>
<li><t><tt>credential_type</tt>: CONDITIONAL. A JSON string denoting the type of the credential the wallet shall request. MUST be present if <tt>manifest_id</tt> is not present.</t>
</li>
<li><t><tt>manifest_id</tt>: CONDITIONAL. A JSON String  refering to a credential manifests published by the credential issuer. MUST be present if <tt>credential_type</tt> is not present.</t>
</li>
<li><t><tt>op_state</tt>: OPTIONAL. String value created by the Credential Issuer and opaque to the wallet that is used to bind the sub-sequent authentication request with the Credential Issuer to a context set up during previous steps. If the client receives a value for this parameter, it MUST include it in the subsequent Authentication Request to the Credential Issuer as the <tt>op_state</tt> parameter value.<br />
</t>
</li>
</ul>
<t>The following is a non-normative example:</t>

<artwork>  GET /initiate_issuance?
    issuer=https%3A%2F%2Fserver%2Eexample%2Ecom
    &amp;credential_type=https%3A%2F%2Fdid%2Eexample%2Eorg%2FhealthCard 
    &amp;op_state=eyJhbGciOiJSU0Et...FYUaBy
</artwork>
<t>The issuer MAY also render a QR code containing the request data in order to allow the user to scan the request using her wallet app.</t>
<t>The wallet MUST consider the parameter values in the initiation request as not trustworthy since the origin is not authenticated and the message
integrity is not protected. The Wallet MUST apply the same checks on the issuer that it would apply when the flow is started from the Wallet itself since the issuer is not trustworthy just because it sent the initiation request. An attacker might attempt to use an initation request to conduct a phishing or injection attack.</t>
<t>The wallet MUST NOT accept credentials just because this mechanism was used. All protocol steps defined in this draft MUST be performed in the same way as if
the wallet would have started the flow.</t>
<t>The wallet MUST be able to process multiple occurences of the URL query parameters <tt>credential_type</tt> and/or <tt>manifest_id</tt>. Multiple occurences MUST be
treated as multiple values of the respective parameter.</t>
<t>The AS MUST ensure the release of any privacy-sensitive data is legally based (e.g., if passing an e-mail address in the <tt>login_hint</tt> parameter).</t>
</section>

<section anchor="issuance-initiation-response"><name>Issuance Initiation Response</name>
<t>The wallet is not supposed to create a response. UX control stays with the wallet after completion of the process.</t>
</section>
</section>

<section anchor="authorization-endpoint"><name>Authorization Endpoint</name>
<t>The Authorization Endpoint is used in the same manner as defined in <xref target="RFC6749"></xref> taking into account the recommendations given in <xref target="I-D.ietf-oauth-security-topics"></xref> and utilizes <xref target="I-D.ietf-oauth-rar"></xref>.</t>
<t>In addition to the required basic Authorization Request, this section also defines how pushed authorization requests can be used to protect the authorization request payload and when the requests become large.</t>

<section anchor="authorization-details"><name><tt>authorization_details</tt> Request Parameter</name>
<t>Request parameter <tt>authorization_type</tt> defined in Section 2 of <xref target="I-D.ietf-oauth-rar"></xref> MUST be used to convey the details about the credentials the wallet wants to obtain. This specification introduces a new authorization details type <tt>openid_credential</tt> and defines the following elements to be used with this authorization details type:</t>

<ul>
<li><t><tt>type</tt> REQUIRED. JSON string that determines the authorization details type. MUST be set to <tt>openid_credential</tt> for the purpose of this specification.</t>
</li>
<li><t><tt>credential_type</tt>: CONDITIONAL. JSON string denoting the type of the requested credential. MUST be present if <tt>manifest_id</tt> is not present.</t>
</li>
<li><t><tt>manifest_id</tt>: CONDITIONAL. JSON String referring to a credential manifest published by the credential issuer. MUST be present if <tt>type</tt> is not present.</t>
</li>
<li><t><tt>format</tt>: OPTIONAL. JSON string representing a format in which the credential is requested to be issued. Valid values are defined in the table in Section 6.7.3. and include <tt>jwt_vp</tt> and <tt>ldp_vp</tt>. Formats identifiers not in the table, MAY be defined by the profiles of this specification.</t>
</li>
<li><t><tt>locations</tt>: OPTIONAL. An array of strings that allows a client to specify the location of the resource server(s) allowing the AS to mint audience restricted access tokens. This data field is predefined in Section 2.2 of (<xref target="I-D.ietf-oauth-rar"></xref>).</t>
</li>
</ul>
<t>Note: <tt>credential_type</tt> and <tt>format</tt> are used when the Client has not pre-obtained a Credential Manifest. <tt>manifest_id</tt> is used when the Client has pre-obtained a Credential Manifest. These two approaches MAY be combined in one request in different authorization details objects.</t>
<t>Note: The <tt>credential_application</tt> element defined in <xref target="DIF.CredentialManifest"></xref> is not required by this specification.</t>
<t>Note: Passing the <tt>format</tt> to the authorization request is informational and allows the credential issuer to refuse early in case it does not support the requested format/credential combination. The client MAY request issuance of credentials in other formats as well later in the process at the credential endpoint.</t>
<t>[TBD: <tt>locations</tt> could enable a single authorization server to authorize access to different credential endpoints. Might be an architectural option we want to pursue.]</t>
<t>A non-normative example of an <tt>authorization_details</tt> object.</t>

<sourcecode type="json=">{
   &quot;type&quot;:&quot;openid_credential&quot;,
   &quot;credential_type&quot;:&quot;https://did.example.org/healthCard&quot;,
   &quot;format&quot;:&quot;ldp_vc&quot;
}
</sourcecode>
<t>Note: applications MAY combine <tt>openid_credential</tt> with any other authorization details type in an authorization request.</t>
</section>

<section anchor="credential-request"><name>Credential Authorization Request</name>
<t>A credential authorization request is an OAuth Authorization request as defined in section 4.1.1 of <xref target="RFC6749"></xref>, which requests to grant access to the credential endpoint as defined in <xref target="credential-endpoint"></xref>. It also follows the recommendations given in <xref target="I-D.ietf-oauth-security-topics"></xref>.</t>
<t>There are two possible ways to make a credential authorization request. One way is to use of the <tt>authorization_details</tt> request parameter as defined in <xref target="authorization-details"></xref> with one or more authorization details objects of type <tt>openid_credential</tt>. The other is through the use of scopes as defined in <xref target="credential-request-using-type-specific-scope"></xref>.</t>
<t>A non-normative example of a credential authorization request using the <tt>authorization_details</tt> parameter  (uses PKCE as defined in <xref target="RFC7636"></xref>) (with line wraps within values for display purposes only).</t>

<artwork>HTTP/1.1 302 Found
Location: https://server.example.com/authorize?
  response_type=code
  &amp;client_id=s6BhdRkqt3
  &amp;code_challenge=E9Melhoa2OwvFrEMTJguCHaoeK1t8URWbuGJSstw-cM
  &amp;code_challenge_method=S256
  &amp;authorization_details=%5B%7B%22type%22:%22openid_credential%22,%22credential_type
  %22:%22https://did.example.org/healthCard%22,%22format%22:%22ldp_vc%22%7D,%7B%22ty
  pe%22:%22openid_credential%22,%22credential_type%22:%22https://did.example.org/mDL
  %22%7D%5D
  &amp;redirect_uri=https%3A%2F%2Fclient.example.org%2Fcb
</artwork>
<t>This particiular non-normative example requests authorization to issue two different credentials:</t>

<sourcecode type="json=">[
   {
      &quot;type&quot;:&quot;openid_credential&quot;,
      &quot;credential_type&quot;:&quot;https://did.example.org/healthCard&quot;,
      &quot;format&quot;:&quot;ldp_vc&quot;
   },
   {
      &quot;type&quot;:&quot;openid_credential&quot;,
      &quot;credential_type&quot;:&quot;https://did.example.org/mDL&quot;
   }
]
</sourcecode>
<t>This non-normative example shows a credential authorization request which is also a OpenID Connect authentication request  (uses PKCE as defined in <xref target="RFC7636"></xref>).</t>

<artwork>HTTP/1.1 302 Found
Location: https://server.example.com/authorize?
  response_type=code
  &amp;client_id=s6BhdRkqt3
  &amp;code_challenge=E9Melhoa2OwvFrEMTJguCHaoeK1t8URWbuGJSstw-cM
  &amp;code_challenge_method=S256
  &amp;scope=openid%20email
  &amp;authorization_details=%5B%7B%22type%22:%22openid_credential%...7D%5D
  &amp;redirect_uri=https%3A%2F%2Fclient.example.org%2Fcb
</artwork>

<section anchor="credential-request-using-type-specific-scope"><name>Credential Authorization Request using Type Specific Scope</name>
<t>An alternative credential request syntax to that defined in <xref target="credential-request"></xref> involves using an OAuth2 scope following the syntax defined below.</t>

<artwork>openid_credential:&lt;credential-type&gt;
</artwork>
<t>The value of <tt>&lt;credential-type&gt;</tt> indicates the type of credential being requested, providers who do not understand the value of this scope in a request MUST ignore it entirely. The presence of a scope following this syntax in the request MUST be interpreted by the provider as a request for access to the credential endpoint as defined in <xref target="credential-endpoint"></xref> for the specific credential type. Multiple occurrences of this scope MAY be present in a single request whereby each occurrence MUST be interpreted individually.</t>
<t>A non-normative example of a credential request scoped to a specific credential type (uses PKCE as defined in <xref target="RFC7636"></xref>).</t>

<artwork>HTTP/1.1 302 Found
Location: https://server.example.com/authorize?
  response_type=code
  &amp;scope=openid_credential:healthCard
  &amp;client_id=s6BhdRkqt3
  &amp;code_challenge=E9Melhoa2OwvFrEMTJguCHaoeK1t8URWbuGJSstw-cM
  &amp;code_challenge_method=S256
  &amp;redirect_uri=https%3A%2F%2Fclient.example.org%2Fcb
</artwork>
<t>If a scope <tt>openid_credential:&lt;credential-type&gt;</tt> and the <tt>authorization_details</tt> request parameter containing objects of type <tt>openid_credential</tt> are both present in a single request, the provider MUST interpret these individually. However, if both request the same credential type, than the Issuer MUST follow the request as given by the authorization details object.</t>
</section>

<section anchor="additional-request-parameters"><name>Additional Request Parameters</name>
<t>This specification defines the following additional request parameters that can be supplied in any credential authorization request:</t>

<ul>
<li><t><tt>wallet_issuer</tt>: OPTIONAL. JSON String containing the wallet's OpenID Connect Issuer URL. The Issuer will use the discovery process as defined in <xref target="SIOPv2"></xref> to determine the wallet's capabilities and endpoints. RECOMMENDED in Dynamic Credential Request.</t>
</li>
<li><t><tt>user_hint</tt>: OPTIONAL. JSON String containing an opaque user hint the wallet MAY use in sub-sequent callbacks to optimize the user's experience. RECOMMENDED in Dynamic Credential Request.</t>
</li>
<li><t><tt>op_state</tt>: OPTIONAL. String value identifying a certain processing context at the credential issuer. A value for this parameter is typically passed in an issuance initation request from the issuer to the wallet (see (<xref target="issuance_initiation_request"></xref>). This request parameter is used to pass the <tt>op_state</tt> value back to the credential issuer.</t>
</li>
</ul>
<t>Note: When processing the authorization request, the issuer MUST take into account that the <tt>op_state</tt> is not guaranteed to originate from this issuer. It could have been injected by an attacker.</t>
</section>

<section anchor="pushed-authorization-request"><name>Pushed Authorization Request</name>
<t>Use of Pushed Authorization Requests is RECOMMENDED to ensure confidentiality, integrity, and authenticity of the request data and to avoid issues due to large requests due to the query language or if message level encryption is used.</t>
<t>Below is a non-normative example of a Pushed Authorization Request  (uses PKCE as defined in <xref target="RFC7636"></xref>):</t>

<artwork>POST /op/par HTTP/1.1
    Host: as.example.com
    Content-Type: application/x-www-form-urlencoded

    &amp;response_type=code
    &amp;client_id=CLIENT1234
    &amp;code_challenge=E9Melhoa2OwvFrEMTJguCHaoeK1t8URWbuGJSstw-cM
    &amp;code_challenge_method=S256
    &amp;redirect_uri=https%3A%2F%2Fclient.example.org%2Fcb
    &amp;authorization_details=...
</artwork>
<t>Below is a non-normative example of a <tt>authorization_details</tt> parameter with <tt>manifest_id</tt>:</t>

<sourcecode type="json=">{
   &quot;type&quot;:&quot;openid_credential&quot;,
   &quot;manifest_id&quot;:&quot;WA-DL-CLASS-A&quot;,
   &quot;format&quot;:&quot;jwt_vc&quot;
}
</sourcecode>
</section>

<section anchor="dynamic-credential-request"><name>Dynamic Credential Request</name>
<t>This step is OPTIONAL. After receiving an Authorization Request from the Client, the Issuer MAY use this step to obtain additional credentials from the End-User.</t>
<t>The Issuer MUST utilize <xref target="OIDC4VP"></xref> and <xref target="SIOPv2"></xref> to dynamically request additional credentials. From a protocol perspective, the Issuer acts now as a verifier and sends a presentation request to the wallet. The Client MUST have these credentials obtained prior to initiating a transaction with this Issuer.</t>
<t>This provides the benefit of the Issuer being able to adhere to the principle of data minimization, for example by including only minimum requirements in the Credential Manifest knowing that it can supplement additional information if needed.</t>
<t>To enable dynamic callbacks of the issuer to the end-user's wallet, the wallet MAY provide additional parameters <tt>wallet_issuer</tt> and <tt>user_hint</tt> defined in the Authorization Request section of this specification.</t>
<t>For non-normative examples of request and response, see section 11.6 in <xref target="OIDC4VP"></xref>.</t>
<t>Note to the editors: need to sort out credential issuer's client_id with wallet and potentially add example with <tt>wallet_issuer</tt> and <tt>user_hint</tt></t>
</section>
</section>

<section anchor="successful-authorization-response"><name>Successful Authorization Response</name>
<t>Authentication Responses MUST be made as defined in <xref target="RFC6749"></xref>.</t>
<t>Below is a non-normative example of a successful Authentication Response:</t>

<artwork>HTTP/1.1 302 Found
  Location: https://wallet.example.org/cb?
    code=SplxlOBeZQQYbYS6WxSbIA
</artwork>
</section>

<section anchor="authentication-error-response"><name>Authentication Error Response</name>
<t>Authentication Error Response MUST be made as defined in <xref target="RFC6749"></xref>.</t>
<t>The following is a non-normative example of an unsuccessful token response.</t>

<sourcecode type="json=">HTTP/1.1 302 Found
Location: https://client.example.net/cb?
    error=invalid_request
    &amp;error_description=Unsupported%20response_type%20value
</sourcecode>
</section>
</section>

<section anchor="token-endpoint"><name>Token Endpoint</name>
<t>The Token Endpoint issues an Access Token and, optionally, a Refresh Token in exchange for the authorization code that client obtained in a successful Authorization Response. It is used in the same manner as defined in <xref target="RFC6749"></xref> and follows the recommendations given in <xref target="I-D.ietf-oauth-security-topics"></xref>.</t>

<section anchor="token-request"><name>Token Request</name>
<t>Upon receiving a successful Authentication Response, a Token Request is made as defined in Section 4.1.3 of <xref target="RFC6749"></xref>.</t>
<t>Below is a non-normative example of a token request:</t>

<artwork>POST /token HTTP/1.1
  Host: server.example.com
  Content-Type: application/x-www-form-urlencoded
  Authorization: Basic czZCaGRSa3F0MzpnWDFmQmF0M2JW
  grant_type=authorization_code
  &amp;code=SplxlOBeZQQYbYS6WxSbIA
  &amp;code_verifier=dBjftJeZ4CVP-mB92K27uhbUJU1p1r_wW1gFWFOEjXk
  &amp;redirect_uri=https%3A%2F%2Fwallet.example.org%2Fcb
  
</artwork>
</section>

<section anchor="successful-token-response"><name>Successful Token Response</name>
<t>Token Requests are made as defined in <xref target="RFC6749"></xref>.</t>
<t>In addition to the response parameters defined in <xref target="RFC6749"></xref>, the AS MAY return the following parameters:</t>

<ul>
<li><t><tt>c_nonce</tt>: OPTIONAL. JSON string containing a nonce to be used to create a proof of possession of key material when requesting a credential (see <xref target="credential_request"></xref>).</t>
</li>
<li><t><tt>c_nonce_expires_in</tt>: OPTIONAL. JSON integer denoting the lifetime in seconds of the <tt>c_nonce</tt>.</t>
</li>
</ul>
<t>Note: Subject Identifier in the ID Token is the End-User's identifier.</t>
<t>Below is a non-normative example of a token response:</t>

<artwork>HTTP/1.1 200 OK
  Content-Type: application/json
  Cache-Control: no-store
  Pragma: no-cache

  {
    &quot;access_token&quot;: &quot;eyJhbGciOiJSUzI1NiIsInR5cCI6Ikp..sHQ&quot;,
    &quot;token_type&quot;: &quot;bearer&quot;,
    &quot;expires_in&quot;: 86400,
    &quot;c_nonce&quot;: &quot;tZignsnFbp&quot;,
    &quot;c_nonce_expires_in&quot;: 86400
  }
</artwork>
</section>

<section anchor="token-error-response"><name>Token Error Response</name>
<t>If the Token Request is invalid or unauthorized, the Authorization Server constructs the error response as defined as in Section 5.2 of OAuth 2.0 <xref target="RFC6749"></xref>.</t>
<t>The following is a non-normative example Token Error Response:</t>

<sourcecode type="json=">HTTP/1.1 400 Bad Request
Content-Type: application/json
Cache-Control: no-store
Pragma: no-cache
{
   &quot;error&quot;: &quot;invalid_request&quot;
}
</sourcecode>
</section>
</section>

<section anchor="credential-endpoint"><name>Credential Endpoint</name>
<t>The Credential Endpoint issues a credential as approved by the End-User upon presentation of a valid Access Token representing this approval.</t>
<t>Communication with the Credential Endpoint MUST utilize TLS.</t>
<t>The client can request issuance of a credential of a certain type multiple times, e.g., to associate the credential with different DIDs/public keys or to refresh a certain credential.</t>
<t>If the access token is valid for requesting issuance of multiple credentials, it is at the client's discretion to decide the order in which to request issuance of multiple credentials requested in the Authorization Request.</t>

<section anchor="credential-binding"><name>Binding the Issued Credential to the identifier of the End-User possessing that Credential</name>
<t>Issued credential SHOULD be cryptographically bound to the identifier of the End-User who possesses the credential. Cryptographic binding allows the Verifier to verify during presentation that the End-User presenting a credential is the same End-User to whom it was issued. For non-cryptographic type of binding and credentials issued without any binding, see Implementations Considerations sections <xref target="claim-based-binding"></xref> and <xref target="no-binding"></xref>.</t>
<t>Note that claims in the credential are usually about the End-User who possesses it, but can be about the other entity.</t>
<t>For cryptographic binding, the Client has the following options to provide cryptographic binding material for a requested credential as defined in <xref target="credential_request"></xref>:</t>

<ol>
<li><t>Provide proof of control alongside key material (<tt>proof</tt> that includes <tt>sub_jwk</tt> or <tt>did</tt>)</t>
</li>
<li><t>Provide only proof of control without the key material (<tt>proof</tt> that does not include <tt>sub_jwk</tt> or <tt>did</tt>)</t>
</li>
</ol>
</section>

<section anchor="credential_request"><name>Credential Request</name>
<t>A Client makes a Credential Request by sending a HTTP POST request to the Credential Endpoint with the following parameters:</t>

<ul>
<li><t><tt>type</tt>: REQUIRED. Type of credential being requested. It corresponds to a <tt>schema</tt> property in a Credential Manifest obtained in a setup phase.</t>
</li>
<li><t><tt>format</tt>: OPTIONAL. Format of the credential to be issued. If not present, the issuer will determine the credential
format based on the client's format default.</t>
</li>
<li><t><tt>proof</tt> OPTIONAL. JSON Object containing proof of possession of the key material the issued credential shall be
bound to. The <tt>proof</tt> object MUST contain the following <tt>proof_type</tt> element which determines its structure:</t>

<ul>
<li><t><tt>proof_type</tt>: REQUIRED. JSON String denoting the proof type.</t>
</li>
</ul></li>
</ul>
<t>This specification defines the following values for <tt>proof_type</tt>:</t>

<ul>
<li><t><tt>jwt</tt>: objects of this type contain a single <tt>jwt</tt> element with a signed JWT as proof of possession. The JWT MUST contain the following elements:</t>

<ul>
<li><t><tt>kid</tt>: CONDITIONAL. JWT header containing the key ID. If the credential shall be bound to a DID, the <tt>kid</tt> refers to a DID URL which identifies a particular key in the DID Document that the credential shall be bound to.</t>
</li>
<li><t><tt>jwk</tt>: CONDITIONAL. JWT header containing the key material the new credential shall be bound to.</t>
</li>
<li><t><tt>x5c</tt>: CONDITIONAL. JWT header containing a certificate or certificate chain corresponding to the key used to sign the JWT. This element may be used to convey a key attestation. In such a case, the actual key certificate will contain attributes related to the key properties.</t>
</li>
<li><t><tt>iss</tt>: REQUIRED. MUST contain the client_id of the sender</t>
</li>
<li><t><tt>aud</tt>: REQUIRED. MUST contain the issuer URL of credential issuer</t>
</li>
<li><t><tt>iat</tt>: REQUIRED. MUST contain the instant when the proof was created</t>
</li>
<li><t><tt>nonce</tt>: REQUIRED. MUST contain a fresh nonce as provided by the issuer</t>
</li>
</ul></li>
</ul>
<t>Note: if both <tt>jwk</tt> and <tt>x5c</tt> are present, the represented signing key MUST be the same in both.</t>
<t>The <tt>proof</tt> element MUST incorporate a fresh nonce value generated by the credential issuer and the credential issuer's identifier (audience) to allow the credential issuer to detect replay. The way that data is incorporated depends on the proof type. In a JWT, for example, the nonce is conveyd in the <tt>nonce</tt> claims whereas the audience is conveyed in the <tt>aud</tt> claim. In a Linked Data proof, for example, the nonce is included as the <tt>challenge</tt> element in the proof object and the issuer (the intended audience) is included as the <tt>domain</tt> element.</t>
<t>The Issuer MUST validate that the <tt>proof</tt> is actually signed by a key identified in <tt>kid</tt> parameter.</t>
<t>Below is a non-normative example of a <tt>proof</tt> parameter (line breaks for display purposes only):</t>

<sourcecode type="json">{
  &quot;proof_type&quot;: &quot;jwt&quot;,
  &quot;jwt&quot;: &quot;eyJraWQiOiJkaWQ6ZXhhbXBsZTplYmZlYjFmNzEyZWJjNmYxYzI3NmUxMmVjMjEva2V5cy8
  xIiwiYWxnIjoiRVMyNTYiLCJ0eXAiOiJKV1QifQ.eyJpc3MiOiJzNkJoZFJrcXQzIiwiYXVkIjoiaHR
  0cHM6Ly9zZXJ2ZXIuZXhhbXBsZS5jb20iLCJpYXQiOiIyMDE4LTA5LTE0VDIxOjE5OjEwWiIsIm5vbm
  NlIjoidFppZ25zbkZicCJ9.ewdkIkPV50iOeBUqMXCC_aZKPxgihac0aW9EkL1nOzM&quot;
}
</sourcecode>
<t>where the JWT looks like this:</t>

<sourcecode type="json">{
  &quot;alg&quot;: &quot;ES256&quot;,
  &quot;typ&quot;: &quot;JWT&quot;,
  &quot;kid&quot;:&quot;did:example:ebfeb1f712ebc6f1c276e12ec21/keys/1&quot;
}.
{
  &quot;iss&quot;: &quot;s6BhdRkqt3&quot;,
  &quot;aud&quot;: &quot;https://server.example.com&quot;,
  &quot;iat&quot;: &quot;2018-09-14T21:19:10Z&quot;,
  &quot;nonce&quot;: &quot;tZignsnFbp&quot;
}
</sourcecode>
<t>Here is another example JWT not only proving possession of a private key but also providing key attestation data for that key:</t>

<sourcecode type="json">{
  &quot;typ&quot;: &quot;JWT&quot;,
  &quot;alg&quot;: &quot;ES256&quot;,
  &quot;x5c&quot;:[&lt;key certificate + certificate chain for attestation&gt;]
}.
{
  &quot;iss&quot;: &quot;s6BhdRkqt3&quot;,
  &quot;aud&quot;: &quot;https://server.example.com&quot;,
  &quot;iat&quot;: &quot;2018-09-14T21:19:10Z&quot;,
  &quot;nonce&quot;: &quot;tZignsnFbp&quot;
}
</sourcecode>
<t>Below is a non-normative example of a credential request:</t>

<artwork>POST /credential HTTP/1.1
Host: server.example.com
Content-Type: application/x-www-form-urlencoded
Authorization: BEARER czZCaGRSa3F0MzpnWDFmQmF0M2JW

type=https%3A%2F%2Fdid%2Eexample%2Eorg%2FhealthCard
format=ldp%5Fvc
did=did%3Aexample%3Aebfeb1f712ebc6f1c276e12ec21
proof=%7B%22type%22:%22...-ace0-9c5210e16c32%22%7D
</artwork>
</section>

<section anchor="credential_response"><name>Credential Response</name>
<t>Credential Response can be Synchronous or Deferred. The Issuer may be able to immediately issue a requested credential and send it to the Client. In other cases, the Issuer may not be able to immediately issue a requested credential and would want to send a token to the Client to be used later to receive a credential when it is ready.</t>
<t>The following claims are used in the Credential Response:</t>

<ul>
<li><t><tt>format</tt>: REQUIRED. JSON string denoting the credential's format</t>
</li>
<li><t><tt>credential</tt>: OPTIONAL. Contains issued credential. MUST be present when <tt>acceptance_token</tt> is not returned. MAY be a JSON string or a JSON object, depending on the credential format. See the table below for the format specific encoding requirements.</t>
</li>
<li><t><tt>acceptance_token</tt>: OPTIONAL. A JSON string containing a token subsequently used to obtain a credential. MUST be present when <tt>credential</tt> is not returned.</t>
</li>
<li><t><tt>c_nonce</tt>: OPTIONAL. JSON string containing a nonce to be used to create a proof of possession of key material when requesting a credential (see <xref target="credential_request"></xref>).</t>
</li>
<li><t><tt>c_nonce_expires_in</tt>: OPTIONAL. JSON integer denoting the lifetime in seconds of the <tt>c_nonce</tt>.</t>
</li>
</ul>
<t>The following table defines how issued credential MUST be returned in the <tt>credential</tt> claim in the Credential Response based on the credential format and the signature scheme. This specification does not require any additional encoding when credential format is already represented as a JSON object or a JSON string.</t>
<table>
<thead>
<tr>
<th align="left">Credential Signature Format</th>
<th align="left">Credential Format Identifier</th>
<th align="left">Signature Scheme</th>
<th align="left">Need for encoding when returning in the Credential Response</th>
</tr>
</thead>

<tbody>
<tr>
<td align="left">JWS Compact Serialization</td>
<td align="left"><tt>jwt_vc</tt>, <tt>mdl_iso_json</tt></td>
<td align="left">Credential conformant to the W3C Verifiable Credentials Data Model, or ISO/IEC 18013-5:2021 mobile driving licence (mDL) data model, and signed as a JWS Compact Serialization.</td>
<td align="left">MUST be a JSON string. Credential is already a sequence of base64url-encoded values separated by period characters and MUST NOT be re-encoded.</td>
</tr>

<tr>
<td align="left">JWS JSON Serialization</td>
<td align="left"><tt>jwt_vc</tt>, <tt>mdl_iso_json</tt></td>
<td align="left">Credential conformant to the W3C Verifiable Credentials Data Model, or ISO/IEC 18013-5:2021 mobile driving licence (mDL) data model, and signed as a JWS JSON Serialization.</td>
<td align="left">MUST be a JSON object. MUST NOT be re-encoded.</td>
</tr>

<tr>
<td align="left">Data Integrity</td>
<td align="left"><tt>ldp_vc</tt></td>
<td align="left">Credential conformant to the W3C Verifiable Credentials Data Model and signed with Data Integrity Proofs.</td>
<td align="left">MUST be a JSON object. MUST NOT be re-encoded.</td>
</tr>

<tr>
<td align="left">CL-Signatures</td>
<td align="left"><tt>ac_vc</tt></td>
<td align="left">Credential conformant to the AnonCreds format as defined in the Hyperledger Indy project and signed using CL-signature scheme.</td>
<td align="left">MUST be a JSON object. MUST NOT be re-encoded.</td>
</tr>

<tr>
<td align="left">COSE</td>
<td align="left"><tt>mdl_iso_cbor</tt></td>
<td align="left">Credential conformant to the ISO/IEC 18013-5:2021 mobile driving licence (mDL) data model, encoded as CBOR and signed as a COSE message.</td>
<td align="left">MUST be a JSON string that is the base64url-encoded representation of the issued credential</td>
</tr>
</tbody>
</table><t>Credential formats expressed as binary formats MUST be base64url-encoded and returned as a JSON string.</t>
<t>Note that this table might be superceded by a registry in the future. Meanwhile, for interoperability, implementers MUST follow the requirements defined in the table above.</t>
<t>Below is a non-normative example of a credential response in a synchronous flow:</t>

<artwork>HTTP/1.1 200 OK
  Content-Type: application/json
  Cache-Control: no-store
  Pragma: no-cache

{
  &quot;format&quot;: &quot;jwt_vc&quot;
  &quot;credential&quot; : &quot;LUpixVCWJk0eOt4CXQe1NXK....WZwmhmn9OQp6YxX0a2L&quot;,
  &quot;c_nonce&quot;: &quot;fGFF7UkhLa&quot;,
  &quot;c_nonce_expires_in&quot;: 86400  
}
</artwork>
<t>Below is a non-normative example of a credential response in a deferred flow:</t>

<artwork>HTTP/1.1 200 OK
  Content-Type: application/json
  Cache-Control: no-store
  Pragma: no-cache

{
  &quot;acceptance_token&quot;: &quot;8xLOxBtZp8&quot;,
  &quot;c_nonce&quot;: &quot;wlbQc6pCJp&quot;,
  &quot;c_nonce_expires_in&quot;: 86400  
}
</artwork>
<t>Note: Consider using CIBA Ping/Push callback. Another option would be the Client providing <tt>client_notification_token</tt> to the Issuer, so that the issuer sends a Credential response upon successfully receiving a Credential request and then no need for the client to bring an acceptance token, the Issuer will send the credential once it is issued in a response that includes <tt>client_notification_token</tt>.</t>
</section>

<section anchor="credential-issuer-provided-nonce"><name>Credential Issuer-Provided Nonce</name>
<t>Upon receiving a Credential Request, the credential issuer MAY require the client to send a proof of possession of the key material it wants a credential to be bound to. This proof MUST incorporate a nonce generated by the credential issuer. The credential issuer will provide the client with a nonce in an error response to any credential request not including such a proof or including an invalid proof.</t>
<t>Below is a non-normative example of a Credential Response when the Issuer requires a <tt>proof</tt> upon receiving a Credential Request:</t>

<artwork>HTTP/1.1 400 Bad Request
  Content-Type: application/json
  Cache-Control: no-store
  Pragma: no-cache

{
  &quot;error&quot;: &quot;invalid_or_missing_proof&quot;
  &quot;error_description&quot;:
       &quot;Credential issuer requires proof element in credential request&quot;
  &quot;c_nonce&quot;: &quot;8YE9hCnyV2&quot;,
  &quot;c_nonce_expires_in&quot;: 86400  
}
</artwork>
</section>
</section>

<section anchor="deferred-credential-endpoint"><name>Deferred Credential Endpoint</name>
<t>This endpoint is used to issue a credential previously requested at the credential endpoint in case the Issuer was not able to immediately issue this credential.</t>

<section anchor="deferred-credential-request"><name>Deferred Credential Request</name>
<t>This is a HTTP POST request, which accepts an acceptance token as only parameter. The acceptance token MUST be sent as access token in the HTTP header as shown in the following example.</t>

<artwork>POST /credential_deferred HTTP/1.1
Host: server.example.com
Content-Type: application/x-www-form-urlencoded
Authorization: BEARER 8xLOxBtZp8

</artwork>
</section>

<section anchor="deferred-credential-response"><name>Deferred Credential Response</name>
<t>The deferred credential response uses the <tt>format</tt> and <tt>credential</tt> parameters as defined in <xref target="credential_response"></xref>.</t>
</section>
</section>
</section>

<section anchor="pre-authorized-code-flow"><name>Pre-Authorized Code Flow</name>
<t>This section specifies an additional flow to obtain an access token for credential issuance. It is intended to support scenarios where the user starts a process on an issuer's website that ultimately results in one or more credentials being issued to the user's wallet. The process on the issuer's website may include uploading documents and presenting verifiable credentials to the issuer. Moreover, the End-user may be accessing the issuer's website on a device different from the one with the wallet application so the credential issuance process needs to be transfered to another device where the user's wallet resides.</t>
<t>In contrast to the flow specified in <xref target="endpoints"></xref>, this flows is initiated by the Issuer when the credentials are &quot;ready&quot; and need to be &quot;picked up&quot; by the wallet application. How the user provides information required for the issuance of a requested credential to the Issuer and the business processes conducted by the Issuer to issue a credential are out of scope of this specification.</t>

<ol>
<li><t>To initiate the flow, the Issuer needs to communicates to the wallet two parameters: the pre-authorized code and the credential type the code is valid for. The Issuer can send them in two different ways. Either the issuer sends them in an issuance initiation request to the Issuance Initiation Endpoint of the wallet as described in <xref target="issuance_initiation_request"></xref>. Or the issuer renders a QR code containing the issuance initiation request with these parameters. In this case, the user scans the QR code with her wallet on a different device in order to proceed.</t>
</li>
<li><t>When initiating the flow, the Issuer also indicates if the PIN is required. If it is, sends PIN to the wallet using a channel different from an issuance initiation request.</t>
</li>
<li><t>The wallet sends the pre-authorized code to the issuer's Token Endpoint. This request MUST contain a user PIN if requested by the issuer.</t>
</li>
<li><t>The issuer responds with an access token valid for credential issuance.</t>
</li>
<li><t>The wallet sends a credential issuance request to the credential endpoint as defined in <xref target="credential_request"></xref> using the credential type as indicated in the first step from the issuer to the wallet.</t>
</li>
<li><t>The issuer returns the requested credential as defined in <xref target="credential_response"></xref>.</t>
</li>
</ol>
<t>Steps 1 through 3 constitute a new kind of pre-authorized code flow that is implemented using an additional initiate issuance endpoint and a new OAuth grant type &quot;urn:ietf:params:oauth:grant-type:pre-authorized_code&quot;. Steps 4 through 6 conform to the process specified in <xref target="endpoints"></xref>.</t>
<t>Note that the pre-authorized code is sent to the Token Endpoint and not to the Authorization Endpoint of the Issuer.</t>
<t>The following sections specify the extensions of a pre-authorized code flow.</t>

<section anchor="extension-parameters-for-initiate-issuance-request"><name>Extension Parameters for Initiate Issuance Request</name>
<t>These are the extension parameters defined for the pre-authorized code flow:</t>

<ul>
<li><t><tt>pre-authorized_code</tt>: REQUIRED. The code representing the issuer's authorization for the wallet to obtain credentials of a certain type. This code MUST be short lived and single-use.</t>
</li>
<li><t><tt>user_pin_required</tt>: OPTIONAL. Boolean value specifying whether the issuer expects presentation of a user PIN along with the token request. Default is <tt>false</tt>. This PIN is intended to bind the pre-authorized code to a certain transaction in order to prevent replay of this code by an attacker that, for example, scanned the QR code while standing behind the legit user.</t>
</li>
</ul>
<t>Below is a non-normative example of an initiate issuance request:</t>

<artwork>  GET /initiate_issuance?
    issuer=https%3A%2F%2Fserver%2Eexample%2Ecom
    &amp;credential_type=https%3A%2F%2Fdid%2Eexample%2Eorg%2FhealthCard 
    &amp;pre-authorized_code=SplxlOBeZQQYbYS6WxSbIA
</artwork>
<t>The contents of a QR code could look like this:</t>

<artwork>openid_initiate_issuance://?
    issuer=https%3A%2F%2Fserver%2Eexample%2Ecom
    &amp;credential_type=https%3A%2F%2Fdid%2Eexample%2Eorg%2FhealthCard 
    &amp;pre-authorized_code=SplxlOBeZQQYbYS6WxSbIA
    &amp;user_pin_required=true
</artwork>
</section>

<section anchor="extension-parameters-for-token-request"><name>Extension Parameters for Token Request</name>
<t>These are the extension parameters to the token request for the grant type <tt>pre-authorized_code</tt>:</t>

<ul>
<li><t><tt>pre-authorized_code</tt>: REQUIRED. The code representing the authorization to obtain credentials of a certain type.</t>
</li>
<li><t><tt>user_pin</tt>: OPTIONAL. String value containing a user PIN. This value MUST be present if <tt>user_pin_required</tt> was set to <tt>true</tt> in the Initiate Issuance Request. The string value MUST consist of maximum 8 numeric characters (the numbers 0 - 9).</t>
</li>
</ul>
<t>Below is a non-normative example of a token request:</t>

<artwork>POST /token HTTP/1.1
  Host: server.example.com
  Content-Type: application/x-www-form-urlencoded
  Authorization: Basic czZCaGRSa3F0MzpnWDFmQmF0M2JW

  grant_type=urn:ietf:params:oauth:grant-type:pre-authorized_code
  &amp;pre-authorized_code=SplxlOBeZQQYbYS6WxSbIA
  &amp;user_pin=493536
</artwork>
</section>

<section anchor="pre-authz-token-response"><name>Extension to the token response</name>
<t>Upon receiving <tt>pre-authorized_code</tt>, the issuer MAY decide to interact with the end-user in the course of the token request processing, which might take some time. In such a case, the issuer SHOULD respond with the error <tt>authorization_pending</tt> and the new return parameter <tt>interval</tt>:</t>

<ul>
<li><t><tt>authorization_pending</tt>: OPTIONAL. The token request is still pending as the issuer is waiting for end user end user interaction to complete.  The client SHOULD repeat the token request. Before each new request, the client MUST wait at least the number of seconds specified by the &quot;interval&quot; response parameter.</t>
</li>
<li><t><tt>interval</tt>: OPTIONAL. The minimum amount of time in seconds that the client SHOULD wait between polling requests to the token endpoint.  If no value is provided, clients MUST use 5 as the default.</t>
</li>
</ul>
</section>

<section anchor="replay-prevention"><name>Replay Prevention</name>
<t>The pre-authorized code flow is vulnerable to the replay of the pre-authorized code, because by design it is not bound to a certain device (as the authorization code flow does with PKCE). This means an attacker can replay at another device the pre-authorized code meant for a victime, e.g., the attacker can scan the QR code while it is displayed on the victim’s screen, and thereby getg access to the credential. Such replay attacks must be prevented using other means. The design facilitates the following options:</t>

<ul>
<li><t>User PIN: the issuer might set up a PIN with the user (e.g. via text message or email), which needs to be presented in the token request.</t>
</li>
<li><t>Callback to device where the transaction originated: upon receiving the token request, the issuer asks the user to confirm the originating device (device that displayed the QR code) that the issuer may proceed with the credential issuance process. While the issuer reaches out to the user on the other device to get confirmation, the issuer returns an <tt>authorization_pending</tt> error code to the wallet (as described in <xref target="pre-authz-token-response"></xref>). The wallet is required to call the token endpoint again to obtain the access token. If the user does not confirm, the token request is returned with the <tt>access_denied</tt> error code. This flow gives the user on the originating device more control over the issuance process.</t>
</li>
</ul>
</section>

<section anchor="pin-code-phishing"><name>PIN Code Phishing</name>
<t>An attacker might leverage the credential issuance process and the user's trust into the wallet to phish PIN codes sent out by a different service that grant attacker access to services other than credential issuance. The attacker could setup a credential issuer site and in parallel to the issuance request trigger transmission of a PIN code to the user's phone from a service other than credential issuance, e.g. from a payment service. The user would then be asked to enter this PIN into the wallet and since the wallet sends this PIN to the token endpoint of the issuer (the attacker), the attacker would get access to the PIN code, and access to that other service.</t>
<t>In order to cope with that issue, the wallet is RECOMMENDED to interact with trusted issuers only. In that case, the wallet would not process an initiate issuance request with an untrusted issuer URL. The wallet MAY also show to the user the endpoint or issuer it will be sending the PIN code and ask the user for confirmation.</t>
</section>
</section>

<section anchor="security-considerations"><name>Security Considerations</name>

<section anchor="trust-between-wallet-and-issuer"><name>Trust between Wallet and Issuer</name>
<t>Credential Issuers often want to know what wallet they are issuing credentials to and how private keys are managed for the following reasons:</t>

<ul>
<li><t>The issuer may wants to ensure that private keys are properly protected from exfiltration and replay in order to prevent an adversary from impersonating the legitimate credential holder by presenting her credential.</t>
</li>
<li><t>The issuer may also want to ensure that the wallet managing the credentials adheres to certain policies and, potentially, was audited and approved under a certain regulatory and/or commercial scheme.</t>
</li>
</ul>
<t>The following mechanisms in concert can be utilized to fulfill those objectives:</t>
<t><strong>Key attestation</strong> is a mechanism where the device or security element in a device asserts the key management policy to the application creating and using this key. The Android Operating System, for example, provides apps with a certificate including a certificate chain asserting that a particular key is managed, for example, by an hardware security module [ref]. The wallet can provide this data along with the proof of possession in the credential request (see <xref target="credential_request"></xref> for an example) to allow the issuer to validate the key management policy. This indeed requires the issuer to rely on the trust anchor of the certificate chain and the respective key management policy. Another variant of this concept is the use of a Qualified Electronic Signature as defined by the eIDAS regulation [ref]. This signatures won't reveal the concrete properties of the associated private key to the issuer. However, due to the regulatory regime of eIDAS the issuer can deduce that the signing service manages the private keys according to this regime and fulfills very high security requirements. As another example, FIDO2 allows RPs to obtain an attestation along with the public key from a FIDO authenticator. That implicitly asserts the key management policy since the assertion is bound to a certain authenticator model and its key management capabilities.</t>
<t><strong>App Attestation</strong>: Key attestation, however, does not establish trust in the application storing the credential and producing presentation of that credential. App attestation as provided by mobile operating systems, e.g. iOS's DeviceCheck or Android's Safetynet, allows a server system to ensure it is communicating to a legitimate instance of its genuine app. Those mechanisms can be utilized to validate the internal integrity of the wallet (as a whole).</t>
<t><strong>Device Attestation</strong>: Device Attestation attests the health of the device, on which the wallet application is running, as a whole. It prevents compromises such as a malicious third party application tampering with a wallet application managing keys and credentials, which cannot be captured only by obtaining app attestation of a wallet application.</t>
<t><strong>Client authentication</strong> allows a wallet to authenticate with an issuer. In order to securely authenticate, the wallet needs to utilize a backend component managing the key material and processing the secure communication with the credential issuer. The issuer may establish trust with the wallet based on its own auditing or a trusted 3rd party attestation of the conformance of the wallet to a certain policy.</t>
<t>Directly using key, app and/or device attestations to proof certain capabilities towards an issuer is an obvious option. However, this at least requires platform mechanisms that issue signed assertions that 3rd parties can evaluate, which is not always the case (e.g. iOS's DeviceCheck). Also, such an approach creates dependencies on platform specific mechanisms, trust anchors, and platform specific identifiers (e.g. Android <tt>apkPackageName</tt>) and it reveals information about the internal design of a wallet app. Implementers should take that consequences into account.</t>
<t>The approach recommended by this specification is that the issuer relies on the OAuth client authentication to establish trust in the wallet and leaves it to the wallet to ensure its internal integrity using app and key attestation (if required). This establishes a clean separation between the different hemispheres and a uniform interface irrespectively of the wallet's architecture (e.g. native vs web wallet). Client authentication can be performed with credentials registered with the issuer or with assertions issued to the wallet by a 3rd party the issuer trusts for the purpose of client authentication.</t>
</section>

<section anchor="credential-lifecycle-management"><name>Credential Lifecycle Management</name>
<t>The issuer is supposed to be responsible for the lifecycle of its credentials. This means the issuer will invalidate credentials if it deems appropriate, e.g. if it detects fraudulent behavior.</t>
<t>The wallet is supposed to detect signs of fraudulant behavior related to the credential management in the wallet (e.g. device rooting) and to act upon such signals. Options include credential revocation at the issuer and/or invalidation of the key material used for cryptograpic holder binding.</t>
</section>
</section>

<section anchor="implementation-considerations"><name>Implementation Considerations</name>

<section anchor="claim-based-binding"><name>Claim-based Binding of the Credential to the End-User possessing the credential</name>
<t>Credential not cryptographically bound to the identifier of the End-User possessing it (see <xref target="credential-binding"></xref>), should be bound to the End-User possessing the credential based on the claims included in that credential.</t>
<t>In claim-based binding, no cryptographic binding material is provided. Instead, the issued credential includes user claims that can be used by the Verifier to verify possession of the credential by requesting presentation of existing forms of physical or digial identification that includes the same claims (e.g., a driver's license or other ID cards in person, or an online ID verification service).</t>
</section>

<section anchor="no-binding"><name>Binding of the Credential without Cryptographic Binding nor Claim-based Binding</name>
<t>Some Issuers might choose issuing bearer credentials without either cryptographic binding nor claim-based binding, because they are meant to be presented without proof of possession.</t>
<t>One such use-case is low assurance credentials such as coupons or tickets.</t>
<t>Another use-case is when the Issuer uses cryptographic schemes that can provide binding to the End-User possessing that credential without explicit cryptographic material being supplied by the application used by that End-User. For example, in the case of the BBS Signature Scheme, the issued credential itself is a secret and only derivation of a credential is presented to the Verifier. Effectively, credential is bound to the Issuer's signature on the credential, which becomes a shared secret transferred from the Issuer to the End-User.</t>
</section>
</section>

<section anchor="privacy-considerations"><name>Privacy Considerations</name>
<t>TBD</t>
</section>

</middle>

<back>
<references><name>Normative References</name>
<xi:include href="https://xml2rfc.ietf.org/public/rfc/bibxml/reference.RFC.8414.xml"/>
<reference anchor="SIOPv2" target="https://openid.net/specs/openid-connect-self-issued-v2-1_0.html">
  <front>
    <title>Self-Issued OpenID Provider V2</title>
    <author>
      <organization>Microsoft</organization>
    </author>
    <author fullname="Michael B. Jones">
      <organization>Microsoft</organization>
    </author>
    <date year="2021" month="December" day="18"></date>
  </front>
</reference>
<xi:include href="https://xml2rfc.ietf.org/public/rfc/bibxml/reference.RFC.7636.xml"/>
<reference anchor="CSS-Color" target="https://www.w3.org/TR/css-color-3">
  <front>
    <title>CSS Color Module Level 3</title>
    <author fullname="Tantek Çelik" initials="T." surname="Çelik">
      <organization>Mozilla Corporation</organization>
    </author>
    <author fullname="Chris Lilley" initials="C." surname="Lilley">
      <organization>W3C</organization>
    </author>
    <author fullname="L. David Baron" initials="D." surname="Baron">
      <organization>W3C Invited Expert</organization>
    </author>
    <date year="2022" month="January" day="18"></date>
  </front>
</reference>
<reference anchor="VC_DATA" target="https://www.w3.org/TR/vc-data-model">
  <front>
    <title>Verifiable Credentials Data Model 1.0</title>
    <author fullname="Manu Sporny">
      <organization>Digital Bazaar</organization>
    </author>
    <author fullname="Grant Noble">
      <organization>ConsenSys</organization>
    </author>
    <author fullname="Dave Longley">
      <organization>Digital Bazaar</organization>
    </author>
    <author fullname="Daniel C. Burnett">
      <organization>ConsenSys</organization>
    </author>
    <author fullname="Brent Zundel">
      <organization>Evernym</organization>
    </author>
    <author fullname="David Chadwick">
      <organization>University of Kent</organization>
    </author>
    <date year="2019" month="Nov" day="19"></date>
  </front>
</reference>
<xi:include href="https://xml2rfc.ietf.org/public/rfc/bibxml-ids/reference.I-D.ietf-oauth-rar.xml"/>
<xi:include href="https://xml2rfc.ietf.org/public/rfc/bibxml/reference.RFC.7591.xml"/>
<xi:include href="https://xml2rfc.ietf.org/public/rfc/bibxml/reference.RFC.9126.xml"/>
<xi:include href="https://xml2rfc.ietf.org/public/rfc/bibxml/reference.RFC.6749.xml"/>
<reference anchor="DIF.PresentationExchange" target="https://identity.foundation/presentation-exchange/spec/v1.0.0/">
  <front>
    <title>Presentation Exchange v1.0.0</title>
    <author fullname="Daniel Buchner">
      <organization>Microsoft</organization>
    </author>
    <author fullname="Brent Zundel">
      <organization>Evernym</organization>
    </author>
    <author fullname="Martin Riedel">
      <organization>Consensys Mesh</organization>
    </author>
    <date year="2021" month="Feb"></date>
  </front>
</reference>
<xi:include href="https://xml2rfc.ietf.org/public/rfc/bibxml/reference.RFC.5646.xml"/>
<xi:include href="https://xml2rfc.ietf.org/public/rfc/bibxml-ids/reference.I-D.ietf-oauth-security-topics.xml"/>
</references>
<references><name>Informative References</name>
<reference anchor="OpenID.Core" target="http://openid.net/specs/openid-connect-core-1_0.html">
  <front>
    <title>OpenID Connect Core 1.0 incorporating errata set 1</title>
    <author fullname="Nat Sakimura" initials="N." surname="Sakimura">
      <organization>NRI</organization>
    </author>
    <author fullname="John Bradley" initials="J." surname="Bradley">
      <organization>Ping Identity</organization>
    </author>
    <author fullname="Michael B. Jones" initials="M." surname="Jones">
      <organization>Microsoft</organization>
    </author>
    <author fullname="Breno de Medeiros" initials="B." surname="de Medeiros">
      <organization>Google</organization>
    </author>
    <author fullname="Chuck Mortimore" initials="C." surname="Mortimore">
      <organization>Salesforce</organization>
    </author>
    <date year="2014" month="Nov" day="8"></date>
  </front>
</reference>
<reference anchor="OIDC4VP" target="https://openid.net/specs/openid-4-verifiable-presentations-1_0.html">
  <front>
    <title>OpenID for Verifiable Presentations</title>
    <author fullname="Oliver Terbu" initials="O." surname="Terbu">
      <organization>ConsenSys Mesh</organization>
    </author>
    <author fullname="Torsten Lodderstedt" initials="T." surname="Lodderstedt">
      <organization>yes.com</organization>
    </author>
    <author fullname="Kristina Yasuda" initials="K." surname="Yasuda">
      <organization>Microsoft</organization>
    </author>
    <author fullname="Adam Lemmon" initials="A." surname="Lemmon">
      <organization>Convergence.tech</organization>
    </author>
    <author fullname="Tobias Looker" initials="T." surname="Looker">
      <organization>Mattr</organization>
    </author>
    <date year="2022" month="June" day="20"></date>
  </front>
</reference>
<reference anchor="DIF.CredentialManifest" target="https://identity.foundation/credential-manifest/">
  <front>
    <title>Presentation Exchange v1.0.0</title>
    <author fullname="Daniel Buchner">
      <organization>Microsoft</organization>
    </author>
    <author fullname="Brent Zunde">
      <organization>Evernym</organization>
    </author>
    <author fullname="Jace Hensley">
      <organization>Bloom</organization>
    </author>
    <author fullname="Daniel McGrogan">
      <organization>Workday</organization>
    </author>
    <date></date>
  </front>
</reference>
</references>

<section anchor="iana-considerations"><name>IANA Considerations</name>
<t>register &quot;urn:ietf:params:oauth:grant-type:pre-authorized_code&quot;</t>
</section>

<section anchor="Acknowledgements"><name>Acknowledgements</name>
<t>We would like to thank David Chadwick, John Bradley, Alen Horvat, Michael B. Jones, and David Waite for their valuable contributions to this specification.</t>
</section>

<section anchor="notices"><name>Notices</name>
<t>Copyright (c) 2022 The OpenID Foundation.</t>
<t>The OpenID Foundation (OIDF) grants to any Contributor, developer, implementer, or other interested party a non-exclusive, royalty free, worldwide copyright license to reproduce, prepare derivative works from, distribute, perform and display, this Implementers Draft or Final Specification solely for the purposes of (i) developing specifications, and (ii) implementing Implementers Drafts and Final Specifications based on such documents, provided that attribution be made to the OIDF as the source of the material, but that such attribution does not indicate an endorsement by the OIDF.</t>
<t>The technology described in this specification was made available from contributions from various sources, including members of the OpenID Foundation and others. Although the OpenID Foundation has taken steps to help ensure that the technology is available for distribution, it takes no position regarding the validity or scope of any intellectual property or other rights that might be claimed to pertain to the implementation or use of the technology described in this specification or the extent to which any license under such rights might or might not be available; neither does it represent that it has made any independent effort to identify any such rights. The OpenID Foundation and the contributors to this specification make no (and hereby expressly disclaim any) warranties (express, implied, or otherwise), including implied warranties of merchantability, non-infringement, fitness for a particular purpose, or title, related to this specification, and the entire risk as to implementing this specification is assumed by the implementer. The OpenID Intellectual Property Rights policy requires contributors to offer a patent promise not to assert certain patent claims against other contributors and against implementers. The OpenID Foundation invites any interested party to bring to its attention any copyrights, patents, patent applications, or other proprietary rights that may cover technology that may be required to practice this specification.</t>
</section>

<section anchor="document-history"><name>Document History</name>
<t>[[ To be removed from the final specification ]]</t>
<t>-06</t>

<ul>
<li><t>added issuer metadata</t>
</li>
<li><t>made credential response more flexible regarding credential encoding</t>
</li>
<li><t>changed file name to match specification name</t>
</li>
<li><t>renamed specification to reflect OAuth being the base protocol</t>
</li>
</ul>
<t>-05</t>

<ul>
<li><t>added support for pre-authorized code flow</t>
</li>
<li><t>changed base protocol to OAuth</t>
</li>
</ul>
<t>-04</t>

<ul>
<li><t>added support for requesting credential authorization with scopes</t>
</li>
<li><t>removed support to pass VPs in the authorization request</t>
</li>
<li><t>reworked &quot;proof&quot; parameter definition and added &quot;jwt&quot; proof type</t>
</li>
</ul>
<t>-03</t>

<ul>
<li><t>added issuance initiation endpoint</t>
</li>
<li><t>Applied cleanups suggested by Mike Jones post adoption</t>
</li>
</ul>
<t>-02</t>

<ul>
<li><t>Adopted as WG document</t>
</li>
</ul>
<t>-01</t>

<ul>
<li><t>Added Request &amp; Response syntax and descriptions</t>
</li>
<li><t>Reworked and extended sequence diagram</t>
</li>
</ul>
<t>-00</t>

<ul>
<li><t>initial revision</t>
</li>
</ul>
</section>

</back>

</rfc>
