{
  "$schema": "http://json-schema.org/draft-07/schema#",
  "$id": "https://openid.net/schemas/verified_claims-10.json",
  "definitions": {
    "date_type": {
      "type": "string",
      "pattern": "^(?:(?:(?:(?:(?:[1-9]\\d)(?:0[48]|[2468][048]|[13579][26])|(?:(?:[2468][048]|[13579][26])00))(\\/|-|\\.)(?:0?2\\1(?:29)))|(?:(?:[1-9]\\d{3})(\\/|-|\\.)(?:(?:(?:0?[13578]|1[02])\\2(?:31))|(?:(?:0?[13-9]|1[0-2])\\2(?:29|30))|(?:(?:0?[1-9])|(?:1[0-2]))\\2(?:0?[1-9]|1\\d|2[0-8])))))$"
    },
    "time_type": {
      "type": "string",
      "pattern": "^(?:[\\+-]?\\d{4}(?!\\d{2}\\b))(?:(-?)(?:(?:0[1-9]|1[0-2])(?:\\1(?:[12]\\d|0[1-9]|3[01]))?|W(?:[0-4]\\d|5[0-2])(?:-?[1-7])?|(?:00[1-9]|0[1-9]\\d|[12]\\d{2}|3(?:[0-5]\\d|6[1-6])))(?:[T\\s](?:(?:(?:[01]\\d|2[0-3])(?:(:?)[0-5]\\d)?|24\\:?00)(?:[\\.,]\\d+(?!:))?)?(?:\\2[0-5]\\d(?:[\\.,]\\d+)?)?(?:[zZ]|(?:[\\+-])(?:[01]\\d|2[0-3]):?(?:[0-5]\\d)?)?)?)?$"
    },
    "evidence": {
      "type": "object",
      "properties": {
        "type": {
          "type": "string",
          "enum": [
            "qes",
            "id_document",
            "utility_bill"
          ]
        }
      },
      "required": [
        "type"
      ],
      "allOf": [
        {
          "if": {
            "properties": {
              "type": {
                "value": "qes"
              }
            }
          },
          "then": {
            "properties": {
              "issuer": {
                "type": "string"
              },
              "serial_number": {
                "type": "string"
              },
              "created_at": {
                "$ref": "#/definitions/time_type"
              }
            }
          },
          "else": {
          }
        },
        {
          "if": {
            "properties": {
              "type": {
                "value": "id_document"
              }
            }
          },
          "then": {
            "properties": {
              "method": {
                "type": "string"
              },
              "verifier": {
                "type": "object",
                "properties": {
                  "organization": {
                    "type": "string"
                  },
                  "txn": {
                    "type": "string"
                  }
                }
              },
              "time": {
                "$ref": "#/definitions/time_type"
              },
              "document": {
                "type": "object",
                "properties": {
                  "type": {
                    "type": "string"
                  },
                  "number": {
                    "type": "string"
                  },
                  "issuer": {
                    "type": "object",
                    "properties": {
                      "name": {
                        "type": "string"
                      },
                      "country": {
                        "type": "string"
                      }
                    }
                  },
                  "date_of_issuance": {
                    "$ref": "#/definitions/date_type"
                  },
                  "date_of_expiry": {
                    "$ref": "#/definitions/date_type"
                  }
                }
              }
            }
          },
          "else": {
          }
        },
        {
          "if": {
            "properties": {
              "type": {
                "value": "utility_bill"
              }
            }
          },
          "then": {
            "properties": {
              "provider": {
                "type": "object",
                "properties": {
                  "name": {
                    "type": "string"
                  },
                  "formatted": {
                    "type": "string"
                  },
                  "street_address": {
                    "type": "string"
                  },
                  "locality": {
                    "type": "string"
                  },
                  "region": {
                    "type": "string"
                  },
                  "postal_code": {
                    "type": "string"
                  },
                  "country": {
                    "type": "string"
                  }
                }
              },
              "date": {
                "$ref": "#/definitions/date_type"
              }
            }
          },
          "else": {
          }
        }
      ]
    },
    "verified_claims_def": {
      "type": "object",
      "properties": {
        "verification": {
          "type": "object",
          "properties": {
            "trust_framework": {
              "type": "string"
            },
            "time": {
              "$ref": "#/definitions/time_type"
            },
            "verification_process": {
              "type": "string"
            },
            "evidence": {
              "type": "array",
              "minItems": 1,
              "items": {
                "oneOf": [
                  {
                    "$ref": "#/definitions/evidence"
                  }
                ]
              }
            }
          },
          "required": [
            "trust_framework"
          ],
          "additionalProperties": false
        },
        "claims": {
          "type": "object",
          "minProperties": 1
        }
      },
      "required": [
        "verification",
        "claims"
      ],
      "additionalProperties": false
    },
    "aggregated_claims": {
      "properties": {
        "JWT": {
          "type": "string"
        }
      },
      "required": [
        "JWT"
      ]
    },
    "distributed_claims": {
      "properties": {
        "endpoint": {
          "type": "string"
        },
        "access_token": {
          "type": "string"
        }
      },
      "required": [
        "endpoint",
        "access_token"
      ]
    },
    "_claim_sources": {
      "anyOf": [
        {
          "$ref": "#/definitions/aggregated_claims"
        },
        {
          "$ref": "#/definitions/distributed_claims"
        }
      ]
    }
  },
  "properties": {
    "verified_claims": {
      "anyOf": [
        {
          "$ref": "#/definitions/verified_claims_def"
        },
        {
          "type": "array",
          "items": {
            "$ref": "#/definitions/verified_claims_def"
          }
        }
      ]
    },
    "_claim_names": {
      "type": "object",
      "properties": {
        "verified_claims": {
          "anyOf": [
            {
              "type": "string"
            },
            {
              "type": "array",
              "items": {
                "type": "string"
              }
            }
          ],
          "type": [
            "string",
            "array"
          ]
        }
      }
    },
    "_claim_sources": {
      "type": "object",
      "properties": {
      },
      "additionalProperties": {
        "$ref": "#/definitions/_claim_sources"
      }
    }
  }
}
