{
    "iss": "did:example:ebfeb1f712ebc6f1c276e12ec21",
    "jti": "urn:uuid:3978344f-8596-4c3a-a978-8fcaba3903c5",
    "aud": "https://client.example.org/cb",
    "nbf": 1541493724,
    "iat": 1541493724,
    "exp": 1573029723,
    "nonce": "n-0S6_WzA2Mj",
    "vp": {
        "@context": [
            "https://www.w3.org/2018/credentials/v1"
        ],
        "type": [
            "VerifiablePresentation"
        ],
        "verifiableCredential": [
            "eyJhb...ssw5c"
        ]
    }
}