{
    "@context": [
        "https://www.w3.org/2018/credentials/v1",
        "https://identity.foundation/presentation-exchange/submission/v1"
    ],
    "type": [
        "VerifiablePresentation",
        "PresentationSubmission"
    ],
    "verifiableCredential": [
        {
            "@context": [
                "https://www.w3.org/2018/credentials/v1",
                "https://www.w3.org/2018/credentials/examples/v1"
            ],
            "id": "https://example.com/credentials/1872",
            "type": [
                "VerifiableCredential",
                "IDCardCredential"
            ],
            "issuer": {
                "id": "did:example:issuer"
            },
            "issuanceDate": "2010-01-01T19:23:24Z",
            "credentialSubject": {
                "given_name": "Fredrik",
                "family_name": "Strömberg",
                "birthdate": "1949-01-22"
            },
            "proof": {
                "type": "Ed25519Signature2018",
                "created": "2021-03-19T15:30:15Z",
                "jws": "eyJhb...JQdBw",
                "proofPurpose": "assertionMethod",
                "verificationMethod": "did:example:issuer#keys-1"
            }
        }
    ],
    "id": "ebc6f1c2",
    "holder": "did:example:holder",
    "presentation_submission": {
        "id": "Selective disclosure example presentation",
        "definition_id": "Selective disclosure example",
        "descriptor_map": [
            {
                "id": "ID Card with constraints",
                "format": "ldp_vc",
                "path": "$.verifiableCredential[0]"
            }
        ]
    },
    "proof": {
        "type": "Ed25519Signature2018",
        "created": "2021-03-19T15:30:15Z",
        "challenge": "n-0S6_WzA2Mj",
        "domain": "https://client.example.org/cb",
        "jws": "eyJhb...IAoDA",
        "proofPurpose": "authentication",
        "verificationMethod": "did:example:holder#key-1"
    }
}