{
    "id_token": {
        "email": null
    },
    "vp_token": {
        "presentation_definition": {
            "id": "alternative credentials",
            "submission_requirements": [
                {
                    "name": "Citizenship Information",
                    "rule": "pick",
                    "count": 1,
                    "from": "A"
                }
            ],
            "input_descriptors": [
                {
                    "id": "id card credential",
                    "group": [
                        "A"
                    ],
                    "format": {
                        "ldp_vc": {
                            "proof_type": [
                                "Ed25519Signature2018"
                            ]
                        }
                    },
                    "constraints": {
                        "fields": [
                            {
                                "path": [
                                    "$.type"
                                ],
                                "filter": {
                                    "type": "string",
                                    "pattern": "IDCardCredential"
                                }
                            }
                        ]
                    }
                },
                {
                    "id": "passport credential",
                    "format": {
                        "jwt_vc": {
                            "alg": [
                                "RS256"
                            ]
                        }
                    },
                    "group": [
                        "A"
                    ],
                    "constraints": {
                        "fields": [
                            {
                                "path": [
                                    "$.vc.type"
                                ],
                                "filter": {
                                    "type": "string",
                                    "pattern": "PassportCredential"
                                }
                            }
                        ]
                    }
                }
            ]
        }
    }
}