{
  "credential_issuer": "https://credential-issuer.example.com",
  "authorization_servers": [
    "https://server.example.com"
  ],
  "credential_endpoint": "https://credential-issuer.example.com",
  "deferred_credential_endpoint": "https://credential-issuer.example.com/deferred_credential",
  "credential_response_encryption": {
    "alg_values_supported": [
      "ECDH-ES"
    ],
    "enc_values_supported": [
      "A128GCM"
    ],
    "encryption_required": false
  },
  "display": [
    {
      "name": "Example University",
      "locale": "en-US"
    },
    {
      "name": "Example Université",
      "locale": "fr-FR"
    }
  ],
  "credential_configurations_supported": {
    "UniversityDegreeCredential": {
      "format": "jwt_vc_json",
      "scope": "UniversityDegree",
      "cryptographic_binding_methods_supported": [
        "did:example"
      ],
      "credential_signing_alg_values_supported": [
        "ES256"
      ],
      "credential_definition": {
        "type": [
          "VerifiableCredential",
          "UniversityDegreeCredential"
        ]
      },
      "proof_types_supported": {
        "jwt": {
          "proof_signing_alg_values_supported": [
            "ES256"
          ]
        }
      },
      "credential_metadata": {
        "claims": [
          {
            "path": ["credentialSubject", "given_name"],
            "display": [
              {
                "name": "Given Name",
                "locale": "en-US"
              }
            ]
          },
          {
            "path": ["credentialSubject", "family_name"],
            "display": [
              {
                "name": "Surname",
                "locale": "en-US"
              }
            ]
          },
          {"path": ["credentialSubject", "degree"]},
          {
            "path": ["credentialSubject", "gpa"],
            "display": [
              {
                "name": "GPA"
              }
            ]
          }
        ],
        "display": [
          {
            "name": "University Credential",
            "locale": "en-US",
            "logo": {
              "uri": "https://university.example.edu/public/logo.png",
              "alt_text": "a square logo of a university"
            },
            "background_color": "#12107c",
            "text_color": "#FFFFFF"
          }
        ]
      }
    }
  }
}