{
  "iss": "https://issuer.example.com",
  "iat": 1683000000,
  "exp": 1883000000,
  "vct": "https://credentials.example.com/example_credential",
  "ld": {
    "@context": [
      "https://www.w3.org/ns/credentials/v2",
      "https://w3id.org/citizenship/v3"
    ],
    "credentialSubject": {
      "givenName": "John"
    }
  },
  "cnf": {
    "jwk": {
      "kty": "EC",
      "crv": "P-256",
      "x": "TCAER19Zvu3OHF4j4W4vfSVoHIP1ILilDls7vCeGemc",
      "y": "ZxjiWWbZMQGHVWKVQ4hbSIirsVfuecCE6t4jT9F2HZQ"
    }
  }
}