{
  "credentials": [
    {
      "id": "pid",
      "format": "dc+sd-jwt",
      "meta": {
        "vct_values": ["https://credentials.example.com/identity_credential"]
      },
      "claims": [
        {"path": ["given_name"]},
        {"path": ["family_name"]},
        {"path": ["address", "street_address"]}
      ]
    },
    {
      "id": "other_pid",
      "format": "dc+sd-jwt",
      "meta": {
        "vct_values": ["https://othercredentials.example/pid"]
      },
      "claims": [
        {"path": ["given_name"]},
        {"path": ["family_name"]},
        {"path": ["address", "street_address"]}
      ]
    },
    {
      "id": "pid_reduced_cred_1",
      "format": "dc+sd-jwt",
      "meta": {
        "vct_values": ["https://credentials.example.com/reduced_identity_credential"]
      },
      "claims": [
        {"path": ["family_name"]},
        {"path": ["given_name"]}
      ]
    },
    {
      "id": "pid_reduced_cred_2",
      "format": "dc+sd-jwt",
      "meta": {
        "vct_values": ["https://cred.example/residence_credential"]
      },
      "claims": [
        {"path": ["postal_code"]},
        {"path": ["locality"]},
        {"path": ["region"]}
      ]
    },
    {
      "id": "nice_to_have",
      "format": "dc+sd-jwt",
      "meta": {
        "vct_values": ["https://company.example/company_rewards"]
      },
      "claims": [
        {"path": ["rewards_number"]}
      ]
    }
  ],
  "credential_sets": [
    {
      "options": [
        [ "pid" ],
        [ "other_pid" ],
        [ "pid_reduced_cred_1", "pid_reduced_cred_2" ]
      ]
    },
    {
      "required": false,
      "options": [
        [ "nice_to_have" ]
      ]
    }
  ]
}