{
  "client_id": "decentralized_identifier:did:example:123",
  "response_type": "vp_token",
  "redirect_uri": "https://client.example.org/callback",
  "nonce": "n-0S6_WzA2Mj",
  "dcql_query": { ... },
  "client_metadata": {
    "vp_formats_supported": {
      "jwt_vp": {
        "alg_values": [
          "EdDSA",
          "ES256K"
        ]
      },
      "ldp_vp": {
        "proof_type_values": [
          "DataIntegrityProof",
          "Ed25519Signature2020"
        ],
        "cryptosuite_values": [
          "ecdsa-rdfc-2019",
          "ecdsa-sd-2023",
          "ecdsa-jcs-2019",
          "bbs-2023"
        ]
      }
    }
  }
}