{
  "@context": [
    "https://www.w3.org/2018/credentials/v1",
    "https://www.w3.org/2018/credentials/examples/v1"
  ],
  "id": "https://example.com/credentials/1872",
  "type": [
    "VerifiableCredential",
    "IDCredential"
  ],
  "issuer": {
    "id": "did:example:issuer"
  },
  "issuanceDate": "2010-01-01T19:23:24Z",
  "credentialSubject": {
    "given_name": "Max",
    "family_name": "Mustermann",
    "birthdate": "1998-01-11",
    "address": {
      "street_address": "Sandanger 25",
      "locality": "Musterstadt",
      "postal_code": "123456",
      "country": "DE"
    }
  },
  "proof": {
    "type": "Ed25519Signature2018",
    "created": "2021-03-19T15:30:15Z",
    "jws": "eyJhb...JQdBw",
    "proofPurpose": "assertionMethod",
    "verificationMethod": "did:example:issuer#keys-1"
  }
}