<?xml version="1.0" encoding="utf-8"?>
<!-- name="GENERATOR" content="github.com/mmarkdown/mmark Mmark Markdown Processor - mmark.miek.nl" -->
<rfc version="3" ipr="none" docName="openid4vc-high-assurance-interoperability-profile-1_0-04" submissionType="IETF" category="std" xml:lang="en" xmlns:xi="http://www.w3.org/2001/XInclude" indexInclude="true" consensus="true">

<front>
<title abbrev="openid4vc-high-assurance-interoperability-profile">OpenID4VC High Assurance Interoperability Profile 1.0 - draft 04</title><seriesInfo value="openid4vc-high-assurance-interoperability-profile-1_0-04" status="standard" name="Internet-Draft"></seriesInfo>
<author initials="K." surname="Yasuda" fullname="Kristina Yasuda"><organization>SPRIND</organization><address><postal><street></street>
</postal><email>kristina.yasuda@sprind.org</email>
</address></author><author initials="T." surname="Lodderstedt" fullname="Torsten Lodderstedt"><organization>SPRIND</organization><address><postal><street></street>
</postal><email>torsten@lodderstedt.net</email>
</address></author><date/>
<area>Internet</area>
<workgroup>Digital Credentials Protocols</workgroup>
<keyword>security</keyword>
<keyword>openid4vc</keyword>
<keyword>sd-jwt</keyword>
<keyword>sd-jwt-vc</keyword>
<keyword>mdoc</keyword>

<abstract>
<t>This document defines a profile of OpenID for Verifiable Credentials in combination with the credential formats IETF SD-JWT VC <xref target="I-D.ietf-oauth-sd-jwt-vc"></xref> and ISO mdoc <xref target="ISO.18013-5"></xref>. The aim is to select features and to define a set of requirements for the existing specifications to enable interoperability among Issuers, Wallets and Verifiers of Credentials where a high level of security and privacy is required. The profiled specifications include OpenID for Verifiable Credential Issuance <xref target="OIDF.OID4VCI"></xref>, OpenID for Verifiable Presentations <xref target="OIDF.OID4VP"></xref>, IETF SD-JWT VC <xref target="I-D.ietf-oauth-sd-jwt-vc"></xref>, and ISO mdoc <xref target="ISO.18013-5"></xref>.</t>
</abstract>

</front>

<middle>

<section anchor="introduction"><name>Introduction</name>
<t>This document defines a set of requirements for the existing specifications to enable interoperability among Issuers, Wallets and Verifiers of Credentials where a high level of security and privacy is required. This document is an interoperability profile that can be used by implementations in various contexts, be it a certain industry or a certain regulatory environment. Note that while this profile is aimed at high assurance use-cases, it can also be used for lower assurance use-cases.</t>
<t>This document is not a specification, but a profile. It refers to the specifications required for implementations to interoperate among each other and for the optionalities mentioned in the referenced specifications, defines the set of features to be mandatory to implement.</t>
<t>The profile uses OpenID for Verifiable Credential Issuance <xref target="OIDF.OID4VCI"></xref> and OpenID for Verifiable Presentations <xref target="OIDF.OID4VP"></xref> as the base protocols for issuance and presentation of Credentials, respectively. The credential formats used are IETF SD-JWT VC as specified in <xref target="I-D.ietf-oauth-sd-jwt-vc"></xref> and ISO mdoc <xref target="ISO.18013-5"></xref>. Additionally, considerations are given on how the issuance of Credentials in both IETF SD-JWT VC <xref target="I-D.ietf-oauth-sd-jwt-vc"></xref> and ISO mdoc <xref target="ISO.18013-5"></xref> formats can be performed in the same transaction.</t>
<t>A full list of the open standards used in this profile can be found in Overview of the Open Standards Requirements (reference).</t>

<section anchor="target-audience-usage"><name>Target Audience/Usage</name>
<t>The target audience of this document is implementers who require a high level of security and privacy for their solutions. A non-exhaustive list of the interested parties includes anyone implementing <eref target="https://eur-lex.europa.eu/legal-content/EN/TXT/HTML/?uri=OJ:L_202401183">eIDAS 2.0</eref>, <eref target="https://www.dmv.ca.gov/portal/">California Department of Motor Vehicles</eref>, <eref target="https://openwallet.foundation/">Open Wallet Foundation (OWF)</eref>, <eref target="https://idunion.org/?lang=en">IDunion</eref>, <eref target="https://gainforum.org/">GAIN</eref>, and <eref target="https://trustedweb.go.jp/en">the Trusted Web project of the Japanese government</eref>, but is expected to grow to include other jurisdictions and private sector companies.</t>
</section>
</section>

<section anchor="terminology"><name>Terminology</name>
<t>This specification uses the terms &quot;Holder&quot;, &quot;Issuer&quot;, &quot;Verifier&quot;, &quot;Wallet&quot;, &quot;Wallet Attestation&quot;, &quot;Credential Type&quot; and &quot;Verifiable Credential&quot; as defined in <xref target="OIDF.OID4VCI"></xref> and <xref target="OIDF.OID4VP"></xref>.</t>
</section>

<section anchor="scope"><name>Scope</name>
<t>This specification enables interoperable implementations of the following flows:</t>

<ul spacing="compact">
<li>Issuance using OpenID4VCI for IETF SD-JWT VC and ISO mdocs</li>
<li>Presentation using OpenID4VP via redirects or the W3C Digital Credentials API for IETF SD-JWT VC and ISO mdocs</li>
<li>OpenID4VC Credential Format Profiles</li>
</ul>
<t>Implementations of this specification do not have to implement all of the flows listed above, but they MUST be compliant to all of the requirements for a particular flow they chose to implement.</t>
<t>A parameter that is listed as optional to be implemented in a specification that is being profiled (i.e., OpenID4VCI, OpenID4VP, W3C Digital Credentials API, IETF SD-JWT VC, and ISO mdoc) remains optional unless it is stated otherwise in this specification.</t>
<t>The Profile of OpenID4VCI defines Wallet Attestation and Key Attestation.</t>
<t>The Profile of IETF SD-JWT VC defines the following aspects:</t>

<ul spacing="compact">
<li>Status management of the Credentials, including revocation</li>
<li>Cryptographic Key Binding</li>
<li>Issuer key resolution</li>
<li>Issuer identification (as prerequisite for trust management)</li>
</ul>
<t>Mandatory to implement crypto suites are defined for all of the flows.</t>
<t>Note that when OpenID4VP is used, the Wallet and the Verifier can either be remote or in-person.</t>

<section anchor="assumptions"><name>Assumptions</name>
<t>Assumptions made are the following:</t>

<ul spacing="compact">
<li>The Issuers and Verifiers cannot pre-discover Wallet’s capability</li>
<li>The Issuer is talking to the Wallet supporting the features defined in this profile (via Wallet invocation mechanism)</li>
<li>There are mechanisms in place for Verifiers to discover Wallets' and Issuers' capabilities</li>
<li>There are mechanisms in place for Wallets to discover Verifiers' capabilities</li>
<li>There are mechanisms in place for Issuers to discover Wallets' capabilities</li>
</ul>
</section>

<section anchor="scenarios-business-requirements"><name>Scenarios/Business Requirements</name>

<ul spacing="compact">
<li>Combined Issuance of IETF SD-JWT VC and ISO mdoc</li>
<li>Both issuer-initiated and wallet-initiated issuance</li>
<li>Presentation and Issuance of PID and (Q)EAA as defined in Architecture and Reference Framework <xref target="EU.ARF"></xref> implementing <xref target="eIDAS2.0"></xref>.</li>
<li>Issuance and presentation of Credentials with and without cryptographic holder binding</li>
</ul>
</section>

<section anchor="standards-requirements"><name>Standards Requirements</name>
<t>The standards that are being profiled in this specification are:</t>

<ul spacing="compact">
<li>OpenID for Verifiable Credential Issuance <xref target="OIDF.OID4VCI"></xref></li>
<li>OpenID for Verifiable Presentations <xref target="OIDF.OID4VP"></xref></li>
<li>W3C Digital Credentials API <xref target="w3c.digital_credentials_api"></xref></li>
<li>SD-JWT-based Verifiable Credentials (SD-JWT VC) <xref target="I-D.ietf-oauth-sd-jwt-vc"></xref></li>
<li>ISO/IEC 18013-5:2021 Personal identification — ISO-compliant driving licence Part 5: Mobile driving licence (mDL) application <xref target="ISO.18013-5"></xref></li>
</ul>
<t>Note that these standards in turn build upon other underlying standards, and requirements in those underlying standards also need to be followed.</t>
</section>

<section anchor="out-of-scope"><name>Out of Scope</name>
<t>The following items are out of scope for the current version of this document, but might be added in future versions:</t>

<ul spacing="compact">
<li>Trust Management refers to authorization of an Issuer to issue certain types of credentials, authorization of the Wallet to be issued certain types of credentials, authorization of the Verifier to receive certain types of credentials. Although X.509 PKI is extensively utilized in this profile, the methods for establishing trust or obtaining root certificates are out of the scope of this specification.</li>
<li>Protocol for presentation of Verifiable Credentials for offline use-cases, e.g. over BLE.</li>
</ul>
</section>
</section>

<section anchor="openid-for-verifiable-credential-issuance"><name>OpenID for Verifiable Credential Issuance</name>
<t>Both the Wallet and the Credential Issuer:</t>

<ul spacing="compact">
<li>MUST support the authorization code flow.</li>
<li>MUST support at least one of the following Credential Format Profiles defined in <xref target="vc-profiles"></xref>: IETF SD-JWT VC or ISO mdoc. Ecosystems SHOULD clearly indicate which of these formats, IETF SD-JWT VC, ISO mdoc, or both, are required to be supported.</li>
<li>MUST support sender-constrained tokens using the mechanism defined in <xref target="RFC9449"></xref>. Note this requires Wallets to be prepared to handle the <tt>DPoP-Nonce</tt> HTTP response header from the Credential Issuer’s Nonce Endpoint, as well as from other applicable endpoints of the Credential Issuer and Authorization Server.</li>
<li>MUST support <xref target="RFC7636"></xref> with <tt>S256</tt> as the code challenge method.</li>
</ul>
<t>Both Wallet initiated and Issuer initiated issuance are supported.</t>

<section anchor="issuer-metadata"><name>Issuer Metadata</name>
<t>The Authorization Server MUST support metadata according to <xref target="RFC8414"></xref>.</t>
<t>The Credential Issuer MUST support metadata retrieval according to Section 12.2.2 of <xref target="OIDF.OID4VCI"></xref>.
The Credential Issuer metadata MUST include a scope for every Credential Configuration it supports.</t>
<t>When ecosystem policies require Issuer Authentication to a higher level than possible with TLS alone, signed Credential Issuer Metadata as specified in Section 11.2.3 in <xref target="OIDF.OID4VCI"></xref>
MUST be supported by both the Wallet and the Issuer. Key resolution to validate the signed Issuer
Metadata MUST be supported using the <tt>x5c</tt> JOSE header parameter as defined in <xref target="RFC7515"></xref>. In this case, the X.509 certificate of the trust anchor MUST NOT be included in the <tt>x5c</tt> JOSE header of the signed request. The X.509 certificate signing the request MUST NOT be self-signed.</t>
<t>If the Issuer supports Credential Configurations that require key binding, as indicated by the presence of <tt>cryptographic_binding_methods_supported</tt>, the <tt>nonce_endpoint</tt> MUST be present in the Credential Issuer Metadata.</t>
</section>

<section anchor="credential-offer"><name>Credential Offer</name>

<ul spacing="compact">
<li>The Grant Type <tt>authorization_code</tt> MUST be supported as defined in Section 4.1.1 in <xref target="OIDF.OID4VCI"></xref></li>
<li>For Grant Type <tt>authorization_code</tt>, the Issuer MUST include a scope value in order to allow the Wallet to identify the desired Credential Type. The Wallet MUST use that value in the <tt>scope</tt> Authorization parameter.</li>
<li>As a way to invoke the Wallet the custom URL scheme <tt>haip-vci://</tt> MAY be supported. Implementations MAY support other ways to invoke Wallets as agreed upon by trust frameworks/ecosystems/jurisdictions, including but not limited to using other custom URL schemes or claimed &quot;https&quot; scheme URIs.</li>
</ul>
<t>Note: The Authorization Code flow does not require a Credential Offer from the Issuer to the Wallet. However, it is included in the feature set to allow for Issuer initiated Credential issuance.</t>
<t>Both Issuer and Wallet MUST support Credential Offer in both same-device and cross-device flows.</t>
</section>

<section anchor="authorization-endpoint"><name>Authorization Endpoint</name>

<ul spacing="compact">
<li>MUST use Pushed Authorization Requests (PAR) <xref target="RFC9126"></xref> to send the Authorization Request.</li>
<li>Wallets MUST authenticate themselves at the PAR endpoint using the same rules as defined in <xref target="token-endpoint"></xref> for client authentication at the token endpoint.</li>
<li>MUST use the <tt>scope</tt> parameter to communicate Credential Type(s) to be issued. The scope value MUST map to a specific Credential Type. The scope value may be pre-agreed, obtained from the Credential Offer, or the Credential Issuer Metadata.</li>
<li>The <tt>client_id</tt> value in the PAR request MUST be a string that the Wallet has used as the <tt>sub</tt> value in the client attestation JWT.</li>
</ul>
</section>

<section anchor="token-endpoint"><name>Token Endpoint</name>

<ul spacing="compact">
<li>The Wallets MUST perform client authentication as defined in <xref target="wallet-attestation"></xref>.</li>
<li>Refresh tokens are RECOMMENDED to be supported for Credential refresh. For details, see Section 13.5 in <xref target="OIDF.OID4VCI"></xref>.</li>
</ul>
<t>Note: Issuers SHOULD be mindful of how long the usage of the refresh token is allowed to refresh a credential, as opposed to starting the issuance flow from the beginning. For example, if the User is trying to refresh a Credential more than a year after its original issuance, the usage of the refresh tokens is NOT RECOMMENDED.</t>

<section anchor="wallet-attestation"><name>Wallet Attestation</name>
<t>Wallets MUST use Wallet Attestations as defined in Annex E of <xref target="OIDF.OID4VCI"></xref>.</t>
<t>The public key certificate, and optionally a trust certificate chain, used to validate the signature on the Wallet Attestation MUST be included in the <tt>x5c</tt> JOSE header of the Client Attestation JWT.</t>
<t>Individual Wallet Attestations MUST be used for each Issuer and they MUST not contain unique identifiers that would enable linkability between issuance processes. See section 14.4.4 of <xref target="OIDF.OID4VCI"></xref> for details on the Wallet Attestation subject.</t>
</section>
</section>

<section anchor="credential-endpoint"><name>Credential Endpoint</name>
<t>The following proof types MUST be supported:</t>

<ul spacing="compact">
<li><tt>jwt</tt> proof type using <tt>key_attestation</tt></li>
<li><tt>attestation</tt> proof type</li>
</ul>

<section anchor="key-attestation"><name>Key Attestation</name>
<t>Wallets MUST support key attestations. Ecosystems that desire wallet-issuer interoperability on the level of key attestations SHOULD require Wallets to support the format specified in Annex D of <xref target="OIDF.OID4VCI"></xref>. Alternatively, ecosystems MAY choose to rely on other key attestation formats.</t>
<t>If batch issuance is used and the Credential Issuer has indicated (via <tt>cryptographic_binding_methods_supported</tt> metadata parameter) that cryptographic holder binding is required, all public keys used in Credential Request SHOULD be attested within a single key attestation.</t>
</section>
</section>
</section>

<section anchor="openid-for-verifiable-presentations"><name>OpenID for Verifiable Presentations</name>
<t>The following requirements apply to OpenID4VP, irrespective of the flow and Credential Format, unless specified otherwise:</t>

<ul spacing="compact">
<li>The Wallet and Verifier MUST support at least one of the following Credential Format Profiles defined in <xref target="vc-profiles"></xref>: IETF SD-JWT VC or ISO mdoc. Ecosystems SHOULD clearly indicate which of these formats, IETF SD-JWT VC, ISO mdoc, or both, are required to be supported.</li>
<li>The Response type MUST be <tt>vp_token</tt>.</li>
<li>For signed requests, the Verifier MUST use, and the Wallet MUST accept the Client Identifier Prefix <tt>x509_hash</tt> as defined in Section 5.9.3 of <xref target="OIDF.OID4VP"></xref>. The X.509 certificate of the trust anchor MUST NOT be included in the <tt>x5c</tt> JOSE header of the signed request. The X.509 certificate signing the request MUST NOT be self-signed. X.509 certificate profiles to be used with <tt>x509_hash</tt> are out of scope of this specification. Ecosystems MAY define their own X.509 certificate profiles for <tt>x509_hash</tt> and use them accordingly. For example, an mDL ecosystem can use the Reader Authentication Certificate profile defined in ISO/IEC 18013-5, Annex B with <tt>x509_hash</tt>.</li>
<li>The DCQL query and response as defined in Section 6 of <xref target="OIDF.OID4VP"></xref> MUST be used.</li>
<li>Response encryption MUST be performed as specified in <xref target="OIDF.OID4VP" sectionFormat="of" relative="#" section="8.3"></xref>. The JWE <tt>alg</tt> (algorithm) header parameter (see <xref target="RFC7516" sectionFormat="of" relative="#" section="4.1.1"></xref>)
value <tt>ECDH-ES</tt> (as defined in <xref target="RFC7518" sectionFormat="of" relative="#" section="4.6"></xref>), with key agreement utilizing keys on the <tt>P-256</tt> curve (see <xref target="RFC7518" sectionFormat="of" relative="#" section="6.2.1.1"></xref>) MUST be supported.
The JWE <tt>enc</tt> (encryption algorithm) header parameter (see <xref target="RFC7516" sectionFormat="of" relative="#" section="4.1.2"></xref>) value <tt>A128GCM</tt> (as defined in <xref target="RFC7518" sectionFormat="of" relative="#" section="5.3"></xref>) MUST be supported.</li>
<li>Verifiers MUST use ephemeral encryption keys specific to each Authorization Request passed via client metadata as specified in Section 8.3 of <xref target="OIDF.OID4VP"></xref>.</li>
<li>The Authority Key Identifier (<tt>aki</tt>)-based Trusted Authority Query (<tt>trusted_authorities</tt>) for DCQL, as defined in section 6.1.1.1 of <xref target="OIDF.OID4VP"></xref>, MUST be supported. Note that the Authority Key Identifiers mechanism can be used to support multiple X.509-based trust mechanisms, such as ISO mDL VICAL (as introduced in <xref target="ISO.18013-5"></xref>) or ETSI Trusted Lists <xref target="ETSI.TL"></xref>. This is achieved by collecting the relevant X.509 certificates for the trusted Issuers and including the encoded Key Identifiers from the certificates in the <tt>aki</tt> array .</li>
</ul>
<t>Additional requirements for OpenID4VP are defined in <xref target="oid4vp-redirects"></xref>, <xref target="oid4vp-dc-api"></xref> and <xref target="oid4vp-credential-formats"></xref>.</t>
<t>Note that while this document does not define profiles for X.509 certificates used in Verifier authentication (e.g., with the <tt>x509_hash</tt> Client Identifier Prefix), ecosystems are encouraged to define their own certificate issuing policies and certificate profiles. Such policies and profiles MAY specify how information in the certificate corresponds to information in the presentation flows. For example, an ecosystem might require that the Wallet verifies that the <tt>redirect_uri</tt>, <tt>response_uri</tt>, <tt>origin</tt>, or <tt>expected_origin</tt> request parameters match with information contained in the Verifier's end-entity certificate (e.g., its DNS name).</t>

<section anchor="oid4vp-redirects"><name>OpenID for Verifiable Presentations via Redirects</name>
<t>The following requirements apply to OpenID4VP via redirects, unless specified otherwise:</t>

<ul spacing="compact">
<li>As a way to invoke the Wallet, the custom URL scheme <tt>haip-vp://</tt> MAY be supported by the Wallet and the Verifier. Implementations MAY support other ways to invoke the Wallets as agreed upon by trust frameworks/ecosystems/jurisdictions, including but not limited to using other custom URL schemes or claimed &quot;https&quot; scheme URIs.</li>
<li>Signed Authorization Requests MUST be used by utilizing JWT-Secured Authorization Request (JAR) <xref target="RFC9101"></xref> with the <tt>request_uri</tt> parameter.</li>
<li>Response encryption MUST be used by utilizing response mode <tt>direct_post.jwt</tt>, as defined in Section 8.3 of <xref target="OIDF.OID4VP"></xref>. Security Considerations in Section 14.3 of <xref target="OIDF.OID4VP"></xref> MUST be applied.</li>
</ul>
</section>

<section anchor="oid4vp-dc-api"><name>OpenID for Verifiable Presentations via W3C Digital Credentials API</name>
<t>The following requirements apply to OpenID4VP via the W3C Digital Credentials API, unless specified otherwise:</t>

<ul spacing="compact">
<li>Wallet Invocation is done via the W3C Digital Credentials API or an equivalent platform API. Any other mechanism, including Custom URL schemes, MUST NOT be used.</li>
<li>The Response Mode MUST be <tt>dc_api.jwt</tt>.</li>
<li>The Verifier and Wallet MUST use Annex A in <xref target="OIDF.OID4VP"></xref> that defines how to use OpenID4VP over the W3C Digital Credentials API.</li>
<li>The Wallet MUST support both signed and unsigned requests as defined in Annex A.3.1 and A.3.2 of <xref target="OIDF.OID4VP"></xref>. The Verifier MAY support signed requests, unsigned requests, or both.</li>
</ul>
</section>

<section anchor="oid4vp-credential-formats"><name>Requirements specific to Credential Formats</name>

<section anchor="iso-mobile-documents-or-mdocs-iso-iec-18013-and-iso-iec-23220-series"><name>ISO Mobile Documents or mdocs (ISO/IEC 18013 and ISO/IEC 23220 series)</name>
<t>The following requirements apply to all OpenID4VP flows when the mdoc Credential Format is used:</t>

<ul spacing="compact">
<li>The Credential Format identifier MUST be <tt>mso_mdoc</tt>.</li>
<li>The ISO mdoc Credential Format specific DCQL parameter, <tt>intent_to_retain</tt> defined in Annex B.3.1 of <xref target="OIDF.OID4VP"></xref> MUST be present.</li>
<li>When multiple ISO mdocs are being returned, each ISO mdoc MUST be returned in a separate <tt>DeviceResponse</tt> (as defined in 8.3.2.1.2.2 of <xref target="ISO.18013-5"></xref>), each matching to a respective DCQL query. Therefore, the resulting <tt>vp_token</tt> contains multiple <tt>DeviceResponse</tt> instances.</li>
</ul>
</section>

<section anchor="ietf-sd-jwt-vc"><name>IETF SD-JWT VC</name>
<t>The following requirements apply to all OpenID4VP flows when the SD-JWT VC Credential Format is used:</t>

<ul spacing="compact">
<li>The Credential Format identifier MUST be <tt>dc+sd-jwt</tt>.</li>
</ul>
</section>
</section>
</section>

<section anchor="vc-profiles"><name>OpenID4VC Credential Format Profiles</name>
<t>Credential Format Profiles are defined as follows:</t>

<ul spacing="compact">
<li><t>IETF SD-JWT VCs (as specified in <xref target="I-D.ietf-oauth-sd-jwt-vc"></xref>), subject to the additional requirements defined in <xref target="sd-jwt-vc"></xref>:</t>

<ul spacing="compact">
<li><xref target="OIDF.OID4VCI"></xref> – Annex A.3</li>
<li><xref target="OIDF.OID4VP"></xref> – Annex B.3</li>
</ul></li>
<li><t>ISO mdocs:</t>

<ul spacing="compact">
<li><xref target="OIDF.OID4VCI"></xref> – Annex A.2</li>
<li><xref target="OIDF.OID4VP"></xref> – Annex B.2</li>
</ul></li>
</ul>

<section anchor="sd-jwt-vc"><name>IETF SD-JWT VC Profile</name>
<t>This profile defines the following additional requirements for IETF SD-JWT VCs as defined in <xref target="I-D.ietf-oauth-sd-jwt-vc"></xref>.</t>

<ul spacing="compact">
<li>Compact serialization MUST be supported as defined in <xref target="I-D.ietf-oauth-selective-disclosure-jwt"></xref>. JSON serialization MAY be supported.</li>
<li>It is at the discretion of the Issuer whether to use <tt>exp</tt> claim and/or a <tt>status</tt> claim to express the validity period of an SD-JWT VC. The Wallet and the Verifier MUST support both mechanisms.</li>
<li>The <tt>iss</tt> claim, if present, MUST be an HTTPS URL.</li>
<li>The <tt>cnf</tt> claim <xref target="RFC7800"></xref> MUST conform to the definition given in <xref target="I-D.ietf-oauth-sd-jwt-vc"></xref>. Implementations conforming to this profile MUST include the JSON Web Key <xref target="RFC7517"></xref> in the <tt>jwk</tt> member if the corresponding Credential Configuration requires cryptographic holder binding.</li>
<li>The public key used to validate the signature on the Status List Token MUST be included in the <tt>x5c</tt> JOSE header of the Token. The X.509 certificate of the trust anchor MUST NOT be included in the <tt>x5c</tt> JOSE header of the Status List Token. The X.509 certificate signing the request MUST NOT be self-signed.</li>
</ul>
<t>Note: Re-using the same Credential across Verifiers, or re-using the same JWK value across multiple Credentials gives colluding Verifiers a mechanism to correlate the User. There are currently two known ways to address this with SD-JWT VCs. First is to issue multiple instances of the same Credentials with different JWK values, so that if each instance of the Credential is used at only one Verifier, it can be reused multiple times. Another is to use each Credential only once (ephemeral Credentials). It is RECOMMENDED to adopt one of these mechanisms.</t>
<t>Note: If there is a requirement to communicate information about the verification status and identity assurance data of the claims about the subject, the syntax defined by <xref target="OIDF.ekyc-ida"></xref> SHOULD be used. It is up to each jurisdiction and ecosystem, whether to require it to the implementers of this profile.</t>
<t>Note: If there is a requirement to provide the Subject’s identifier assigned and maintained by the Issuer, the <tt>sub</tt> claim MAY be used. There is no requirement for a binding to exist between the <tt>sub</tt> and <tt>cnf</tt> claims. See the Implementation Considerations section in <xref target="I-D.ietf-oauth-sd-jwt-vc"></xref>.</t>
<t>Note: In some Credential Types, it is not desirable to include an expiration date (e.g., diploma attestation). Therefore, this profile leaves its inclusion to the Issuer, or the body defining the respective Credential Type.</t>

<section anchor="issuer-key-resolution"><name>Issuer identification and key resolution to validate an issued Credential</name>
<t>This profile mandates the support for X.509 certificate-based key resolution to validate the issuer signature of an SD-JWT VC. This MUST be supported by all entities (Issuer, Wallet, Verifier). The SD-JWT VC MUST contain the credential issuer's signing certificate along with a trust chain in the <tt>x5c</tt> JOSE header parameter as described in section 3.5 of <xref target="I-D.ietf-oauth-sd-jwt-vc"></xref>. The X.509 certificate of the trust anchor MUST NOT be included in the <tt>x5c</tt> JOSE header of the SD-JWT VC. The X.509 certificate signing the request MUST NOT be self-signed.</t>

<section anchor="cryptographic-holder-binding-between-vc-and-vp"><name>Cryptographic Holder Binding between VC and VP</name>

<ul spacing="compact">
<li>If the credential has cryptographic holder binding, a KB-JWT, as defined in <xref target="I-D.ietf-oauth-sd-jwt-vc"></xref>, MUST always be present when presenting an SD-JWT VC.</li>
</ul>
</section>
</section>
</section>
</section>

<section anchor="crypto-suites"><name>Crypto Suites</name>
<t>Cryptography is required by the following operations:</t>

<ul spacing="compact">
<li>to sign and validate the signature on the Wallet Attestation and its proof of possession</li>
<li>to sign and validate the Issuer's signature on the Verifiable Credential</li>
<li>to sign and validate the Holder's signature on the Verifiable Presentation</li>
<li>to sign and validate the Verifier's signature on the Presentation Request</li>
</ul>
<t>Issuers, Holders, and Verifiers MUST support P-256 (secp256r1) as a key type with the ES256 JWT algorithm <xref target="RFC7518"></xref> for the creation and verification of the above signatures.</t>
<t>When using this profile alongside other crypto suites, each entity SHOULD make it explicit in its metadata which other algorithms and key types are supported for the cryptographic operations.</t>
</section>

<section anchor="hash-algorithms"><name>Hash Algorithms</name>
<t>The hash algorithm SHA-256 MUST be supported by all the entities to generate and validate the digests in the IETF SD-JWT VC and ISO mdoc.</t>
<t>When using this profile alongside other hash algorithms, each entity SHOULD make it explicit in its metadata which other algorithms are supported.</t>
</section>

<section anchor="implementations-considerations"><name>Implementations Considerations</name>

<section anchor="validity-period-of-the-signature-and-the-claim-values"><name>Validity Period of the Signature and the Claim Values</name>
<t><tt>iat</tt> and <tt>exp</tt> JWT claims express both the validity period of both the signature and the claims about the subject, unless there is a separate claim used to express the validity of the claims.</t>
</section>

<section anchor="interoperable-key-attestations"><name>Interoperable Key Attestations</name>
<t>Wallet implementations using the key attestation format specified in Annex D of <xref target="OIDF.OID4VCI"></xref> might need to utilize a transformation (backend) service to create such attestations based on data as provided in other formats by the respective platform or secure key management module. The dependency on such a service might impact the availability of the wallet app as well as the performance of the issuance process. This could be mitigated by creating keys and obtaining the respective key attestations in advance.</t>
</section>
</section>

<section anchor="security_considerations"><name>Security Considerations</name>
<t>The security considerations in <xref target="OIDF.OID4VCI"></xref> and <xref target="OIDF.OID4VP"></xref> apply.</t>
</section>

<section anchor="privacy-considerations"><name>Privacy Considerations</name>

<section anchor="interoperable-key-attestations-1"><name>Interoperable Key Attestations</name>
<t>Wallet implementations using the key attestation format specified in Annex D of <xref target="OIDF.OID4VCI"></xref> might need to utilize a transformation (backend) service to create such attestations based on data as provided in other formats by the respective platform or secure key management module. Such a backend service MUST be designed considering the privacy of its users. For example, the service could be stateless and just perform the transformation of the attestation data without binding the process in any way to a unique user identifier.</t>
</section>
</section>

</middle>

<back>
<references><name>Normative References</name>
<xi:include href="https://xml2rfc.ietf.org/public/rfc/bibxml-ids/reference.I-D.ietf-oauth-sd-jwt-vc.xml"/>
<xi:include href="https://xml2rfc.ietf.org/public/rfc/bibxml-ids/reference.I-D.ietf-oauth-selective-disclosure-jwt.xml"/>
<reference anchor="ISO.18013-5" target="https://www.iso.org/standard/69084.html">
  <front>
    <title>ISO/IEC 18013-5:2021 Personal identification — ISO-compliant driving license — Part 5: Mobile driving license (mDL)  application</title>
    <author>
      <organization>ISO/IEC JTC 1/SC 17 Cards and security devices for personal identification</organization>
    </author>
    <date year="2021"></date>
  </front>
</reference>
<reference anchor="OIDF.OID4VCI" target="https://openid.net/specs/openid-4-verifiable-credential-issuance-1_0.html">
  <front>
    <title>OpenID for Verifiable Credential Issuance 1.0</title>
    <author fullname="Torsten Lodderstedt" initials="T." surname="Lodderstedt">
      <organization>SPRIND</organization>
    </author>
    <author fullname="Kristina Yasuda" initials="K." surname="Yasuda">
      <organization>SPRIND</organization>
    </author>
    <author fullname="Tobias Looker" initials="T." surname="Looker">
      <organization>Mattr</organization>
    </author>
    <author fullname="Paul P. Bastian" initials="P." surname="Bastian">
      <organization>Bundesdruckerei</organization>
    </author>
    <date year="2025" month="September" day="16"></date>
  </front>
</reference>
<reference anchor="OIDF.OID4VP" target="https://openid.net/specs/openid-4-verifiable-presentations-1_0.html">
  <front>
    <title>OpenID for Verifiable Presentations 1.0</title>
    <author fullname="Oliver Terbu" initials="O." surname="Terbu">
      <organization>Mattr</organization>
    </author>
    <author fullname="Torsten Lodderstedt" initials="T." surname="Lodderstedt">
      <organization>SPRIND</organization>
    </author>
    <author fullname="Kristina Yasuda" initials="K." surname="Yasuda">
      <organization>SPRIND</organization>
    </author>
    <author fullname="Daniel Fett" initials="D." surname="Fett">
      <organization>Authlete</organization>
    </author>
    <author fullname="Joseph Heenan" initials="J." surname="Heenan">
      <organization>Authlete</organization>
    </author>
    <date year="2025" month="July" day="9"></date>
  </front>
</reference>
<reference anchor="OIDF.ekyc-ida" target="https://openid.net/specs/openid-connect-4-identity-assurance-1_0-ID4.html">
  <front>
    <title>OpenID Connect for Identity Assurance 1.0</title>
    <author>
      <organization>yes</organization>
    </author>
    <author fullname="Daniel Fett">
      <organization>yes</organization>
    </author>
    <author fullname="Mark Haine">
      <organization>Considrd.Consulting Ltd</organization>
    </author>
    <author fullname="Alberto Pulido">
      <organization>Santander</organization>
    </author>
    <author fullname="Kai Lehmann">
      <organization>1&amp;1 Mail &amp; Media Development &amp; Technology GmbH</organization>
    </author>
    <author fullname="Kosuke Koiwai">
      <organization>KDDI Corporation</organization>
    </author>
    <date year="2022" month="August" day="19"></date>
  </front>
</reference>
<xi:include href="https://xml2rfc.ietf.org/public/rfc/bibxml/reference.RFC.7515.xml"/>
<xi:include href="https://xml2rfc.ietf.org/public/rfc/bibxml/reference.RFC.7516.xml"/>
<xi:include href="https://xml2rfc.ietf.org/public/rfc/bibxml/reference.RFC.7517.xml"/>
<xi:include href="https://xml2rfc.ietf.org/public/rfc/bibxml/reference.RFC.7518.xml"/>
<xi:include href="https://xml2rfc.ietf.org/public/rfc/bibxml/reference.RFC.7636.xml"/>
<xi:include href="https://xml2rfc.ietf.org/public/rfc/bibxml/reference.RFC.7800.xml"/>
<xi:include href="https://xml2rfc.ietf.org/public/rfc/bibxml/reference.RFC.8414.xml"/>
<xi:include href="https://xml2rfc.ietf.org/public/rfc/bibxml/reference.RFC.9101.xml"/>
<xi:include href="https://xml2rfc.ietf.org/public/rfc/bibxml/reference.RFC.9126.xml"/>
<xi:include href="https://xml2rfc.ietf.org/public/rfc/bibxml/reference.RFC.9449.xml"/>
</references>
<references><name>Informative References</name>
<reference anchor="ETSI.TL" target="https://www.etsi.org/deliver/etsi_ts/119600_119699/119612/02.04.01_60/ts_119612v020401p.pdf">
  <front>
    <title>ETSI TS 119 612 V2.4.1 Electronic Signatures and Trust Infrastructures (ESI); Trusted Lists </title>
    <author>
      <organization>European Telecommunications Standards Institute (ETSI)</organization>
    </author>
    <date year="2025" month="Aug"></date>
  </front>
</reference>
<reference anchor="EU.ARF" target="https://eu-digital-identity-wallet.github.io/eudi-doc-architecture-and-reference-framework/latest/">
  <front>
    <title>European Digital Identity Wallet Architecture and Reference Framework</title>
    <author>
      <organization>European Commission</organization>
    </author>
    <date year="2025"></date>
  </front>
</reference>
<reference anchor="IANA.URI.Schemes" target="https://www.iana.org/assignments/uri-schemes">
  <front>
    <title>Uniform Resource Identifier (URI) Schemes</title>
    <author>
      <organization>IANA</organization>
    </author>
    <date></date>
  </front>
</reference>
<reference anchor="eIDAS2.0" target="https://eur-lex.europa.eu/legal-content/EN/TXT/HTML/?uri=OJ:L_202401183">
  <front>
    <title>REGULATION (EU) 2024/1183 OF THE EUROPEAN PARLIAMENT AND OF THE COUNCIL of 11 April 2024 amending Regulation (EU) No 910/2014 as regards establishing the European Digital Identity Framework</title>
    <author>
      <organization>European Union</organization>
    </author>
    <date year="2024"></date>
  </front>
</reference>
<reference anchor="w3c.digital_credentials_api" target="https://www.w3.org/TR/digital-credentials/">
  <front>
    <title>Digital Credentials API</title>
    <author fullname="Marcos Caceres">
      <organization>Apple Inc.</organization>
    </author>
    <author fullname="Tim Cappalli">
      <organization>Okta</organization>
    </author>
    <author fullname="Mohamed Amir Yosef">
      <organization>Google Inc.</organization>
    </author>
    <date year="2025" month="Sep" day="17"></date>
  </front>
</reference>
</references>

<section anchor="iana-considerations"><name>IANA Considerations</name>

<section anchor="uniform-resource-identifier-uri-schemes-registry"><name>Uniform Resource Identifier (URI) Schemes Registry</name>
<t>This specification registers the following URI schemes in the IANA &quot;Uniform Resource Identifier (URI) Schemes&quot; registry <xref target="IANA.URI.Schemes"></xref>.</t>

<section anchor="haip-vci"><name>haip-vci</name>

<ul spacing="compact">
<li>URI Scheme: haip-vci</li>
<li>Description: Custom scheme used for invoking wallets that implement the OIDF HAIP profile to offer a Credential</li>
<li>Status: Permanent</li>
<li>Well-Known URI Support: -</li>
<li>Change Controller: OpenID Foundation Digital Credentials Protocols Working Group - openid-specs-digital-credentials-protocols@lists.openid.net</li>
<li>Reference: <xref target="credential-offer"></xref> of this specification</li>
</ul>
</section>

<section anchor="haip-vp"><name>haip-vp</name>

<ul spacing="compact">
<li>URI Scheme: haip-vp</li>
<li>Description: Custom scheme used for invoking wallets that implement the OIDF HAIP profile to request the presentation of Credentials</li>
<li>Status: Permanent</li>
<li>Well-Known URI Support: -</li>
<li>Change Controller: OpenID Foundation Digital Credentials Protocols Working Group - openid-specs-digital-credentials-protocols@lists.openid.net</li>
<li>Reference: <xref target="oid4vp-redirects"></xref> of this specification</li>
</ul>
</section>
</section>
</section>

<section anchor="Acknowledgements"><name>Acknowledgements</name>
<t>We would like to thank Paul Bastian, Christian Bormann, Brian Campbell, Stefan Charsley, Andrii Deinega, Timo Glastra, Martijn Haring, Łukasz Jaromin, Mike Jones, Philipp Lehwalder, Oliver Terbu, Daniel Fett, Giuseppe De Marco, Joel Posti, and Andreea Prian for their valuable feedback and contributions to this specification.</t>
</section>

<section anchor="notices"><name>Notices</name>
<t>Copyright (c) 2025 The OpenID Foundation.</t>
<t>The OpenID Foundation (OIDF) grants to any Contributor, developer, implementer, or other interested party a non-exclusive, royalty free, worldwide copyright license to reproduce, prepare derivative works from, distribute, perform and display, this Implementers Draft, Final Specification, or Final Specification Incorporating Errata Corrections solely for the purposes of (i) developing specifications, and (ii) implementing Implementers Drafts, Final Specifications, and Final Specification Incorporating Errata Corrections based on such documents, provided that attribution be made to the OIDF as the source of the material, but that such attribution does not indicate an endorsement by the OIDF.</t>
<t>The technology described in this specification was made available from contributions from various sources, including members of the OpenID Foundation and others. Although the OpenID Foundation has taken steps to help ensure that the technology is available for distribution, it takes no position regarding the validity or scope of any intellectual property or other rights that might be claimed to pertain to the implementation or use of the technology described in this specification or the extent to which any license under such rights might or might not be available; neither does it represent that it has made any independent effort to identify any such rights. The OpenID Foundation and the contributors to this specification make no (and hereby expressly disclaim any) warranties (express, implied, or otherwise), including implied warranties of merchantability, non-infringement, fitness for a particular purpose, or title, related to this specification, and the entire risk as to implementing this specification is assumed by the implementer. The OpenID Intellectual Property Rights policy (found at openid.net) requires contributors to offer a patent promise not to assert certain patent claims against other contributors and against implementers. OpenID invites any interested party to bring to its attention any copyrights, patents, patent applications, or other proprietary rights that may cover technology that may be required to practice this specification.</t>
</section>

<section anchor="document-history"><name>Document History</name>
<t>[[ To be removed from the final specification ]]</t>
<t>-04</t>

<ul spacing="compact">
<li>update etsi tl and DC API references</li>
<li>update VP &amp; VCI references to be to 1.0 Final</li>
<li>add separate custom url schemes for issuance and presentation to replace the haip:// scheme</li>
<li>support for haip-vp:// and haip-vci:// custom url schemes is now an ecosystem decision</li>
<li>allow ecosystems the option to use key attestations other than those defined in Annex D of <xref target="OIDF.OID4VCI"></xref> in some cases</li>
<li>clarify nonce endpoint must be present when cryptographic_binding_methods_supported is</li>
<li>remove various requirements around claims present in SD-JWT VC as upstream spec covers them</li>
<li>require ephemeral encryption keys in VP</li>
<li>add note that lower assurance credentials can also be conveyed using this profile</li>
<li>add note on verifier certificate profiling</li>
<li>added support for credentials without cryptographic holder binding</li>
<li>mandate support for aki trusted_authorities method</li>
<li>remove presentation exchange reference since it was removed in openid4vp</li>
<li>Authorization Server and Credential Issuer must support metadata</li>
<li>x509_san_dns &amp; verifier_attestations client id prefixes are no longer permitted, x509_hash must be used</li>
<li>x.509 certificates are now the mandatory mechanism for SD-JWT VC issuer key resolution</li>
<li><tt>x5c</tt> header in Status List Token must be present</li>
<li>clarify that Wallet Attestations must not contain linkable information.</li>
<li>add signed Issuer Metadata</li>
<li>require key attestation for OpenID4VCI</li>
<li>clarify text regarding mdoc specific parameters</li>
<li>add small note that establishing trust in and retrieving root certs is out scope</li>
<li>update wording from Client Identifier Scheme to Client Identifier Prefix #182</li>
<li>fix reference to ARF #177</li>
<li>remove old link in section 8 &amp; clarify a note on claim based binding in OpenID4VP in HAIP #183</li>
<li>Clarify clause 4.1 statement #169</li>
<li>add a list of all specifications being profiled #145</li>
<li>say something about DPoP nonces</li>
<li>refactor to separate generic and SD-JWT clauses</li>
<li>add support for ISO mdoc isssuance</li>
<li>add support for ISO mdoc when using redirect-based OID4VP</li>
<li>remove requirement to support batch endpoint (it was removed from OID4VP)</li>
<li>remove SIOPv2 (webauthn is now the recommended way to handle pseudonymous login)</li>
<li>prohibit self-signed certificates for signing with <tt>x509_hash</tt></li>
<li>trust anchor certificates must not be included in <tt>x5c</tt> headers</li>
</ul>
<t>-03</t>

<ul spacing="compact">
<li>Add initial security considerations section</li>
<li>Update notices section to match latest OIDF process document</li>
</ul>
<t>-02</t>

<ul spacing="compact">
<li>Mandate DCQL instead of presentation exchange</li>
<li>Refactor HAIP and add details for mdoc profile over DC API</li>
<li>Add specific requirements for response encryption</li>
<li>Add SessionTranscript requirements</li>
<li>Update OID4VP reference to draft 24</li>
</ul>
<t>-01</t>

<ul spacing="compact">
<li>Remove the Wallet Attestation Schema and point to OpenID4VCI instead</li>
<li>Rename specification to enable non-SD-JWT credential formats to be included</li>
<li>Require encrypted responses</li>
<li>Remove reference to <tt>client_id_scheme</tt> parameter that no longer exists in OpenID4VP</li>
<li>Refresh tokens are now optional</li>
</ul>
<t>-00</t>

<ul spacing="compact">
<li>initial revision</li>
</ul>
</section>

</back>

</rfc>
