{
    "iss": "http://server.example.com",
    "sub": "248289761001",
    "aud": "s6BhdRkqt3",
    "iat": 1615910538,
    "exp": 1615911138,
    "auth_time": 1615910535,
    "nonce": "960848874",
    "_vp_token": {
        "presentation_submission": {
            "id": "Selective disclosure example presentation",
            "definition_id": "Selective disclosure example",
            "descriptor_map": [
                {
                    "id": "ID Card with constraints",
                    "format": "ldp_vp",
                    "path": "$",
                    "path_nested": {
                        "format": "ldp_vc",
                        "path": "$.verifiableCredential[0]"
                    }
                }
            ]
        }
    }
}