{
   "format": "jwt_vc_json-ld",
   "credential_definition": {
      "@context": [
         "https://www.w3.org/2018/credentials/v1",
         "https://www.w3.org/2018/credentials/examples/v1"
      ],
      "types": [
         "VerifiableCredential",
         "UniversityDegreeCredential"
      ],
      "credentialSubject":{
         "degree":{
            "type":{}
         }
      }
   },
   "proof": {
      "proof_type": "jwt",
      "jwt": "eyJraWQiOiJkaWQ6ZXhhbXBsZ...KPxgihac0aW9EkL1nOzM"
   }
}