{
   "credential_issuer": "https://credential-issuer.example.com",
   "credential_configuration_ids": [
      "UniversityDegreeCredential",
      "org.iso.18013.5.1.mDL"
   ],
   "grants": {
      "urn:ietf:params:oauth:grant-type:pre-authorized_code": {
         "pre-authorized_code": "oaKazRN8I0IbtZ0C7JuMn5",
         "tx_code": {
            "length": 4,
            "input_mode": "numeric",
            "description": "Please provide the one-time code that was sent via e-mail"
         }
      }
   }
}
