{
  "format": "jwt_vc_json",
  "credential_definition": {
    "type": [
      "VerifiableCredential",
      "UniversityDegreeCredential"
    ],
    "credentialSubject": {
      "given_name": {},
      "family_name": {},
      "degree": {}
    }
  },
  "proof": {
    "proof_type": "jwt",
    "jwt": "eyJraWQiOiJkaWQ6ZXhhbXBsZTplYmZlYjFmNzEyZWJjNmYxYzI3NmUxMmVjMjEva2V5cy8
    xIiwiYWxnIjoiRVMyNTYiLCJ0eXAiOiJKV1QifQ.eyJpc3MiOiJzNkJoZFJrcXQzIiwiYXVkIjoiaHR
    0cHM6Ly9zZXJ2ZXIuZXhhbXBsZS5jb20iLCJpYXQiOiIyMDE4LTA5LTE0VDIxOjE5OjEwWiIsIm5vbm
    NlIjoidFppZ25zbkZicCJ9.ewdkIkPV50iOeBUqMXCC_aZKPxgihac0aW9EkL1nOzM"
  }
}