{
  "credential_configurations_supported": {
    "UniversityDegreeCredential": {
      "format": "jwt_vc_json",
      "scope": "UniversityDegree",
      "cryptographic_binding_methods_supported": [
        "did:example"
      ],
      "credential_signing_alg_values_supported": [
        "ES256"
      ],
      "credential_definition": {
        "type": [
          "VerifiableCredential",
          "UniversityDegreeCredential"
        ],
        "credentialSubject": {
          "given_name": {
            "display": [
              {
                "name": "Given Name",
                "locale": "en-US"
              }
            ]
          },
          "family_name": {
            "display": [
              {
                "name": "Surname",
                "locale": "en-US"
              }
            ]
          },
          "degree": {},
          "gpa": {
            "mandatory": true,
            "display": [
              {
                "name": "GPA"
              }
            ]
          }
        }
      },
      "proof_types_supported": {
        "jwt": {
          "proof_signing_alg_values_supported": [
            "ES256"
          ]
        }
      },
      "display": [
        {
          "name": "University Credential",
          "locale": "en-US",
          "logo": {
            "uri": "https://university.example.edu/public/logo.png",
            "alt_text": "a square logo of a university"
          },
          "background_color": "#12107c",
          "text_color": "#FFFFFF"
        }
      ]
    }
  }
}