{
  "format": "ldp_vc",
  "credential_definition": {
    "@context": [
      "https://www.w3.org/2018/credentials/v1",
      "https://www.w3.org/2018/credentials/examples/v1"
    ],
    "type": [
      "VerifiableCredential",
      "UniversityDegreeCredential"
    ],
    "credentialSubject": {
      "degree": {
        "type": {}
      }
    }
  },
  "proof": {
    "proof_type": "ldp_vp",
    "ldp_vp": {
      "@context": [
        "https://www.w3.org/ns/credentials/v2",
        "https://www.w3.org/ns/credentials/examples/v2"
      ],
      "type": [
        "VerifiablePresentation"
      ],
      "holder": "did:key:z6MkvrFpBNCoYewiaeBLgjUDvLxUtnK5R6mqh5XPvLsrPsro",
      "proof": [
        {
          "type": "DataIntegrityProof",
          "cryptosuite": "eddsa-2022",
          "proofPurpose": "authentication",
          "verificationMethod": "did:key:z6MkvrFpBNCoYewiaeBLgjUDvLxUtnK5R6mqh5XPvLsrPsro#z6MkvrFpBNCoYewiaeBLgjUDvLxUtnK5R6mqh5XPvLsrPsro",
          "created": "2023-03-01T14:56:29.280619Z",
          "challenge": "82d4cb36-11f6-4273-b9c6-df1ac0ff17e9",
          "domain": "did:web:audience.company.com",
          "proofValue": "z5hrbHzZiqXHNpLq6i7zePEUcUzEbZKmWfNQzXcUXUrqF7bykQ7ACiWFyZdT2HcptF1zd1t7NhfQSdqrbPEjZceg7"
        }
      ]
    }
  }
}