<?xml version="1.0" encoding="utf-8"?>
<!-- name="GENERATOR" content="github.com/mmarkdown/mmark Mmark Markdown Processor - mmark.miek.nl" -->
<rfc version="3" ipr="none" docName="openid-connect-self-issued-v2-1_0-04" submissionType="IETF" category="std" xml:lang="en" xmlns:xi="http://www.w3.org/2001/XInclude" consensus="true">

<front>
<title abbrev="siop-v2">Self-Issued OpenID Provider v2</title><seriesInfo value="openid-connect-self-issued-v2-1_0-04" status="standard" name="Internet-Draft"></seriesInfo>
<author initials="K." surname="Yasuda" fullname="Kristina Yasuda"><organization>Microsoft</organization><address><postal><street></street>
</postal><email>kristina.yasuda@microsoft.com</email>
</address></author>
<author initials="M." surname="Jones" fullname="Michael B. Jones"><organization>Microsoft</organization><address><postal><street></street>
</postal><email>mbj@microsoft.com</email>
</address></author>
<author initials="T." surname="Looker" fullname="Tobias Looker"><organization>Mattr</organization><address><postal><street></street>
</postal><email>tobias.looker@mattr.global</email>
</address></author>
<date/>
<area>Internet</area>
<workgroup>connect</workgroup>
<keyword>security</keyword>
<keyword>openid</keyword>
<keyword>ssi</keyword>

<abstract>
<t>OpenID Connect defines mechanism by which an End-user can leverage an OpenID Provider (OP) to release identity information (such as authentication and attributes) to a Relying Party (RP) which can act on that information.</t>
<t>This specification extends OpenID Connect with the concept of a Self-Issued OpenID Provider (Self-Issued OP), an OP which is within the End-User’s local control. End-users can leverage Self-Issued OPs to authenticate themselves and present claims directly to the Relying Parties. This allows users to interact with RPs directly, without relying on a third-party provider or requiring the End-User to operate their own hosted infrastructure.</t>
</abstract>

</front>

<middle>

<section anchor="introduction"><name>Introduction</name>
<t>This specification extends OpenID Connect with the concept of a <em>Self-Issued OpenID Provider</em> (Self-Issued OP), an OP which is within the End-User’s local control. End-users can leverage Self-Issued OPs to authenticate themselves and present claims directly to Relying Parties. This allows users to interact with RPs directly, without relying on a third-party provider or requiring the End-User to operate their own hosted infrastructure.</t>
<t>An OP releases identity information such as End-user authentication in the form of an ID Token. An RP will typically trust an ID token based the relationship between the RP and OP. The OP has a reputation-based stake with both RPs and End-Users to provide correct information.</t>
<t>A <em>Self-Issued ID Token</em> is an ID Token issued by a Self-Issued OP. A Self-Issued ID Token differs in that the trust relationship is directly with the End-user.</t>
<t>Because a Self-Issued ID Token does not have the broad reputational trust of a traditional hosted OP, claims by about the End-user (e.g. birthdate) are by default self-asserted and non-verifiable. Separate specifications such as <xref target="OIDC4VP"></xref> describe how to present claims from third-party sources which are cryptographically verifiable.</t>
<t>The extensions defined in this specification provide the protocol and policy-level changes needed to support this model of Self-Issued Identity Providers. Aspects not defined in this specification are expected to continue to follow OpenID Connect Core 1.0.</t>
<t>Note: This specification replaces <eref target="https://identity.foundation/did-siop/">Self-Issued OpenID Connect Provider DID Profile v0.1</eref> and was written as a working item of a liaison between Decentralized Identity Foundation and OpenID Foundation.</t>
</section>

<section anchor="use-cases"><name>Use-cases</name>

<section anchor="resilience-against-sudden-or-planned-op-unavailability"><name>Resilience against Sudden or Planned OP Unavailability</name>
<t>An OpenID Provider's infrastructure may become unavailable or even destroyed due to natural disasters such as hurricanes, tsunamis and fires, or may be removed from service as a planned business decision. As Self-Issued OPs are local to the End-user environment, there is resilience against such events simultaneously affecting a significant portion of otherwise unimpacted End-Users.</t>
</section>

<section anchor="authentication-at-the-edge"><name>Authentication at the edge</name>
<t>As internet-connected smartphones have risen in availability, traditionally in-person interactions and services have begun to be optimized with digital alternatives. These services often have requirements for digital authentication and for other identity credentials. Self-Issued OPs can provide this authentication directly, without needing to delegate to remote, hosted OPs. This potentially allows for increased efficiency as well as allowing for authentication in environments which may have reduced connectivity.</t>
</section>

<section anchor="sharing-credentials-from-several-issuers-in-one-transaction"><name>Sharing credentials from several issuers in one transaction</name>
<t>When End-users apply to open a banking account online, in most countries they are required to submit scanned versions of the required documents. These documents are usualy issued by different authorities, and hard to be verified in a digital form. A Self-issued OP directly representing the user may have access to a greater set of such information as credentials, while a traditional OP may not have a business relationship which enables access to such a breadth of information. Self-Issued OPs could aggregate credentials from multiple sources, then release them within a single transaction to a relying party. The relying party can then verify the authenticity of the information to make the necessary business decisions.</t>
</section>

<section anchor="aggregation-of-multiple-personas-under-one-self-issued-op"><name>Aggregation of multiple personas under one Self-Issued OP</name>
<t>End-users often use several hosted OpenID Providers for different Relying Parties. While there are many reasons to do this, often this is done to have separately maintained identities, such as keeping a work-related persona separate from a personal persona. An End-user may do this to specifically represent different sets of claims, or because they what to prevent relying parties from correlating their activities by using the same OP. The usage of multiple OPs can create friction later, as the end-user may return later having forgot which OP they used for the relying party.</t>
<t>A single Self-Issued OP can be chosen by the End-user based on its capability to meet specific needs and privacy concerns. The separately-defined ability to present third-party credentials allows the RP to accept Self-Issued ID Tokens while still evaluating attributes using reputational trust of the credential issuers.</t>
</section>
</section>

<section anchor="scope"><name>Scope</name>
<t>As a Self-Issued OP may be running locally as a native application or progressive web application, the RP may not have a network-addressable endpoint to communicate directly with the OP. This specification leverages the implicit flow of OpenID Connect to communicate with such locally-running OP, and extends OpenID Connect Discovery to represent the differences from traditional OPs.</t>
<t>This document is scoped for a deployment model where Self-Issued OP is deployed on an End-user's device.</t>
<t>This specification defines:</t>

<ul>
<li><t>Invocation of Self-Issued OP</t>
</li>
</ul>
<t>This specification defines extensions to the OpenID Connect implicit flow to invoke a Self-Issued OP from a Relying Party. It also proposes user experience behavior when no appropriate Self-Issued Op is available locally.</t>

<ul>
<li><t>Automatic Registration of supported functionality between a RP and Self-Issued OP</t>
</li>
</ul>
<t>OpenID Connect typically leverages a registration between a Client (acting as a RP) and the OP, which pre-establishes supported functionality before a request has been made. This may be done statically, or may leverage a combination of OpenID Connect Discovery and OpenID Connect Dynamic Client Registration.</t>
<t>Relying Parties typically cannot pre-establish registration with a Self-Issued OP, as each End-user might be represented by a different, locally-controlled Self-Issued OP instance. This specification extends the authentication request with a mechanism with additional dynamic registration techniques for feature negotiation.</t>

<ul>
<li><t>Additional claims and processing requirements of Self-Issued ID Tokens</t>
</li>
<li><t>Including self-asserted (non-verifiable) claims within a Self-Issued ID Token</t>
</li>
<li><t>Usage of cryptographically-verifiable identifiers as a way for RPs to identify the Authenticated user</t>
</li>
</ul>
<t>A <em>cryptographically-verifiable identifier</em> is an identifier which is either based upon or can be resolved to cryptographic key material. Self-Issued OPs can prove possession of the underlying key during the OpenID message exchange with the RP. Future exchanges based on the same identifier serve to strongly re-authenticate the End-user.</t>
<t>This specification defines a subject identifier which is a thumbprint of the public key material. The public key itself is shared within the id_token as a <em>JSON Web Key</em> (JWK). The cryptographic algorithm needs to be supported by both the Self-Issued OP and RP.</t>
<t>This specification also allows for <em>resolvable identifiers</em>, which are URI which can resolve various types of authoritative data underneath an appropriate <em>resolution method</em>. Resolvable identifiers may be used as the subject identifier when they can be resolved to a set one or more of cryptographic keys that identify the subject. In addition to cryptographic algorithms, both the Self-Issued OP and RP need to support the resolution method. The resolution method is based on a the URI itself, such as a &quot;https&quot; resolution method. One example of such a resolvable identifier would be a <em>Decentralized Identifier</em> (DID), where resolution methods would typically also include the <em>DID Method</em>, e.g. &quot;did:web&quot;.</t>
<t>For compatibility with the existing JWS/JWE-based cryptography of OpenID Connect, it is assumed such resolved cryptographic identities are representable as a <em>JSON Web Key Set</em> (JWKS). Each key in the set would have a cryptographic algorithm, key identifier, and associated key material.</t>
<t>The following are considered out of scope of this document:</t>

<ul>
<li><t>Presentation of aggregated credentials</t>
</li>
</ul>
<t>A traditional OP could release additional claims about the user within an ID Token such as a verified email address. The trust in the validity of the claim is based on the trust between the RP and OP.</t>
<t>A Self-Issued OP can present two types of claims - self-attested claims and claims from a third-party issuer which are cryptographically verifiable.</t>
<t>This specification relies on other specifications to define the method to present credentials from third-party issuers. One such example is <xref target="OIDC4VP"></xref>, which describes the usage of Verifiable Credentials and Verifiable Presentations with OpenID Connect.</t>

<ul>
<li><t>Use of a SIOP even if the SIOP and RP reside on different devices.</t>
</li>
</ul>
<t>The user might want to use her SIOP, run on her smartphone, to login to or share claims with an RP she is using on a dfferent device, e.g. a tablet or workstation.</t>
<t>Out of Scope:
* Provisioning of aggregated credentials</t>
<t>The mechanism for a Self-Issued OP to acquire credentials which can be presented is out of scope of this document. Similar to presentation, a traditional OP may also wish to acquire third-party credentials to present to Relying Parties. One mechanism to provision credentials is being defined within the Claims Aggregation specification.</t>
</section>

<section anchor="terms-and-definitions"><name>Terms and definitions</name>
<t>Common terms in this document come from four primary sources: DID-CORE, VC-DATA, RFC6749 and OpenID-Core. In the case where a term has a definition that differs, the definition below is authoritative.</t>

<ul>
<li><t>Trust framework</t>

<ul>
<li><t>a legally enforceable set of specifications, rules, and agreements that govern a multi-party system established for a common purpose, designed for conducting specific types of transactions among a community of participants, and bound by a common set of requirements. [OIX]</t>
</li>
</ul></li>
<li><t>Cryptographically-verifiable identifier</t>

<ul>
<li><t>an identifier which is either based upon or resolves to cryptographic key material.</t>
</li>
</ul></li>
</ul>

<section anchor="abbreviations"><name>Abbreviations</name>

<ul>
<li><t>Self-Issued OP: Self-Issued OpenID Provider</t>
</li>
<li><t>RP: Relying Party</t>
</li>
<li><t>OP: OpenID Provider</t>
</li>
</ul>
</section>
</section>

<section anchor="protocol-flow"><name>Protocol Flow</name>
<t>Self-Issued OpenID Provider Request is an OpenID Connect Authentication Request that results in an End-user providing ID Token to the Relying Party through the Self-Issued OP. ID Token MAY include attested claims about the End-user.</t>
<figure><name>Self-Issued Op Protocol Flow
</name>
<sourcecode type="ascii-art">+------+                                           +----------------+
|      |                                           |                |
|      |--(1) Self-Issued OpenID Provider Request-&gt;|                |
|      |     (Authentication Request)              |                |
|      |       +----------+                        |                |
|      |       |          |                        |                |
|      |       | End-User |                        |                |
|  RP  |       |          |&lt;-(2) AuthN &amp; AuthZ----&gt;| Self-Issued OP |
|      |       |          |                        |                |
|      |       +----------+                        |                |
|      |                                           |                |
|      |&lt;-(3) Self-Issued OpenID Provider Response-|                |
|      |      (Self-Issued ID Token)               |                |
|      |                                           |                |
+------+                                           +----------------+
</sourcecode>
</figure>
</section>

<section anchor="discovery-and-negotiation"><name>Discovery and Negotiation</name>

<section anchor="self-issued-openid-provider-discovery"><name>Self-Issued OpenID Provider Discovery</name>
<t>When the End-user first interacts with the RP there are no established means to signal where to direct the request for an available Self-Issued OP application. Even if possible, such signals may be susceptible to fingerprinting and passive tracking of the End-user.</t>
<t>The RP is therefore responsible for selecting where to direct the request URL. When the RP wants to support the End-user's choice to select from multiple possible Self-Issued OP applications, it MAY present a static list of the available choices. This is very similar to the process of supporting multiple different social networks.</t>
<t>Alternatively the RP MAY belong to at least one trust framework. The trust framework is then responsible for hosting a public website that maintains the latest platform specific metadata for all supported Self-Issued OP applications, known as app-link or universal link at the time of publication. The RP forms the request URL to that shared website and any of the supported installed applications will instead be launched and given the request to process. If none are available, the website will be displayed with the static list for the End-user to choose from to install or use.</t>
<t>The trust framework MAY be operated by just one RP, but due to the required maintenance of every application's metadata (which may change frequently) this burden SHOULD be shared across multiple RPs. The same trust framework MAY also be used to host metadata about the supported RPs such that the Self-Issued OP applications can verify the origin of the incoming request as part of the framework as well.</t>
<t>The legacy usage of custom protocol schemas such as <tt>openid:</tt> as a way to invoke any installed Self-Issued OP is NOT RECOMMENDED due to the security issues (see (invocation-using-custom-schema) in Privacy Considerations section).</t>

<section anchor="self-issued-openid-provider-discovery-metadata"><name>Self-Issued OpenID Provider Discovery Metadata</name>
<t>If the input identifier for the discovery process contains the domain self-issued.me, dynamic discovery is not performed. Instead, then the following static configuration values are used:</t>

<ul>
<li><t>authorization_endpoint</t>

<ul>
<li><t>REQUIRED. MUST include <tt>openid:</tt>, could also include additional custom schema.</t>
</li>
</ul></li>
<li><t>issuer</t>

<ul>
<li><t>REQUIRED. MUST be <tt>https://self-issued.me/v2</tt></t>
</li>
</ul></li>
<li><t>response<em>types</em>supported</t>

<ul>
<li><t>REQUIRED. MUST be <tt>id_token</tt></t>
</li>
</ul></li>
<li><t>scopes_supported</t>

<ul>
<li><t>REQUIRED. A JSON array of strings representing supported scopes. Valid values include <tt>openid</tt>, <tt>profile</tt>, <tt>email</tt>, <tt>address</tt>, and <tt>phone</tt>.</t>
</li>
</ul></li>
<li><t>subject<em>types</em>supported</t>

<ul>
<li><t>REQUIRED. A JSON array of strings representing supported subject types. Valid values include <tt>pairwise</tt> and <tt>public</tt>.</t>
</li>
</ul></li>
<li><t>id<em>token</em>signing<em>alg</em>values_supported</t>

<ul>
<li><t>REQUIRED. ID token signing alg values supported. Valid values include <tt>RS256</tt>, <tt>ES256</tt>, <tt>ES256K</tt>, and <tt>EdDSA</tt>.</t>
</li>
</ul></li>
<li><t>request<em>object</em>signing<em>alg</em>values_supported</t>

<ul>
<li><t>REQUIRED. Request object signing alg values supported. Valid values include <tt>none</tt>, <tt>RS256</tt>, <tt>ES256</tt>, <tt>ES256K</tt>, and <tt>EdDSA</tt>.</t>
</li>
</ul></li>
</ul>
<t>The following is a non-normative example of the supported Self-issued OP Discovery metadata values:</t>

<artwork>  {
   &quot;authorization_endpoint&quot;:
    &quot;openid:&quot;,
   &quot;issuer&quot;:
    &quot;https://self-issued.me/v2&quot;,
   &quot;response_types_supported&quot;:
    [&quot;id_token&quot;],
   &quot;scopes_supported&quot;:
    [&quot;openid&quot;, &quot;profile&quot;, &quot;email&quot;, &quot;address&quot;, &quot;phone&quot;],
   &quot;subject_types_supported&quot;:
    [&quot;pairwise&quot;],
    &quot;id_token_signing_alg_values_supported&quot;:
    [&quot;ES256&quot;, &quot;ES256K&quot;],
   &quot;request_object_signing_alg_values_supported&quot;:
    [&quot;ES256&quot;, &quot;ES256K&quot;]
  }
</artwork>
</section>
</section>

<section anchor="relying-party-registration"><name>Relying Party Registration</name>
<t>Relying Party must communicate which metadata parameters it supports. If Self-Issued OP and RP mutually support a compatible set of parameters, Self-Issued OP flow continues. If they do not, Self-Issued OP returns an error. Metadata parameters should preferrably be sent by reference as a URI, but when RP cannot host a webserver, they can be sent by value.</t>
<t>OpenID Connect defines the following negotiation parameters to enable Relying Party to provide information about itself to a Self-Issued OP that would normally be provided to an OP during Dynamic Client Registration:</t>
<t><tt>registration</tt> <bcp14>OPTIONAL</bcp14>. This parameter enables RP Registration Metadata to be passed in a single, self-contained parameter. The value is a JSON object containing RP Registration Metadata values.</t>
<t><tt>registration_uri</tt> <bcp14>OPTIONAL</bcp14>. This parameter enables RP Registration Metadata to be passed by reference, rather than by value. The request_uri value is a URL using the https scheme referencing a resource containing RP Negotiation Metadata values.</t>
<t>RP MUST use either of there parameters, but if one of these parameters is used, the other MUST NOT be used in the same request.</t>
<t>RP Negotiation metadata values are defined in Section 4.3 and Section 2.1 of the OpenID Connect Dynamic RP Registration 1.0 <xref target="OpenID.Registration"></xref> specification.</t>
<t>If Self-Issued OP supports the same parameters, Self-Issued OpenID Provider flow continues, if Self-Issued OP does not support, it returns an error.</t>
<t>If no error is returned, the RP must proceed as if it had obtained the following Client Registration Response:</t>

<ul>
<li><t>client_id</t>

<ul>
<li><t><tt>redirect_uri</tt> value of the Client.</t>
</li>
</ul></li>
<li><t>client<em>secret</em>expires_at</t>

<ul>
<li><t>0</t>
</li>
</ul></li>
</ul>
<t>Metadata parameters should preferably be sent by reference as a URI using <tt>registration_uri</tt> parameter, but when RP cannot host a webserver, metadata parameters should be sent by value using <tt>registration</tt> parameter.</t>
<t><tt>registration</tt> and <tt>registration_uri</tt> parameters SHOULD NOT be used when the OP is not a Self-Issued OP.</t>

<section anchor="passing-relying-party-registration-metadata-by-value"><name>Passing Relying Party Registration Metadata by Value</name>
<t>The <tt>registration</tt> SIOP Request parameter enables RP Registration Metadata to be passed in a single, self-contained parameter.</t>
<t>The registration parameter value is represented in an OAuth 2.0 request as a UTF-8 encoded JSON object (which ends up being form-urlencoded when passed as an OAuth parameter). When used in a Request Object value, per Section 6.1, the JSON object is used as the value of the registration member.</t>
</section>

<section anchor="passing-relying-party-registration-metadata-by-reference"><name>Passing Relying Party Registration Metadata by Reference</name>
<t>The <tt>registration_uri</tt> SIOP Request parameter enables RP Registration Metadata to be passed by reference.</t>
<t>This parameter is used identically to the request parameter, other than that the Relying Party registration metadata value is retrieved from the resource at the specified URL, rather than passed by value.</t>
<t>The contents of the resource referenced by the URL MUST be a RP Registration Metadata Object. The scheme used in the <tt>registration_uri</tt> value MUST be https. The request_uri value MUST be reachable by the Self-Issued OP, and SHOULD be reachable by the RP.</t>
</section>

<section anchor="relying-party-registration-metadata-values"><name>Relying Party Registration Metadata Values</name>
<t>This extension defines the following RP Registration Metadata values, used by the RP to provide information about itself to the Self-Issued OP:</t>

<ul>
<li><t>subject<em>identifier</em>types_supported</t>

<ul>
<li><t>REQUIRED. A JSON array of strings representing supported subject identifier types. Valid values include <tt>jkt</tt> and <tt>did</tt>.</t>
</li>
</ul></li>
<li><t>did<em>methods</em>supported</t>

<ul>
<li><t>OPTIONAL. A JSON array of strings representing supported DID methods. Valid values must take the value of <tt>Method Name</tt> in Chapter 9 of <xref target="did-spec-registries"></xref>, such as <tt>did:peer:</tt> RP can indicate support for any DID method by omitting <tt>did_methods_supported</tt>, while including <tt>did</tt> in `subject<em>identifier</em>types_supported'.</t>
</li>
</ul></li>
</ul>
<t>Other registration parameters defined in <xref target="OpenID.Registration"></xref> could be used. Examples are explanatory parameters such as policy<em>uri, tos</em>uri, and logo<em>uri. If the RP uses more than one Redirection URI, the redirect</em>uris parameter would be used to register them. Finally, if the RP is requesting encrypted responses, it would typically use the jwks<em>uri, id</em>token<em>encrypted</em>response<em>alg and id</em>token<em>encrypted</em>response_enc parameters.</t>
<t>Registration parameter may include decentralized identifier of the RP.</t>
<t>The following is a non-normative example of the supported RP Registration Metadata Values:</t>

<sourcecode type="json">  {
   &quot;subject_identifier_types_supported&quot;:
    [&quot;did&quot;, &quot;jkt&quot;],
    &quot;did_methods_supported&quot;:
    [&quot;did:key:&quot;, &quot;did:example:&quot;]
  }
</sourcecode>
</section>
</section>

<section anchor="sub-types"><name>Sub Types</name>
<t>A sub type is used by Self-Issued OP to advertise which types of identifiers are supported for the <tt>sub</tt> claim. Two types are defined by this specification:</t>

<ul>
<li><t><tt>jkt</tt></t>

<ul>
<li><t>JWK Thumbprint Subject sub type. When this subject sub type is used, the <tt>sub</tt> claim value MUST be the base64url encoded representation of the thumbprint of the key in the <tt>sub_jwk</tt> claim [RFC7638], and <tt>sub_jwk</tt> MUST be included in the Self-Issed OP response.</t>
</li>
</ul></li>
<li><t><tt>did</tt></t>

<ul>
<li><t>Decentralized Identifier sub type. When this subject type is used,  the <tt>sub</tt> value MUST be a DID defined in <xref target="DID-CORE"></xref>, and <tt>sub_jwk</tt> MUST NOT be included in the Self-Issed OP response. The subject type MUST be cryptographicaly verified against the resolved DID Document as defined in Self-Issued OP Validation.</t>
</li>
</ul></li>
</ul>
<t>NOTE: Consider adding a subject type for OpenID Connect Federation entity statements.</t>
</section>

<section anchor="relying-party-registration-metadata-error-response"><name>Relying Party Registration Metadata Error Response</name>
<t>This extension defines the following error codes that MUST be returned when Self-Issued OP does not support all of the Relying Party Registration metadata values received from the Relying Party in the registration parameter:</t>

<ul>
<li><t><tt>did_methods_not_supported</tt></t>

<ul>
<li><t>The Self-Issued OP does not support all of the DID methods included in <tt>did_methods_supported</tt> parameter.</t>
</li>
</ul></li>
<li><t><tt>subject_identifier_types_not_supported</tt></t>

<ul>
<li><t>The Self-Issued OP does not support all of the subject identifier types included in <tt>subject_identifier_types_supported</tt> parameter.</t>
</li>
</ul></li>
<li><t><tt>credential_formats_not_supported</tt></t>

<ul>
<li><t>The Self-Issued OP does not support all of the credential formats included in <tt>credential_formats_supported</tt> parameter.</t>
</li>
</ul></li>
<li><t><tt>value_not_supported</tt></t>

<ul>
<li><t>The Self-Issued OP does not support more than one of the RP Registration Metadata values defined in Section 4.3. When not supported metadata values are DID methods, subject identifier types, or credential formats, more specific error message must be used.</t>
</li>
</ul></li>
<li><t><tt>invalid_registration_uri</tt></t>

<ul>
<li><t>The registration_uri in the Self-Issued OpenID Provider request returns an error or contains invalid data.</t>
</li>
</ul></li>
<li><t><tt>invalid_registration_object</tt></t>

<ul>
<li><t>The registration parameter contains an invalid RP Registration Metadata Object.</t>
</li>
</ul></li>
</ul>
<t>Error response must be made in the same manner as defined in Section 3.1.2.6.</t>
</section>
</section>

<section anchor="identifier-portability-and-verifiable-presentation-support"><name>Identifier Portability and Verifiable Presentation Support</name>
</section>

<section anchor="siop_authentication_request"><name>Self-Issued OpenID Provider Request</name>
<t>The RP sends the Authentication Request to the Authorization Endpoint with the following parameters:</t>

<ul>
<li><t><tt>scope</tt></t>

<ul>
<li><t>REQUIRED. <tt>scope</tt> parameter value, as specified in Section 3.1.2.</t>
</li>
</ul></li>
<li><t><tt>response_type</tt></t>

<ul>
<li><t>REQUIRED. Constant string value <tt>id_token</tt>.</t>
</li>
</ul></li>
<li><t><tt>client_id</tt></t>

<ul>
<li><t>REQUIRED. Client ID value for the Client, which in this case contains the <tt>redirect_uri</tt> value of the RP.</t>
</li>
</ul></li>
<li><t><tt>redirect_uri</tt></t>

<ul>
<li><t>REQUIRED. MUST equal to <tt>client_id</tt> value. MUST be included for compatibility reasons.</t>
</li>
</ul></li>
<li><t><tt>id_token_hint</tt></t>

<ul>
<li><t>OPTIONAL. id<em>token</em>hint parameter value, as specified in Section 3.1.2. If the ID Token is encrypted to the Self-Issued OP, the sub (subject) of the signed ID Token MUST be sent as the kid (Key ID) of the JWE.</t>
</li>
</ul></li>
<li><t><tt>claims</tt></t>

<ul>
<li><t>OPTIONAL. claims parameter value, as specified in Section 5.5.</t>
</li>
</ul></li>
<li><t><tt>registration</tt></t>

<ul>
<li><t>OPTIONAL. This parameter is used by the RP to provide information about itself to a Self-Issued OP that would normally be provided to an OP during Dynamic RP Registration, as specified in Section 2.2.1.</t>
</li>
</ul></li>
<li><t><tt>registration_uri</tt></t>

<ul>
<li><t>OPTIONAL. This parameter is used by the RP to provide information about itself to a Self-Issued OP that would normally be provided to an OP during Dynamic RP Registration, as specified in Section 2.2.2.</t>
</li>
</ul></li>
<li><t><tt>request</tt></t>

<ul>
<li><t>OPTIONAL. Request Object value, as specified in Section 6.1. The Request Object MAY be encrypted to the Self-Issued OP by the RP. In this case, the sub (subject) of a previously issued ID Token for this RP MUST be sent as the kid (Key ID) of the JWE.</t>
</li>
</ul></li>
<li><t><tt>request_uri</tt></t>

<ul>
<li><t>OPTIONAL. URL where Request Object value can be retrieved from, as specified in Section 6.2.</t>
</li>
</ul></li>
</ul>
<t>When <tt>request</tt> or <tt>request_uri</tt> parameters are NOT present, <tt>registration</tt> or <tt>registration_uri</tt> parameters MUST be present in the request. When <tt>request</tt> or <tt>request_uri</tt> parameters are present, <tt>registration</tt> or <tt>registration_uri</tt> parameters MUST be included in either of those parameters.</t>
<t>Since it is an Implicit Flow response, <tt>nonce</tt> Claim MUST be present.</t>
<t>Other parameters MAY be sent. Note that all Claims are returned in the ID Token.</t>
<t>The entire URL MUST NOT exceed 2048 ASCII characters.</t>
<t>The following is a non-normative example HTTP 302 redirect response by the RP, which triggers the User Agent to make an Authentication Request to the Self-Issued OP (with line wraps within values for display purposes only):</t>

<artwork>  HTTP/1.1 302 Found
  Location: openid://?
    response_type=id_token
    &amp;client_id=https%3A%2F%2Fclient.example.org%2Fcb
    &amp;redirect_uri=https%3A%2F%2Fclient.example.org%2Fcb
    &amp;scope=openid%20profile
    &amp;state=af0ifjsldkj
    &amp;nonce=n-0S6_WzA2Mj
    &amp;registration=%7B%22logo_uri%22%3A%22https%3A%2F%2F
      client.example.org%2Flogo.png%22%7D
</artwork>
</section>

<section anchor="siop-authentication-response"><name>Self-Issued OpenID Provider Response</name>
<t>Self-Issued OpenID Provider Response is returned when Self-Issued OP supports all of the Relying Party Registration metadata values received from the Relying Party in the registration parameter. If even one of the Relying Party Registration Metadata Values is not supported, Self-Issued OP MUST return an error according to Section 4.4.</t>
<t>The response contains an ID Token and, if applicable, further response parameters as defined in extensions. As an example, the response MAY also include a VP token as defined in [OIDC4VP].</t>
<t>This extension defines the following claims to be included in the ID token for use in Self-Issued OpenID Provider Responses:</t>

<ul>
<li><t><tt>sub</tt></t>

<ul>
<li><t>REQUIRED. Subject identifier value, represented by a URI. When sub type is <tt>jkt</tt>, the value is the base64url encoded representation of the thumbprint of the key in the <tt>sub_jwk</tt> Claim. When sub type is <tt>did</tt>, the value is a decentralized identifier. The thumbprint value is computed as the SHA-256 hash of the octets of the UTF-8 representation of a JWK constructed containing only the REQUIRED members to represent the key, with the member names sorted into lexicographic order, and with no white space or line breaks. For instance, when the kty value is RSA, the member names e, kty, and n are the ones present in the constructed JWK used in the thumbprint computation and appear in that order; when the kty value is EC, the member names crv, kty, x, and y are present in that order. Note that this thumbprint calculation is the same as that defined in the JWK Thumbprint [RFC7638] specification.</t>
</li>
</ul></li>
<li><t><tt>sub_jwk</tt></t>

<ul>
<li><t>REQUIRED. a secure binding between the subject of the verifiable credential and the subject identifier (and related keys) of the holder who creates the presentation. When sub type is <tt>jkt</tt>, the key is a bare key in JWK [JWK] format (not an X.509 certificate value). When sub type is <tt>did</tt>, sub<em>jwk MUST contain a kid that is a DID URL referring to the verification method in the Self-Issued OP's DID Document that can be used to verify the JWS of the id</em>token directly or indirectly. The sub_jwk value is a JSON object. Use of the <tt>sub_jwk</tt> Claim is NOT RECOMMENDED when the OP is not Self-Issued.</t>
</li>
</ul></li>
</ul>
<t>Whether the Self-Issued OP is a mobile client or a web client, response is the same as the normal Implicit Flow response with the following refinements. Since it is an Implicit Flow response, the response parameters will be returned in the URL fragment component, unless a different Response Mode was specified.</t>

<ol>
<li><t>The <tt>iss</tt> (issuer) Claim Value is <tt>https://self-issued.me/v2</tt>.</t>
</li>
<li><t>The <tt>sub</tt> (subject) Claim value is either the base64url encoded representation of the thumbprint of the key in the <tt>sub_jwk</tt> Claim or a decentralized identifier.</t>
</li>
<li><t>When <tt>sub</tt> Claim value is the base64url encoded representation of the thumbprint, a <tt>sub_jwk</tt> Claim is present, with its value being the public key used to check the signature of the ID Token.</t>
</li>
<li><t>No Access Token is returned for accessing a UserInfo Endpoint, so all Claims returned MUST be in the ID Token.</t>
</li>
</ol>

<section anchor="verifiable-presentation-support"><name>Verifiable Presentation Support</name>
<t>Self-Issued OP and the RP that wish to support request and presentation of Verifiable Presentations MUST be compliant with OpenID Connect for Verifiable Presentations <xref target="OIDC4VP"></xref> and W3C Verifiable Credentials Specification [VC-DATA-MODEL].</t>
<t>Verifiable Presentation is a tamper-evident presentation encoded in such a way that authorship of the data can be trusted after a process of cryptographic verification. Certain types of verifiable presentations might contain data that is synthesized from, but do not contain, the original verifiable credentials (for example, zero-knowledge proofs). [VC-DATA-MODEL]</t>
</section>
</section>

<section anchor="siop-id_token-validation"><name>Self-Issued ID Token Validation</name>
<t>See <xref target="OIDC4VP"></xref> on how to support multiple credential formats such as JWT and Linked Data Proofs.</t>
<t>To validate the ID Token received, the RP MUST do the following:</t>

<ol>
<li><t>The Relying Party (RP) MUST validate that the value of the <tt>iss</tt> (issuer) Claim is <tt>https://self-issued.me</tt>. If iss contains a different value, the ID Token is not Self-Issued, and instead it MUST be validated according to Section 3.1.3.</t>
</li>
<li><t>The RP MUST validate that the <tt>aud</tt> (audience) Claim contains the value of the <tt>redirect_uri</tt> that the RP sent in the Authentication Request as an audience.</t>
</li>
<li><t>The RP MUST validate the signature of the ID Token. When sub type is<tt>jkt</tt>, validation is done according to JWS [JWS] using the algorithm specified in the alg Header Parameter of the JOSE Header, using the key in the <tt>sub_jwk</tt> Claim. When sub type is<tt>did</tt>, validation is done using the key derived as a result of DID Resolution as defined in <xref target="DID-CORE"></xref>. The key is a bare key in JWK format (not an X.509 certificate value) when sub type is<tt>jkt</tt> or may be another key format when sub type is <tt>did</tt>.</t>
</li>
<li><t>Default <tt>alg</tt> value is RS256. It MAY also be ES256, ES256K or EdDSA.</t>
</li>
<li><t>The RP MUST validate the<tt>sub</tt> value. When sub type is<tt>jkt</tt>, the RP MUST validate that the <tt>sub</tt> claim value equals to the base64url encoded representation of the thumbprint of the key in the <tt>sub_jwk</tt> Claim, as specified in Section 6 of <xref target="OpenID"></xref>. When sub type is <tt>did</tt>, the RP MUST validate that <tt>sub</tt> claim value equals to the key in the verification method property of the DID Document. Since DID Document can contain mulitple keys, the validation MUST be performed against the key identified by the <tt>kid</tt> in the header. DID Document MUST be obtained by resolving decentralized identifier included in the <tt>sub</tt> claim.</t>
</li>
<li><t>The current time MUST be before the time represented by the <tt>exp</tt> Claim (possibly allowing for some small leeway to account for clock skew).
The <tt>iat</tt> Claim can be used to reject tokens that were issued too far away from the current time, limiting the amount of time that nonces need to be stored to prevent attacks. The acceptable range is RP specific.</t>
</li>
<li><t>The RP MUST validate that a <tt>nonce</tt> Claim is present and is the same value as the one that was sent in the Authentication Request. The Client SHOULD check the nonce value for replay attacks. The precise method for detecting replay attacks is RP specific.</t>
</li>
</ol>
<t>The following is a non-normative example of a base64url decoded Self-Issued ID Token (with line wraps within values for display purposes only):</t>

<sourcecode type="json">  {
   &quot;iss&quot;: &quot;https://self-issued.me/v2&quot;,
   &quot;sub&quot;: &quot;NzbLsXh8uDCcd-6MNwXF4W_7noWXFZAfHkxZsRGC9Xs&quot;,
   &quot;aud&quot;: &quot;https://client.example.org/cb&quot;,
   &quot;nonce&quot;: &quot;n-0S6_WzA2Mj&quot;,
   &quot;exp&quot;: 1311281970,
   &quot;iat&quot;: 1311280970,
   &quot;sub_jwk&quot;: {
     &quot;kty&quot;:&quot;RSA&quot;,
     &quot;n&quot;: &quot;0vx7agoebGcQSuuPiLJXZptN9nndrQmbXEps2aiAFbWhM78LhWx
     4cbbfAAtVT86zwu1RK7aPFFxuhDR1L6tSoc_BJECPebWKRXjBZCiFV4n3oknjhMs
     tn64tZ_2W-5JsGY4Hc5n9yBXArwl93lqt7_RN5w6Cf0h4QyQ5v-65YGjQR0_FDW2
     QvzqY368QQMicAtaSqzs8KJZgnYb9c7d0zgdAZHzu6qMQvRL5hajrn1n91CbOpbI
     SD08qNLyrdkt-bFTWhAI4vMQFh6WeZu0fM4lFd2NcRwr3XPksINHaQ-G_xBniIqb
     w0Ls1jF44-csFCur-kEgU8awapJzKnqDKgw&quot;,
     &quot;e&quot;:&quot;AQAB&quot;
    }
　}
</sourcecode>
</section>

<section anchor="cross-device-siop"><name>Cross Device SIOP</name>
<t>This section describes how SIOP is used in cross device scenarios. In contrast to on device scenarios, neither RP nor SIOP can communicate to each other via HTTP redirects through an user agent. The flow is therefore modfied as follows:</t>

<ol>
<li><t>The RP prepares a SIOP request and renders it as a QR code.</t>
</li>
<li><t>The user scans the QR code with her smartphone's camera app.</t>
</li>
<li><t>The standard mechanisms for invoking the SIOP are used on the smartphone (based on the openid custom scheme).</t>
</li>
<li><t>The SIOP processes the authentication request.</t>
</li>
<li><t>Upon completion of the authentication request, the SIOP directly sends a HTTP POST request with the authentication response to an endpoint exposed by the RP.</t>
</li>
</ol>
<t>Note: the request in step 5 is not a form post request where the SIOP would respond to a user agent with a form, which automatically triggers a POST request to the RP. The SIOP sends this request directly to the RP's endpoint.</t>

<section anchor="authentication-request"><name>Authentication Request</name>
<t>The cross device authentication request differs from the on-device variant as defined in <xref target="siop_authentication_request"></xref> as follows:</t>

<ul>
<li><t>This specification introduces a new response mode <tt>post</tt> in accordance with [OIDM]. This response mode is used to request the SIOP to deliver the result of the authentication process to a certain endpoint. The additional parameter <tt>response_mode</tt> is used to carry this value.</t>
</li>
<li><t>This endpoint the SIOP shall deliver the authentication result to is conveyed in the standard parameter <tt>redirect_uri</tt>.</t>
</li>
<li><t>The RP MUST ensure the <tt>nonce</tt> value used for a particular transaction is available at this endpoint for security checks.</t>
</li>
</ul>
<t>Here is an example of an authentication request URL:</t>

<artwork>    openid://?
    response_type=id_token
    &amp;response_mode=post
    &amp;client_id=https%3A%2F%2Fclient.example.org%2Fcb
    &amp;redirect_uri=https%3A%2F%2Fclient.example.org%2Fcb
    &amp;scope=openid%20profile
    &amp;state=af0ifjsldkj
    &amp;nonce=n-0S6_WzA2Mj
    &amp;registration=%7B%22subject_identifier_types_supported%22:%5B%22jkt%22%5D,
    %22id_token_signing_alg_values_supported%22:%5B%22RS256%22%5D%7D
</artwork>
<t>Note: Such an authentication request might result in a large QR code, especially when including a <tt>claims</tt> parameter and extensive registration data. A RP MAY consider to use a <tt>request_uri</tt> in such a case.</t>
</section>

<section anchor="authentication-response"><name>Authentication Response</name>
<t>The SIOP sends the authentication response to the endpoint passed in the <tt>redirect_uri</tt> authentication request parameter using a HTTP POST request using &quot;application/x-www-form-urlencoded&quot; encoding. The authentication response contains the parameters as defined in <xref target="siop-authentication-response"></xref>.</t>
<t>Here is an example:</t>

<sourcecode type="http">  POST /cb HTTP/1.1
  Host: client.example.com
  Content-Type: application/x-www-form-urlencoded

  &amp;id_token=eyJ0 ... NiJ9.eyJ1c ... I6IjIifX0.DeWt4Qu ... ZXso
</sourcecode>
</section>

<section anchor="id-token-validation"><name>ID Token Validation</name>
<t>The RP MUST perform all the check as defined in <xref target="siop-id_token-validation"></xref></t>
<t>Additionally, the RP MUST check whether the <tt>nonce</tt> claim value provided in the ID Token is known to the RP and was not used before in an authentication response.</t>
</section>
</section>

<section anchor="references"><name>References</name>
<t>The following is a non-normative example of an ID token containing a verifiable presentation (with line wraps within values for display purposes only):</t>

<sourcecode type="json">  {
   &quot;iss&quot;: &quot;https://self-issued.me/v2&quot;,
   &quot;sub&quot;: &quot;NzbLsXh8uDCcd-6MNwXF4W_7noWXFZAfHkxZsRGC9Xs&quot;,
   &quot;aud&quot;: &quot;https://client.example.org/cb&quot;,
   &quot;nonce&quot;: &quot;n-0S6_WzA2Mj&quot;,
   &quot;exp&quot;: 1311281970,
   &quot;iat&quot;: 1311280970,
   &quot;sub_jwk&quot;: {
     &quot;kty&quot;:&quot;RSA&quot;,
     &quot;n&quot;: &quot;0vx7agoebGcQSuuPiLJXZptN9nndrQmbXEps2aiAFbWhM78LhWx
     4cbbfAAtVT86zwu1RK7aPFFxuhDR1L6tSoc_BJECPebWKRXjBZCiFV4n3oknjhMs
     tn64tZ_2W-5JsGY4Hc5n9yBXArwl93lqt7_RN5w6Cf0h4QyQ5v-65YGjQR0_FDW2
     QvzqY368QQMicAtaSqzs8KJZgnYb9c7d0zgdAZHzu6qMQvRL5hajrn1n91CbOpbI
     SD08qNLyrdkt-bFTWhAI4vMQFh6WeZu0fM4lFd2NcRwr3XPksINHaQ-G_xBniIqb
     w0Ls1jF44-csFCur-kEgU8awapJzKnqDKgw&quot;,
     &quot;e&quot;:&quot;AQAB&quot;
    },
    &quot;verifiable_presentations&quot;:[
      {
         &quot;format&quot;:&quot;vp_jwt&quot;,
         &quot;presentation&quot;:&quot;ewogICAgImlzcyI6Imh0dHBzOi8vYm9vay5pdHNvdXJ3ZWIub...IH0=&quot;
      }
   ],
　}
</sourcecode>
<t>Note: Further processing steps are required if the authentication response contains verifiable presentations - see <xref target="OIDC4VP"></xref>.</t>

<section anchor="security-considerations"><name>Security Considerations</name>

<section anchor="invocation-using-custom-schema-invocation-using-custom-schema"><name>Invocation using Custom Schema {invocation-using-custom-schema}</name>
<t>Usage of custom schemas as a way to invoke a Self-Issued OP may lead to phishing attacks and undefined behavior.</t>
<t>Custom schema is a mechanism offered by Mobile Operating System providers. If an application developer registers custom schema with the application, that application will be invoked when a request containing custom schema is received by the device.</t>
<t>Any malicious app can register the custom schema already used by another app, imitate the user interface and impersonate a good app.</t>
<t>When more than one Self-issued OP with the same custom schema has been installed on one device, the behavior of Self-Issued OP is undefined.</t>
</section>
</section>

<section anchor="privacy-considerations"><name>Privacy Considerations</name>

<section anchor="selective-disclosure-and-un-linkable-presentations"><name>Selective disclosure and un-linkable presentations</name>
<t>Usage of decentralized identifiers does not automatically prevent possible RP correlation. If a status check of the presentation is done, IdP / SIOP correlation can occur.</t>
<t>Consider supporting selective disclosure and un-linkable presentations using zero-knowledge proofs or single-use credentials instead of traditional correlatable signatures.</t>
</section>
</section>
</section>

<section anchor="references-1"><name>References</name>

<section anchor="normative-references"><name>Normative References</name>

<ul>
<li><t>[DID-CORE] <eref target="https://github.com/w3c/did-core">https://github.com/w3c/did-core</eref> (not yet a ratified draft)</t>
</li>
<li><t>[VC-DATA] <eref target="https://www.w3.org/TR/vc-data-model/">https://www.w3.org/TR/vc-data-model/</eref></t>
</li>
<li><t>[RFC6749] <eref target="https://tools.ietf.org/html/rfc6749">https://tools.ietf.org/html/rfc6749</eref></t>
</li>
<li><t>[RFC6750] <eref target="https://tools.ietf.org/html/rfc6750">https://tools.ietf.org/html/rfc6750</eref></t>
</li>
<li><t>[OpenID.Core] <eref target="https://openid.net/specs/openid-connect-core-1_0.html">https://openid.net/specs/openid-connect-core-1_0.html</eref></t>
</li>
<li><t>[RFC7638] <eref target="https://tools.ietf.org/html/rfc7638">https://tools.ietf.org/html/rfc7638</eref></t>
</li>
<li><t>[OpenID.Registration] <eref target="https://openid.net/specs/openid-connect-registration-1_0.html">https://openid.net/specs/openid-connect-registration-1_0.html</eref></t>
</li>
<li><t>[did-spec-registries] <eref target="https://w3c.github.io/did-spec-registries/#did-methods">https://w3c.github.io/did-spec-registries/#did-methods</eref></t>
</li>
<li><t>[OIDM] <eref target="https://openid.net/specs/oauth-v2-multiple-response-types-1_0.html">https://openid.net/specs/oauth-v2-multiple-response-types-1_0.html</eref></t>
</li>
</ul>
</section>

<section anchor="non-normative-references"><name>Non-Normative References</name>

<ul>
<li><t>[draft-jones-self<em>issued</em>identifier] <eref target="https://bitbucket.org/openid/connect/src/master/SIOP/draft-jones-self_issued_identifier.md">https://bitbucket.org/openid/connect/src/master/SIOP/draft-jones-self_issued_identifier.md</eref></t>
</li>
<li><t>[siop-requirements] <eref target="https://bitbucket.org/openid/connect/src/master/SIOP/siop-requirements.md">https://bitbucket.org/openid/connect/src/master/SIOP/siop-requirements.md</eref></t>
</li>
<li><t>[OIX] <eref target="https://openidentityexchange.org/networks/87/item.html?id=365">https://openidentityexchange.org/networks/87/item.html?id=365</eref></t>
</li>
</ul>
</section>
</section>

<section anchor="relationships-to-other-documents"><name>Relationships to other documents</name>
<t>The scope of this draft was an extention to OpenID Connect Chapter 7 Self-Issued OpenID Provider. However, some sections of it could become applicable more generally to the entire OpenID Connect specification.</t>
</section>

</middle>

<back>
<references><name>Normative References</name>
<reference anchor="did-spec-registries" target="https://w3c.github.io/did-spec-registries/#did-methods">
  <front>
    <title>Decentralized Identifiers (DIDs) v1.0</title>
    <author fullname="Orie Steele">
      <organization>Transmute</organization>
    </author>
    <author fullname="Manu Sporny">
      <organization>Digital Bazaar</organization>
    </author>
    <date year="2021" month="Aug" day="3"></date>
  </front>
</reference>
<reference anchor="DID-CORE" target="https://www.w3.org/TR/did-core/">
  <front>
    <title>Decentralized Identifiers (DIDs) v1.0</title>
    <author fullname="Manu Sporny">
      <organization>Digital Bazaar</organization>
    </author>
    <author fullname="Amy Guy">
      <organization>Digital Bazaar</organization>
    </author>
    <author fullname="Markus Sabadello">
      <organization>Danube Tech</organization>
    </author>
    <author fullname="Drummond Reed">
      <organization>Evernym</organization>
    </author>
    <date year="2021" month="Aug" day="3"></date>
  </front>
</reference>
<reference anchor="OpenID" target="http://openid.net/specs/openid-connect-core-1_0.html">
  <front>
    <title>OpenID Connect Core 1.0 incorporating errata set 1</title>
    <author fullname="Nat Sakimura" initials="N." surname="Sakimura">
      <organization>NRI</organization>
    </author>
    <author fullname="John Bradley" initials="J." surname="Bradley">
      <organization>Ping Identity</organization>
    </author>
    <author fullname="Mike Jones" initials="M." surname="Jones">
      <organization>Microsoft</organization>
    </author>
    <author fullname="Breno de Medeiros" initials="B." surname="de Medeiros">
      <organization>Google</organization>
    </author>
    <author fullname="Chuck Mortimore" initials="C." surname="Mortimore">
      <organization>Salesforce</organization>
    </author>
    <date year="2014" month="Nov" day="8"></date>
  </front>
</reference>
<reference anchor="OIDC4VP" target="https://openid.net/specs/openid-connect-4-verifiable-presentations-1_0.html">
  <front>
    <title>OpenID Connect Core 1.0 incorporating errata set 1</title>
    <author fullname="Oliver Terbu" initials="O." surname="Terbu">
      <organization>ConsenSys Mesh</organization>
    </author>
    <author fullname="Torsten Lodderstedt" initials="T." surname="Lodderstedt">
      <organization>yes.com</organization>
    </author>
    <author fullname="Kristina Yasuda" initials="K." surname="Yasuda">
      <organization>Microsoft</organization>
    </author>
    <author fullname="Adam Lemmon" initials="A." surname="Lemmon">
      <organization>Convergence.tech</organization>
    </author>
    <author fullname="Tobias Looker" initials="T." surname="Looker">
      <organization>Mattr</organization>
    </author>
    <date year="2021" month="May" day="20"></date>
  </front>
</reference>
<reference anchor="OpenID.Registration" target="https://openid.net/specs/openid-connect-registration-1_0.html">
  <front>
    <title>OpenID Connect Dynamic Client Registration 1.0 incorporating errata set 1</title>
    <author fullname="Nat Sakimura">
      <organization>NRI</organization>
    </author>
    <author fullname="John Bradley">
      <organization>Ping Identity</organization>
    </author>
    <author fullname="Mike Jones">
      <organization>Microsoft</organization>
    </author>
    <date year="2014" month="Nov" day="8"></date>
  </front>
</reference>
</references>

<section anchor="iana-considerations"><name>IANA Considerations</name>
<t>TBD</t>
</section>

<section anchor="notices"><name>Notices</name>
<t>Copyright (c) 2021 The OpenID Foundation.</t>
<t>The OpenID Foundation (OIDF) grants to any Contributor, developer, implementer, or other interested party a non-exclusive, royalty free, worldwide copyright license to reproduce, prepare derivative works from, distribute, perform and display, this Implementers Draft or Final Specification solely for the purposes of (i) developing specifications, and (ii) implementing Implementers Drafts and Final Specifications based on such documents, provided that attribution be made to the OIDF as the source of the material, but that such attribution does not indicate an endorsement by the OIDF.</t>
<t>The technology described in this specification was made available from contributions from various sources, including members of the OpenID Foundation and others. Although the OpenID Foundation has taken steps to help ensure that the technology is available for distribution, it takes no position regarding the validity or scope of any intellectual property or other rights that might be claimed to pertain to the implementation or use of the technology described in this specification or the extent to which any license under such rights might or might not be available; neither does it represent that it has made any independent effort to identify any such rights. The OpenID Foundation and the contributors to this specification make no (and hereby expressly disclaim any) warranties (express, implied, or otherwise), including implied warranties of merchantability, non-infringement, fitness for a particular purpose, or title, related to this specification, and the entire risk as to implementing this specification is assumed by the implementer. The OpenID Intellectual Property Rights policy requires contributors to offer a patent promise not to assert certain patent claims against other contributors and against implementers. The OpenID Foundation invites any interested party to bring to its attention any copyrights, patents, patent applications, or other proprietary rights that may cover technology that may be required to practice this specification.</t>
</section>

<section anchor="document-history"><name>Document History</name>

<artwork>[[ To be removed from the final specification ]]

-04

* added cross device flow
* clarified sub handling for did-based sub and sub_jwk
* Revising of introductory text and scope of SIOPv2
* corrected typos and reworked registration example data

-03

* sub_jwk made optional for sub type DID and mandatory for subtype jwk thumbprint
* Added text that nonce is mandatory
* Replaced vp claim with reference to OIDC4VP draft
* Adopted SIOP chooser as SIOP Discovery
* Deprecated openid:// for SIOP Discovery as not recommended
* Clarified Discovery and Registration metadata
* Formatted Normative Reference Section to mmarkdown

-02
 * Converted into mmarkdown

-01
 * Version proposed for working group adoption
</artwork>
</section>

</back>

</rfc>
