{
  "iss": "https://self-issued.me/v2",
  "aud": "https://book.itsourweb.org:3000/client_api/authresp/uhn",
  "iat": 1615910538,
  "exp": 1615911138,
  "sub": "NzbLsXh8uDCcd-6MNwXF4W_7noWXFZAfHkxZsRGC9Xs",
  "sub_jwk": {
    "kty": "RSA",
    "n": "0vx7agoebGcQSuuPiLJXZptN9nndrQmbXEps2aiAFbWhM78LhWx...DKgw",
    "e": "AQAB"
  },
  "auth_time": 1615910535,
  "nonce": "960848874",
  "_vp_token": {
    "presentation_submission": {
      "id": "Selective disclosure example presentation",
      "definition_id": "Selective disclosure example",
      "descriptor_map": [
        {
          "id": "ID Card with constraints",
          "format": "ldp_vp",
          "path": "$[0]",
          "path_nested": {
            "format": "ldp_vc",
            "path": "$[0].verifiableCredential[0]"
          }
        },
        {
          "id": "Ontario Health Insurance Plan",
          "format": "jwt_vp_json",
          "path": "$[1].presentation",
          "path_nested": {
            "format": "jwt_vc",
            "path": "$[1].presentation.vp.verifiableCredential[0]"
          }
        }
      ]
    }
  }
}