{
  "credential_configurations_supported": {
    "UniversityDegree_LDP_VC": {
      "format": "ldp_vc",
      "cryptographic_binding_methods_supported": [
        "did:example"
      ],
      "credential_signing_alg_values_supported": [
        "Ed25519Signature2018"
      ],
      "credentials_definition": {
        "@context": [
          "https://www.w3.org/2018/credentials/v1",
          "https://www.w3.org/2018/credentials/examples/v1"
        ],
        "type": [
          "VerifiableCredential",
          "UniversityDegreeCredential"
        ]
        "@context": [
            "https://www.w3.org/2018/credentials/v1",
            "https://www.w3.org/2018/credentials/examples/v1"
          ]
      },
        "claims": [
        {
          "path": ["credentialSubject", "given_name"],
          "display": [
            {
              "name": "Given Name",
              "locale": "en-US"
            }
          ]
        },
        {
          "path": ["credentialSubject", "family_name"],
          "display": [
            {
              "name": "Surname",
              "locale": "en-US"
            }
          ]
        },
        {
          "path": ["credentialSubject", "degree"]
        },
        {
          "path": ["credentialSubject", "gpa"],
          "mandatory": true,
          "display": [
            {
              "name": "GPA"
            }
          ]
        }
      ],
      "display": [
        {
          "name": "University Credential",
          "locale": "en-US",
          "logo": {
            "uri": "https://university.example.edu/public/logo.png",
            "alt_text": "a square logo of a university"
          },
          "background_color": "#12107c",
          "text_color": "#FFFFFF"
        }
      ]
    }
  }
}