{
   "client_id": "did:example:123",
   "redirect_uri": "https://client.example.org/callback",
   "response_type": "vp_token id_token",
   "client_metadata": {
      "vp_formats": {
         "jwt_vp_json": {
            "alg": [
               "EdDSA",
               "ES256K"
            ]
         },
         "ldp_vp": {
            "proof_type": [
               "Ed25519Signature2018"
            ]
         }
      },
      "client_name": "My Example (SIOP)",
      "application_type": "web"
   }
}