<?xml version="1.0" encoding="utf-8"?>
<!-- name="GENERATOR" content="github.com/mmarkdown/mmark Mmark Markdown Processor - mmark.miek.nl" -->
<rfc version="3" ipr="none" docName="openid-4-verifiable-credential-issuance-1_0-08" submissionType="IETF" category="std" xml:lang="en" xmlns:xi="http://www.w3.org/2001/XInclude" consensus="true">

<front>
<title abbrev="openid-4-verifiable-credential-issuance">OpenID for Verifiable Credential Issuance</title><seriesInfo value="openid-4-verifiable-credential-issuance-1_0-08" status="standard" name="Internet-Draft"></seriesInfo>
<author initials="T." surname="Lodderstedt" fullname="Torsten Lodderstedt"><organization>yes.com</organization><address><postal><street></street>
</postal><email>torsten@lodderstedt.net</email>
</address></author>
<author initials="K." surname="Yasuda" fullname="Kristina Yasuda"><organization>Microsoft</organization><address><postal><street></street>
</postal><email>kristina.yasuda@microsoft.com</email>
</address></author>
<author initials="T." surname="Looker" fullname="Tobias Looker"><organization>Mattr</organization><address><postal><street></street>
</postal><email>tobias.looker@mattr.global</email>
</address></author>
<date/>
<area>Internet</area>
<workgroup>OpenID Connect</workgroup>
<keyword>security</keyword>
<keyword>openid</keyword>
<keyword>ssi</keyword>

<abstract>
<t>This specification defines an API and corresponding OAuth 2.0-based authorization mechanisms for the issuance of verifiable Credentials.</t>
</abstract>

</front>

<middle>

<section anchor="introduction"><name>Introduction</name>
<t>This specification defines an API designated as Credential Endpoint and corresponding OAuth 2.0-based authorization mechanisms (see <xref target="RFC6749"></xref>) for the issuance of verifiable Credentials, supporting W3C formats as well as other Credential formats. This allows existing OAuth 2.0 deployments and OpenID Connect OPs (see <xref target="OpenID.Core"></xref>) to extend their service and become Credential issuers. It also allows new applications built using Verifiable Credentials to utilize OAuth 2.0 as integration and interoperability layer.</t>
<t>Verifiable Credentials are very similar to identity assertions, like ID Tokens in OpenID Connect, in that they allow an Issuer to assert End-User claims. However, in contrast to the identity assertions, a verifiable Credential follows a pre-defined schema (the Credential type) and is typically bound to key material allowing the End-User to prove the legitimate possession of the Credential. This allows secure direct presentation of the Credential from the End-User to the RP, without involvement of the Credential issuer. This specification caters for those differences.</t>
</section>

<section anchor="terminology"><name>Terminology</name>
<t>Credential</t>
<t>A set of one or more claims made by an issuer (see <xref target="VC_DATA"></xref>). Note that this definition differs from that in <xref target="OpenID.Core"></xref>.</t>
<t>Verifiable Credential (VC)</t>
<t>A verifiable Credential is a tamper-evident Credential that has authorship that can be cryptographically verified. Verifiable Credentials can be used to build verifiable presentations, which can also be cryptographically verified (see <xref target="VC_DATA"></xref>).</t>
<t>Presentation</t>
<t>Data derived from one or more verifiable Credentials, issued by one or more issuers, that is shared with a specific verifier (see <xref target="VC_DATA"></xref>).</t>
<t>Verified Presentation (VP)</t>
<t>A verifiable presentation is a tamper-evident presentation encoded in such a way that authorship of the data can be trusted after a process of cryptographic verification. Certain types of verifiable presentations might contain data that is synthesized from, but do not contain, the original verifiable Credentials (for example, zero-knowledge proofs) (see <xref target="VC_DATA"></xref>).</t>
<t>Deferred Credential Issuance</t>
<t>Issuance of Credentials not directly in the response to a Credential issuance request, but following a period of time that can be used to perform certain offline business processes.</t>
<t>Wallet</t>
<t>Entity that receives, stores, presents, and manages Credentials and key material of the End-User. There is no single deployment model of a Wallet: Credentials and keys can both be stored/managed locally by the end-user, or by using a remote self-hosted service, or a remote third party service. In the context of this specification, the Wallet acts as an OAuth 2.0 Client (see <xref target="RFC6749"></xref>) towards the Credential Issuer.</t>
<t>Verifier</t>
<t>Entity that verifies the Credential to make a decision regarding providing a service to the End-User. Also called Relying Party (RP) or Client. During presentation of Credentials, Verifier acts as an OAuth 2.0 Client towards the Wallet acting as an OAuth 2.0 Authorization Server.</t>
<t>Credential Issuer</t>
<t>Entity that issues verifiable Credentials. Also called Issuer. In the context of this specification, the Credential Issuer acts as OAuth 2.0 Authorization Server (see <xref target="RFC6749"></xref>).</t>
<t>Base64url Encoding</t>
<t>Base64 encoding using the URL- and filename-safe character set defined in Section 5 of <xref target="RFC4648"></xref>, with all trailing '=' characters omitted (as permitted by Section 3.2 of <xref target="RFC4648"></xref>) and without the inclusion of any line breaks, whitespace, or other additional characters. Note that the base64url encoding of the empty octet sequence is the empty string. (See Appendix C of <xref target="RFC7515"></xref> for notes on implementing base64url encoding without padding.)</t>
</section>

<section anchor="use-cases"><name>Use Cases</name>
<t>This is a non-exhaustive list of sample use cases.</t>

<section anchor="use-case-3"><name>Issuer Initiated Issuance - Same Device</name>
<t>While browsing the university's home page, the user finds a link &quot;request your digital diploma&quot;. User  clicks on this link and is being redirected to a digital Wallet application. The Wallet notifies the user that an issuer offered to issue a diploma Credential. User confirms this inquiry and is taken to the university's Credential issuance service's user experience. After authenticating at the university and consenting to the issuance of a digital diploma, the user is sent back to the Wallet, where she can check the successful creation of the digital diploma.</t>
</section>

<section anchor="use-case-4"><name>Issuer Initiated Issuance - Cross Device (with information pre-submitted by the User)</name>
<t>The user is starting a job at a new employer. An employer has requested the user to upload certain documents to the employee portal. A few days later, the user receives an email from the employer notifying her that the employee Credential is ready and asking her to scan a QR code to retrieve it. User scans the QR code with her smartphone, which opens her Wallet. Meanwhile, the user has received a text message with a PIN code to her smartphone. After entering that PIN code in the Wallet for security reasons, the user confirms the Credential issuance, and receives Credential into the Wallet.</t>
</section>

<section anchor="use-case-5"><name>Issuer Initiated Issuance - Cross Device &amp; Deferred</name>
<t>The user wants to obtain a digital criminal record. She visits the local administration's office and requests the issuance of the official criminal record as a digital Credential. After presenting her ID document, she is asked to scan a QR code with her wallet. She is being told that the actual issuance of the Credential will take some time due to necessary background checks by the authority.</t>
<t>In the Wallet, the user sees an indication that issuance of the digital record is under way. A few days later, the user receives a notification from her Wallet app that requested Credential was successfully issued. When the user opens the Wallet, she is asked whether she wants to download the Credential. She confirms, and the new Credential is retrieved and stored in the Wallet.</t>
</section>

<section anchor="use-case-1"><name>Wallet Initiated Issuance during Presentation</name>
<t>A user comes across a verifier app that is requesting the user to present a Credential, e.g., a driving license. The Wallet determines the requested Credential type(s) from the Credential presentation request and notifies the user that there is currently no matching Credential in the Wallet. The Wallet determines an issuer capable of issuing the lacking Credential and upon user consent sends the user to the issuer's user experience (web site or app). Upon being authenticated and providing consent to issue the Credential into her Wallet, the user is sent back to the Wallet. The Wallet informs the user Credential was successfully issued into the Wallet and is ready to be presented to the verifier app that originally requested presentation of that Credential.</t>
</section>

<section anchor="use-case-2"><name>Wallet Initiated Issuance during Presentation (requires presentation of additional Credentials during issuance)</name>
<t>A user comes across a verifier app that is requesting the user to present a Credential, e.g., a university diploma. The Wallet determines the requested Credential type(s) from the Credential presentation request and notifies the user that there is currently no matching Credential in the Wallet. The Wallet then offers the user a list of issuers, which might be based on an issuer list curated by the Wallet provider. The user picks the university she graduated from and is sent to that university's user experience (web site or app).</t>
<t>The user logs in to the university, which determines that the respective user account is not verified yet. Among multiple identification options, the user chooses to present identity Credential from her Wallet. The user is sent back to the Wallet where she consents to share requested Credential(s) to the university. The user is sent back to the university user experience. Based on the presented Credential, the university completes the user verification, looks up user data in its database, and offers to issue a diploma as a verifiable Credential.</t>
<t>Upon providing consent, the user is sent back to the Wallet. The Wallet informs the user Credential was successfully issued into the Wallet and is ready to be presented to the verifier app that originally requested presentation of that Credential.</t>
</section>
</section>

<section anchor="overview"><name>Overview</name>
<t>This specification defines the following mechanisms to allow Wallet applications used by the End-User to request Credential issuers to issue Verifiable Credentials via the Credential Endpoint:</t>

<ul>
<li><t>A newly defined Credential Endpoint from which Credentials can be issued. See <xref target="credential-endpoint"></xref>.</t>
</li>
<li><t>An optional mechanism for the Issuer to initiate the issuance. See <xref target="issuance_initiation_endpoint"></xref>.</t>
</li>
<li><t>An extended Authorization Request that allows to request authorization to request issuance of Credentials of specific types. See <xref target="credential-authz-request"></xref>.</t>
</li>
<li><t>An optional ability to bind an issued Credential to a cryptographic key material. The Credential request therefore allows to convey a proof of posession for the key material. Multiple proof types are supported. See <xref target="credential_request"></xref>.</t>
</li>
<li><t>A mechanism for the Deferred Credential Issuance. See <xref target="deferred-credential-issuance"></xref>.</t>
</li>
<li><t>A mechanism for the Issuer to publish metadata about the Credential it is capable of issuing. See <xref target="server-metadata"></xref></t>
</li>
<li><t>A mechanism that allows issuance of multiple Credentials of same or different type. See <xref target="token-response"></xref> and <xref target="credential-response"></xref>.</t>
</li>
</ul>
<t>The Wallet sends one Credential Request per individual Credential. The wallet MAY use the same access token to send multiple Credential Requests to request issuance of
  - multiple Credentials of different types bound to the same proof, or
  - multiple Credentials of the same type bound to different proofs</t>
<t>The Issuer MAY also request Credential presentation as means to authenticate or identify the User during the Issuance Flow as illustrated in a use case in <xref target="use-case-2"></xref>.</t>
<t>Note that the issuance can have multiple characteristics, which can be combined depending on the use-cases:</t>

<ul>
<li><t>Authorization Code Flow or Pre-Authorized Code Flow: whether the Issuer obtains user information to turn into a verifiable Credential using user authentication and consent at the Issuer's Authorization Endpoint (Authorization Code Flow), or using out of bound mechanisms outside of the issuance flow (pre-authorized code flow)</t>
</li>
<li><t>Wallet initiated or Issuer initiated: whether the issuance request from the Wallet is sent to the Issuer without any gesture from the Issuer (Wallet Initiated), or following the communication from the Issuer (Issuer Initiated).</t>
</li>
<li><t>Same-device or Cross-device: whether the Wallet to which the Credential is issued and the Issuer's user experience (website or an app) reside on the same device, or on different devices.</t>
</li>
<li><t>Just-in-time or Deferred: whether the Issuer can issue the Credential directly in response to the Credential Request (just-in-time), or requires time and needs the Wallet to come back to retrieve Credential (deferred).</t>
</li>
</ul>

<section anchor="authorized-code-flow"><name>Authorized Code Flow</name>
<t>Below is a diagram of a Credential issuance using the Authorization Code flow.</t>
<t>The diagram is based on a Wallet initiated flow illustrated in a use case in <xref target="use-case-1"></xref> and does not illustrate all of the optional features.</t>
<t>ToDo: discuss if need to illustrate the verifier... per use-case-1</t>
<figure><name>Issuance using Authorization code flow
</name>
<sourcecode type="ascii-art">+--------------+   +-----------+                                         +-------------+
| User         |   |   Wallet  |                                         |   Issuer    |
+--------------+   +-----------+                                         +-------------+  
        |    interacts   |                                                      |
        |---------------&gt;|                                                      |
        |                | -----                                                |
        |                |      |  Obtains Issuer's server metadata             |
        |                | &lt;----                                                |
        |                |                                                      |
        |                |  (1) Authorization Request                |
        |                |      (type(s) of Credentials to be issued)           |
        |                |-----------------------------------------------------&gt;|
        |                |                                                      |
        |   User Authentication / Consent                                       |
        |                |                                                      |
        |                |      Authorization Response (code)        |
        |                |&lt;-----------------------------------------------------|
        |                |                                                      |
        |                |  (3) Token Request (code)                            |
        |                |-----------------------------------------------------&gt;| 
        |                |      Token Response (access_token)                   |
        |                |&lt;-----------------------------------------------------|    
        |                |                                                      |
        |                |  (3) Credential Request (access_token, proof(s))     |
        |                |-----------------------------------------------------&gt;| 
        |                |      Credential Response                             |
        |                |      (credential(s) OR acceptance_token)             |
        |                |&lt;-----------------------------------------------------|             
</sourcecode>
</figure>
<t>(1) The Wallet sends an Authorization Request to the Issuer's Authorization Endpoint. Issuer returns Authorization Response with the authorization code upon successfully authenticating and obtaining consent from the End-User. This step happens in the frontchannel, by redirecting the End-User via the user agents. This step is defined in <xref target="authorization_endpoint"></xref>.</t>
<t>(2) The Wallet sends a Token Request to the Issuer's Token Endpoint with the authorization code obtained in step (2). The Issuer returns an Access Token in the Token Request upon successfully validating authorization code. This step happens in the backchannel using server to server communication. This step is defined in <xref target="token_endpoint"></xref>.</t>
<t>(3) The Wallet sends a Credential Request to the Issuer's Credential Endpoint with the Access Token and proof of possession of the public key to which the the issued VC shall be bound. Upon successfully validating Access Token and proof, the Issuer returns a VC in the Credential Response if it is able to issue a Credential right away. This step is defined in <xref target="credential-endpoint"></xref>.</t>
<t>If the Issuer requires more time to issue a Credential, the Issuer may returns an Acceptance Token to the Wallet with the information when the Wallet can start sending Deferred Credential Request to obtain an issued Credential as defined in <xref target="deferred-credential-issuance"></xref>.</t>
<t>Note: this flow is based on OAuth 2.0 and the code grant type, but it can be used with other grant types as well.</t>
</section>

<section anchor="pre-authorized-code-flow"><name>Pre-Authorized Code Flow</name>
<t>Below is a diagram of a Credential issuance using Pre-Authorized Code flow. It is a flow where the user authentication and authorization happens prior to the Issuer initiating the issuance flow, without utilizing the Authorization Endpoint. Issuance flow starts after Credentials are ready to be retrieved by the Wallet. See <xref target="use-case-4"></xref> for a use case.</t>
<t>How the user provides information required for the issuance of a requested Credential to the Issuer and the business processes conducted by the Issuer to prepare a Credential are out of scope of this specification.</t>
<t>This flow uses a newly defined OAuth 2.0 grant type &quot;urn:ietf:params:oauth:grant-type:pre-authorized_code&quot;.</t>
<t>The diagram is based on an Issuer initiated flow illustrated in a use case in <xref target="use-case-4"></xref> and does not illustrate all of the optional features.</t>
<figure><name>Issuance using Pre-Authorized code flow
</name>
<sourcecode type="ascii-art">+--------------+   +-----------+                                         +-------------+
| User         |   |   Wallet  |                                         |   Issuer    |
+--------------+   +-----------+                                         +-------------+
        |                |  (0) User provides  information required             |  
        |                |      for the issuance of a certain Credential        |
        |----------------------------------------------------------------------&gt;|
        |                |                                                      |
        |                |  (1) Issuance Initiation Request                     |
        |                |      (pre-authorized_code)                           |
        |                |&lt;-----------------------------------------------------|        
        |    interacts   |                                                      |
        |---------------&gt;|                                                      |
        |                | -----                                                |
        |                |      |  Obtains Issuer's server metadata             |
        |                | &lt;----                                                |
        |                |                                                      |
        |                |  (2) Token Request (pre_authorized_code, pin)        |
        |                |-----------------------------------------------------&gt;| 
        |                |      Token Response (access_token)                   |
        |                |&lt;-----------------------------------------------------|    
        |                |                                                      |
        |                |  (3) Credential Request (access_token, proof(s))     |
        |                |-----------------------------------------------------&gt;| 
        |                |      Credential Response                             |
        |                |      (credential(s))                                 |
        |                |&lt;-----------------------------------------------------|             
</sourcecode>
</figure>
<t>(0) The Issuer successfully obtains consent and user data required for the issuance of a requested Credential from the user using Issuer specific business process.</t>
<t>(1) The flow begins as the Issuer generates an Issuance Initiation Request for certain Credential(s) and communicates it to the Wallet, for example as a QR code or as a deeplink. The Wallet uses information from the Issuance Initiation Request to obtain the issuer's metadata including details about the Credential that this issuer wants to issue. This step is defined in <xref target="issuance_initiation_endpoint"></xref>.</t>
<t>(2) This step is the same as Step 3 in the Authorization Code Flow, but instead of authorization code, pre-authorized<em>code obtained in step (1) is sent in the Token Request. This step is defined in (#token</em>endpoint).</t>
<t>(3) This step is the same as Step 4 in the Authorization Code Flow. This step is defined in <xref target="credential-endpoint"></xref>.</t>
<t>Note that the pre-authorized_code is sent to the Token Endpoint, and not to the Authorization Endpoint.</t>
<t>It is also important to note that anyone who possesses a valid pre-authorization_code would be able to receive a VC from the Issuer. Implementers MUST implement mitigations most suitable to the use-case.</t>
<t>One such mechanism defined in this specification is the usage of PIN. If in the Issuance Initiation Request the Issuer indicated that the PIN is required, the user is requested to type in a PIN sent via a channel different that the Issuance Flow and the PIN is sent to the Issuer in the Token Request.</t>
<t>For more details and concrete mitigations, see <xref target="security-considerations"></xref>.</t>
</section>
</section>

<section anchor="endpoints"><name>New Endpoints and Other Extensions to OAuth 2.0</name>
<t>This specification defines new endpoints as well as additional parameters to existing OAuth 2.0 endpoints required to implement the protocol outlined in the previous section. It also introduces a new authorization details type according to <xref target="I-D.ietf-oauth-rar"></xref> to convey the details about the Credentials the Wallet wants to obtain. Aspects not defined in this specification are expected to follow <xref target="RFC6749"></xref>. It is RECOMMENDED to use PKCE as defined in <xref target="RFC7636"></xref> to prevent authorization code interception attacks.</t>
<t>Newly defined endpoints are the following:</t>

<ul>
<li><t>Issuance Initiation Endpoint: An endpoint exposed by the Wallet that allows an issuer to initiate the issuance flow.</t>
</li>
<li><t>Credential Endpoint: An OAuth 2.0-protected endpoint exposed by the Issuer and used to issue verifiable Credentials.</t>
</li>
<li><t>Deferred Credential Endpoint: this endpoint is used for deferred issuance of verifiable Credentials.</t>
</li>
</ul>
<t>Existing OAuth 2.0 mechanisms are extended as following:</t>

<ul>
<li><t>Client Metadata: new metadata parameter is added to allow a Wallet (acting as OAuth 2.0 client) to publish its issuance initiation endpoint.</t>
</li>
<li><t>Server Metadata: New metadata parameters are added to allow the client to determine what types of verifiable Credentials a particular OAuth 2.0 Authorization Server is able to issue along with additional information about formats and prerequisites.</t>
</li>
<li><t>Authorization Endpoint: The <tt>authorization_details</tt> parameter is extended to allow clients to specify types of the Credentials when requesting authorization for issuance. These extension can also be used via the Pushed Authorization Endpoint, which is recommended by this specification.</t>
</li>
<li><t>Token Endpoint: optional parameters are added to the token endpoint to provide the client with a nonce to be used for proof of possession of key material in a subsequent request to the Credential endpoint.</t>
</li>
</ul>
<t>ToDo: potentially add a section that explains basics of OAuth 2.0 (perhaps an addendum).</t>
</section>

<section anchor="issuance_initiation_endpoint"><name>Issuance Initiation Endpoint</name>
<t>This endpoint is used by an issuer in case it is already in an interaction with a user that wishes to initate a Credential issuance. It is used to pass available
information relevant for the Credential issuance to ensure a convenient and secure process.</t>

<section anchor="issuance_initiation_request"><name>Issuance Initiation Request</name>
<t>The Issuer sends the request as a HTTP GET request or a HTTP redirect to the Issuance Initiation Endpoint URL defined in <xref target="client-metadata"></xref>.</t>
<t>The following request parameters are defined:</t>

<ul>
<li><t><tt>issuer</tt>: REQUIRED. The issuer URL of the Credential issuer, the Wallet is requested to obtain one or more Credentials from.</t>
</li>
<li><t><tt>credential_type</tt>: REQUIRED. A JSON string denoting the type of the Credential the Wallet shall request.</t>
</li>
<li><t><tt>pre-authorized_code</tt>: CONDITIONAL. The code representing the issuer's authorization for the Wallet to obtain Credentials of a certain type. This code MUST be short lived and single-use. MUST be present in a pre-authorized code flow.</t>
</li>
<li><t><tt>user_pin_required</tt>: OPTIONAL. Boolean value specifying whether the issuer expects presentation of a user PIN along with the Token Request in a pre-authorized code flow. Default is <tt>false</tt>. This PIN is intended to bind the pre-authorized code to a certain transaction in order to prevent replay of this code by an attacker that, for example, scanned the QR code while standing behind the legit user. It is RECOMMENDED to send a PIN via a separate channel.</t>
</li>
<li><t><tt>op_state</tt>: OPTIONAL. String value created by the Credential Issuer and opaque to the Wallet that is used to bind the sub-sequent authentication request with the Credential Issuer to a context set up during previous steps. If the client receives a value for this parameter, it MUST include it in the subsequent Authentication Request to the Credential Issuer as the <tt>op_state</tt> parameter value. MUST NOT be used in Authorization Code flow when <tt>pre-authorized_code</tt> is present.</t>
</li>
</ul>
<t>The Wallet MUST consider the parameter values in the initiation request as not trustworthy since the origin is not authenticated and the message integrity is not protected. The Wallet MUST apply the same checks on the issuer that it would apply when the flow is started from the Wallet itself since the issuer is not trustworthy just because it sent the initiation request. An attacker might attempt to use an initation request to conduct a phishing or injection attack.</t>
<t>The Wallet MUST NOT accept Credentials just because this mechanism was used. All protocol steps defined in this draft MUST be performed in the same way as if the Wallet would have started the flow.</t>
<t>The Wallet MUST be able to process multiple occurences of the URL query parameters <tt>credential_type</tt>. Multiple occurences MUST be treated as multiple values of the respective parameter.</t>
<t>The Issuer MUST ensure the release of any privacy-sensitive data is legally based.</t>
<t>Below is a non-normative example of an Issuance Initiation Request in an authorization code flow:</t>

<artwork>  GET /initiate_issuance?
    issuer=https%3A%2F%2Fserver%2Eexample%2Ecom
    &amp;credential_type=https%3A%2F%2Fdid%2Eexample%2Eorg%2FhealthCard 
    &amp;op_state=eyJhbGciOiJSU0Et...FYUaBy
</artwork>
<t>Below is a non-normative example of an Issuance Initiation Request in a pre-authorized code flow:</t>

<artwork>  GET /initiate_issuance?
    issuer=https%3A%2F%2Fserver%2Eexample%2Ecom
    &amp;credential_type=https%3A%2F%2Fdid%2Eexample%2Eorg%2FhealthCard 
    &amp;pre-authorized_code=SplxlOBeZQQYbYS6WxSbIA
</artwork>
<t>The Issuer MAY also render a QR code containing the request data that can be scanned by the user using a Wallet app, or a deeplink that the user can click.</t>
<t>The following is a non-normative example of such a request that can be included in a QR code or a deeplink:</t>

<artwork>openid-initiate-issuance://?
    issuer=https%3A%2F%2Fserver%2Eexample%2Ecom
    &amp;credential_type=https%3A%2F%2Fdid%2Eexample%2Eorg%2FhealthCard 
    &amp;pre-authorized_code=SplxlOBeZQQYbYS6WxSbIA
    &amp;user_pin_required=true
</artwork>
</section>

<section anchor="issuance-initiation-response"><name>Issuance Initiation Response</name>
<t>The Wallet is not supposed to create a response. UX control stays with the Wallet after completion of the process.</t>
</section>
</section>

<section anchor="authorization_endpoint"><name>Authorization Endpoint</name>
<t>The Authorization Endpoint is used in the same manner as defined in <xref target="RFC6749"></xref> taking into account the recommendations given in <xref target="I-D.ietf-oauth-security-topics"></xref>.</t>

<section anchor="credential-authz-request"><name>Authorization Request</name>
<t>A Authorization Request is an OAuth 2.0 Authorization Request as defined in section 4.1.1 of <xref target="RFC6749"></xref>, which requests to grant access to the Credential endpoint as defined in <xref target="credential-endpoint"></xref>.</t>
<t>There are two possible ways to request issuance of a specific Credential type in a Authorization Request. One way is to use of the <tt>authorization_details</tt> request parameter as defined in <xref target="I-D.ietf-oauth-rar"></xref> with one or more authorization details objects of type <tt>openid_credential</tt> <xref target="authorization-details"></xref>. The other is through the use of scopes as defined in <xref target="credential-request-using-type-specific-scope"></xref>.</t>

<section anchor="authorization-details"><name>Request Issuance of a Certain Credential Type using <tt>authorization_details</tt> Parameter</name>
<t>The request parameter <tt>authorization_type</tt> defined in Section 2 of <xref target="I-D.ietf-oauth-rar"></xref> MUST be used to convey the details about the Credentials the Wallet wants to obtain. This specification introduces a new authorization details type <tt>openid_credential</tt> and defines the following elements to be used with this authorization details type:</t>

<ul>
<li><t><tt>type</tt> REQUIRED. JSON string that determines the authorization details type. MUST be set to <tt>openid_credential</tt> for the purpose of this specification.</t>
</li>
<li><t><tt>credential_type</tt>: REQUIRED. JSON string denoting the type of the requested Credential.</t>
</li>
<li><t><tt>format</tt>: OPTIONAL. JSON string representing a format in which the Credential is requested to be issued. Valid format identifier values are defined in the table in Section 9.3 and include <tt>jwt_vp</tt> and <tt>ldp_vp</tt>. Formats identifiers not in the table, MAY be defined by the profiles of this specification.</t>
</li>
<li><t><tt>locations</tt>: OPTIONAL. An array of strings that allows a client to specify the location of the resource server(s) allowing the AS to mint audience restricted access tokens. This data field is predefined in Section 2.2 of (<xref target="I-D.ietf-oauth-rar"></xref>).</t>
</li>
</ul>
<t>[TBD: <tt>locations</tt> could enable a single authorization server to authorize access to different Credential endpoints. Might be an architectural option we want to pursue.]</t>
<t>A non-normative example of an <tt>authorization_details</tt> object.</t>

<sourcecode type="json=">{
   &quot;type&quot;:&quot;openid_credential&quot;,
   &quot;credential_type&quot;:&quot;https://did.example.org/healthCard&quot;,
   &quot;format&quot;:&quot;ldp_vc&quot;
}
</sourcecode>
<t>Note: applications MAY combine <tt>openid_credential</tt> with any other authorization details type in an Authorization Request.</t>
<t>A non-normative example of a Authorization Request using the <tt>authorization_details</tt> parameter (with line wraps within values for display purposes only).</t>

<artwork>HTTP/1.1 302 Found
Location: https://server.example.com/authorize?
  response_type=code
  &amp;client_id=s6BhdRkqt3
  &amp;code_challenge=E9Melhoa2OwvFrEMTJguCHaoeK1t8URWbuGJSstw-cM
  &amp;code_challenge_method=S256
  &amp;authorization_details=%5B%7B%22type%22:%22openid_credential%22,%22credential_type
  %22:%22https://did.example.org/healthCard%22,%22format%22:%22ldp_vc%22%7D,%7B%22ty
  pe%22:%22openid_credential%22,%22credential_type%22:%22https://did.example.org/mDL
  %22%7D%5D
  &amp;redirect_uri=https%3A%2F%2Fclient.example.org%2Fcb
</artwork>
<t>This non-normative example requests authorization to issue two different Credentials:</t>

<sourcecode type="json=">[
   {
      &quot;type&quot;:&quot;openid_credential&quot;,
      &quot;credential_type&quot;:&quot;https://did.example.org/healthCard&quot;,
      &quot;format&quot;:&quot;ldp_vc&quot;
   },
   {
      &quot;type&quot;:&quot;openid_credential&quot;,
      &quot;credential_type&quot;:&quot;https://did.example.org/mDL&quot;
   }
]
</sourcecode>
</section>

<section anchor="credential-request-using-type-specific-scope"><name>Using <tt>scope</tt> Parameter to Request Issuance of a Credential</name>
<t>In addition to a mechanism defined in <xref target="credential-authz-request"></xref>, issuers MAY support requesting authorization to issue a credential using OAuth 2.0 scope values.</t>
<t>The concrete scope values and the mapping between a certain scope value and the credential type (and further parameters associated with the authorization to issue this credential type) is out of scope of this specification. Possible options include normative text in a profile of this specification defining scope values along with a description of their semantics or machine readable definitions in the Issuer's metadata such as mapping a scope value to an equivalent authorization details object (see above).</t>
<t>It is RECOMMENDED to use collision-resistant scopes values.</t>
<t>Issuers MUST interpret each scope value as a request to access the Credential Endpoint as defined in <xref target="credential-endpoint"></xref> for the issuance of a Credential type identified by that scope value. Multiple scope values MAY be present in a single request whereby each
occurrence MUST be interpreted individually.</t>
<t>Providers that do not understand the value of this scope in a request MUST ignore it entirely.</t>
<t>Below is a non-normative example of a Authorization Request using the scope <tt>com.example.healthCardCredential</tt>:</t>

<artwork>HTTP/1.1 302 Found
Location: https://server.example.com/authorize?
  response_type=code
  &amp;scope=com.example.healthCardCredential
  &amp;client_id=s6BhdRkqt3
  &amp;code_challenge=E9Melhoa2OwvFrEMTJguCHaoeK1t8URWbuGJSstw-cM
  &amp;code_challenge_method=S256
  &amp;redirect_uri=https%3A%2F%2Fclient.example.org%2Fcb
</artwork>
<t>If a scope value related to credential issuance and the <tt>authorization_details</tt> request parameter containing objects of type <tt>openid_credential</tt> are both present in a single request, the provider MUST interpret these individually. However, if both request the same Credential type, than the Issuer MUST follow the request as given by the authorization details object.</t>
</section>

<section anchor="additional-request-parameters"><name>Additional Request Parameters</name>
<t>This specification defines the following request parameters that can be supplied in a Authorization Request:</t>

<ul>
<li><t><tt>Wallet_issuer</tt>: OPTIONAL. JSON String containing the Wallet's OpenID Connect Issuer URL. The Issuer will use the discovery process as defined in <xref target="SIOPv2"></xref> to determine the Wallet's capabilities and endpoints. RECOMMENDED in Dynamic Credential Request.</t>
</li>
<li><t><tt>user_hint</tt>: OPTIONAL. JSON String containing an opaque user hint the Wallet MAY use in subsequent callbacks to optimize the user's experience. RECOMMENDED in Dynamic Credential Request.</t>
</li>
<li><t><tt>op_state</tt>: OPTIONAL. String value identifying a certain processing context at the Credential issuer. A value for this parameter is typically passed in an issuance initation request from the issuer to the Wallet (see (<xref target="issuance_initiation_request"></xref>). This request parameter is used to pass the <tt>op_state</tt> value back to the Credential issuer.</t>
</li>
</ul>
<t>Note: When processing the Authorization Request, the issuer MUST take into account that the <tt>op_state</tt> is not guaranteed to originate from this issuer in all circumstances. It could have been injected by an attacker.</t>
</section>

<section anchor="pushed-authorization-request"><name>Pushed Authorization Request</name>
<t>Use of Pushed Authorization Requests is RECOMMENDED to ensure confidentiality, integrity, and authenticity of the request data and to avoid issues due to large requests sizes.</t>
<t>Below is a non-normative example of a Pushed Authorization Request:</t>

<artwork>POST /op/par HTTP/1.1
    Host: as.example.com
    Content-Type: application/x-www-form-urlencoded

    &amp;response_type=code
    &amp;client_id=CLIENT1234
    &amp;code_challenge=E9Melhoa2OwvFrEMTJguCHaoeK1t8URWbuGJSstw-cM
    &amp;code_challenge_method=S256
    &amp;redirect_uri=https%3A%2F%2Fclient.example.org%2Fcb
    &amp;authorization_details=...
</artwork>
</section>

<section anchor="dynamic-credential-request"><name>Dynamic Credential Request</name>
<t>This step is OPTIONAL. After receiving an Authorization Request from the Client, the Issuer MAY use this step to obtain additional Credentials from the End-User required to proceed with the authorization of the credential issuance, e.g. it may obtain an identity credential and utilize it to identify the user before issuing an additional credential. For a use case, see <xref target="use-case-2"></xref>.</t>
<t>The Issuer MUST utilize <xref target="OpenID4VP"></xref> to dynamically request additional Credential Presentations. From a protocol perspective, the Issuer then acts as a verifier and sends a presentation request to the Wallet. The Client SHOULD have these Credentials obtained prior to initiating a transaction with this Issuer.</t>
<t>To enable dynamic callbacks of the issuer to the end-user's Wallet, the Wallet MAY provide additional parameters <tt>Wallet_issuer</tt> and <tt>user_hint</tt> defined in the Authorization Request section of this specification.</t>
<t>For non-normative examples of request and response, see section 11.6 in <xref target="OpenID4VP"></xref>.</t>
<t>Note to the editors: need to sort out Credential issuer's client_id with Wallet and potentially add example with <tt>Wallet_issuer</tt> and <tt>user_hint</tt></t>
</section>
</section>

<section anchor="successful-authorization-response"><name>Successful Authorization Response</name>
<t>Authorization Responses MUST be made as defined in <xref target="RFC6749"></xref>.</t>
<t>Below is a non-normative example of a successful Authorization Response:</t>

<artwork>HTTP/1.1 302 Found
  Location: https://Wallet.example.org/cb?
    code=SplxlOBeZQQYbYS6WxSbIA
</artwork>
</section>

<section anchor="authorization-error-response"><name>Authorization Error Response</name>
<t>Authorization Error Response MUST be made as defined in <xref target="RFC6749"></xref>.</t>
<t>When the requested scope value is invalid, unknown, or malformed, the AS should respond with the error code <tt>invalid_scope</tt> defined in Section 4.1.2.1 of <xref target="RFC6749"></xref>.</t>
<t>Below is a non-normative example of an unsuccessful Authorization Response.</t>

<sourcecode type="json=">HTTP/1.1 302 Found
Location: https://client.example.net/cb?
    error=invalid_request
    &amp;error_description=Unsupported%20response_type%20value
</sourcecode>
</section>
</section>

<section anchor="token_endpoint"><name>Token Endpoint</name>
<t>The Token Endpoint issues an Access Token and, optionally, a Refresh Token in exchange for the authorization code that client obtained in a successful Authorization Response. It is used in the same manner as defined in <xref target="RFC6749"></xref> and follows the recommendations given in <xref target="I-D.ietf-oauth-security-topics"></xref>.</t>

<section anchor="token-request"><name>Token Request</name>
<t>Upon receiving a successful Authorization Response, a Token Request is made as defined in Section 4.1.3 of <xref target="RFC6749"></xref>.</t>
<t>The following are the extension parameters to the Token Request used in a pre-authorized code flow:</t>

<ul>
<li><t><tt>pre-authorized_code</tt>: CONDITIONAL. The code representing the authorization to obtain Credentials of a certain type. This parameter is required if the <tt>grant_type</tt> is <tt>urn:ietf:params:oauth:grant-type:pre-authorized_code</tt>.</t>
</li>
<li><t><tt>user_pin</tt>: OPTIONAL. String value containing a user PIN. This value MUST be present if <tt>user_pin_required</tt> was set to <tt>true</tt> in the Issuance Initiation Request. The string value MUST consist of maximum 8 numeric characters (the numbers 0 - 9). This parameter MUST only be used, if the <tt>grant_type</tt> is <tt>urn:ietf:params:oauth:grant-type:pre-authorized_code</tt>.</t>
</li>
</ul>
<t>Below is a non-normative example of a Token Request in an authorization code flow:</t>

<artwork>POST /token HTTP/1.1
  Host: server.example.com
  Content-Type: application/x-www-form-urlencoded
  Authorization: Basic czZCaGRSa3F0MzpnWDFmQmF0M2JW
  grant_type=authorization_code
  &amp;code=SplxlOBeZQQYbYS6WxSbIA
  &amp;code_verifier=dBjftJeZ4CVP-mB92K27uhbUJU1p1r_wW1gFWFOEjXk
  &amp;redirect_uri=https%3A%2F%2FWallet.example.org%2Fcb
  
</artwork>
<t>Below is a non-normative example of a Token Request in a pre-authorized code flow:</t>

<artwork>POST /token HTTP/1.1
  Host: server.example.com
  Content-Type: application/x-www-form-urlencoded
  Authorization: Basic czZCaGRSa3F0MzpnWDFmQmF0M2JW

  grant_type=urn:ietf:params:oauth:grant-type:pre-authorized_code
  &amp;pre-authorized_code=SplxlOBeZQQYbYS6WxSbIA
  &amp;user_pin=493536
</artwork>
</section>

<section anchor="token-response"><name>Successful Token Response</name>
<t>Token Requests are made as defined in <xref target="RFC6749"></xref>.</t>
<t>In addition to the response parameters defined in <xref target="RFC6749"></xref>, the AS MAY return the following parameters:</t>

<ul>
<li><t><tt>c_nonce</tt>: OPTIONAL. JSON string containing a nonce to be used to create a proof of possession of key material when requesting a Credential (see <xref target="credential_request"></xref>).</t>
</li>
<li><t><tt>c_nonce_expires_in</tt>: OPTIONAL. JSON integer denoting the lifetime in seconds of the <tt>c_nonce</tt>.</t>
</li>
<li><t><tt>authorization_pending</tt>: OPTIONAL. JSON Boolean. In pre-authorized code flow, the Token Request is still pending as the issuer is waiting for the end user interaction to complete. The client SHOULD repeat the Token Request. Before each new request, the client MUST wait at least the number of seconds specified by the &quot;interval&quot; response parameter. ToDo: clarify boolean.</t>
</li>
<li><t><tt>interval</tt>: OPTIONAL. The minimum amount of time in seconds that the client SHOULD wait between polling requests to the token endpoint in pre-authorized code flow.  If no value is provided, clients MUST use 5 as the default.</t>
</li>
</ul>
<t>Upon receiving <tt>pre-authorized_code</tt>, the issuer MAY decide to interact with the end-user in the course of the Token Request processing, which might take some time. In such a case, the issuer SHOULD respond with the error <tt>authorization_pending</tt> and the new return parameter <tt>interval</tt>.</t>
<t>Below is a non-normative example of a Token Response:</t>

<artwork>HTTP/1.1 200 OK
  Content-Type: application/json
  Cache-Control: no-store

  {
    &quot;access_token&quot;: &quot;eyJhbGciOiJSUzI1NiIsInR5cCI6Ikp..sHQ&quot;,
    &quot;token_type&quot;: &quot;bearer&quot;,
    &quot;expires_in&quot;: 86400,
    &quot;c_nonce&quot;: &quot;tZignsnFbp&quot;,
    &quot;c_nonce_expires_in&quot;: 86400
  }
</artwork>
</section>

<section anchor="token-error-response"><name>Token Error Response</name>
<t>If the Token Request is invalid or unauthorized, the Authorization Server constructs the error response as defined as in Section 5.2 of OAuth 2.0 <xref target="RFC6749"></xref>.</t>
<t>Below is a non-normative example Token Error Response:</t>

<sourcecode type="json=">HTTP/1.1 400 Bad Request
Content-Type: application/json
Cache-Control: no-store
{
   &quot;error&quot;: &quot;invalid_request&quot;
}
</sourcecode>
</section>
</section>

<section anchor="credential-endpoint"><name>Credential Endpoint</name>
<t>The Credential Endpoint issues a Credential as approved by the End-User upon presentation of a valid Access Token representing this approval.</t>
<t>Communication with the Credential Endpoint MUST utilize TLS.</t>
<t>The client can request issuance of a Credential of a certain type multiple times, e.g., to associate the Credential with different DIDs/public keys or to refresh a certain Credential.</t>
<t>If the access token is valid for requesting issuance of multiple Credentials, it is at the client's discretion to decide the order in which to request issuance of multiple Credentials requested in the Authorization Request.</t>

<section anchor="credential-binding"><name>Binding the Issued Credential to the identifier of the End-User possessing that Credential</name>
<t>Issued Credential SHOULD be cryptographically bound to the identifier of the End-User who possesses the Credential. Cryptographic binding allows the Verifier to verify during presentation that the End-User presenting a Credential is the same End-User to whom it was issued. For non-cryptographic type of binding and Credentials issued without any binding, see Implementations Considerations sections <xref target="claim-based-binding"></xref> and <xref target="no-binding"></xref>.</t>
<t>Note that claims in the Credential are usually about the End-User who possesses it, but can be about another entity.</t>
<t>For cryptographic binding, the Client has the following options to provide cryptographic binding material for a requested Credential as defined in <xref target="credential_request"></xref>:</t>

<ol>
<li><t>Provide proof of control alongside key material (<tt>proof</tt> that includes <tt>sub_jwk</tt> or <tt>did</tt>)</t>
</li>
<li><t>Provide only proof of control without the key material (<tt>proof</tt> that does not include <tt>sub_jwk</tt> or <tt>did</tt>)</t>
</li>
</ol>
</section>

<section anchor="credential_request"><name>Credential Request</name>
<t>A Client makes a Credential Request to the Credential Endpoint by sending the following parameters in the entity-body of an HTTP POST request using the &quot;application/json&quot; media type.</t>

<ul>
<li><t><tt>type</tt>: REQUIRED. Type of a Credential being requested. It corresponds to a <tt>type</tt> property in a Issuer metadata.</t>
</li>
<li><t><tt>format</tt>: OPTIONAL. Format of the Credential to be issued. If not present, the issuer will determine the Credential
format based on the client's format default.</t>
</li>
<li><t><tt>proof</tt> OPTIONAL. JSON Object containing proof of possession of the key material the issued Credential shall be
bound to. The <tt>proof</tt> object MUST contain the following <tt>proof_type</tt> element which determines its structure:</t>

<ul>
<li><t><tt>proof_type</tt>: REQUIRED. JSON String denoting the proof type.</t>
</li>
</ul></li>
</ul>
<t>This specification defines the following values for <tt>proof_type</tt>:</t>

<ul>
<li><t><tt>jwt</tt>: objects of this type contain a single <tt>jwt</tt> element with a JWS <xref target="RFC7515"></xref> as proof of possession. The JWT MUST contain the following elements:</t>

<ul>
<li><t><tt>kid</tt>: CONDITIONAL. JWT header containing the key ID. If the Credential shall be bound to a DID, the <tt>kid</tt> refers to a DID URL which identifies a particular key in the DID Document that the Credential shall be bound to. MUST NOT be present if <tt>jwk</tt> or <tt>x5c</tt> is present.</t>
</li>
<li><t><tt>jwk</tt>: CONDITIONAL. JWT header containing the key material the new Credential shall be bound to. MUST NOT be present if <tt>kid</tt> or <tt>x5c</tt> is present.</t>
</li>
<li><t><tt>x5c</tt>: CONDITIONAL. JWT header containing a certificate or certificate chain corresponding to the key used to sign the JWT. This element may be used to convey a key attestation. In such a case, the actual key certificate will contain attributes related to the key properties. MUST NOT be present if <tt>kid</tt> or <tt>jwk</tt> is present.</t>
</li>
<li><t><tt>iss</tt>: REQUIRED (string). The value of this claim MUST be the client_id of the client making the credential request.</t>
</li>
<li><t><tt>aud</tt>: REQUIRED (string). The value of this claim MUST be the issuer URL of credential issuer.</t>
</li>
<li><t><tt>iat</tt>: REQUIRED (number). The value of this claim MUST be the time at which the proof was issued using the syntax defined in <xref target="RFC7519"></xref>.</t>
</li>
<li><t><tt>nonce</tt>: REQUIRED (string). The value type of this claim MUST be a string, where the value is a <tt>c_nonce</tt> provided by the credential issuer.</t>
</li>
</ul></li>
</ul>
<t>Note: if both <tt>jwk</tt> and <tt>x5c</tt> are present, the represented signing key MUST be the same in both.</t>
<t>The <tt>proof</tt> element MUST incorporate a <tt>c_nonce</tt> value generated by the Credential issuer and the Credential issuer's identifier (audience) to allow the Credential issuer to detect replay. The way that data is incorporated depends on the proof type. In a JWT, for example, the <tt>c_nonce</tt> is conveyd in the <tt>nonce</tt> claims whereas the audience is conveyed in the <tt>aud</tt> claim. In a Linked Data proof, for example, the <tt>c_nonce</tt> is included as the <tt>challenge</tt> element in the proof object and the issuer (the intended audience) is included as the <tt>domain</tt> element.</t>
<t>The Issuer MUST validate that the <tt>proof</tt> is actually signed by a key identified in <tt>kid</tt> parameter.</t>
<t>Below is a non-normative example of a <tt>proof</tt> parameter (line breaks for display purposes only):</t>

<sourcecode type="json">{
  &quot;proof_type&quot;: &quot;jwt&quot;,
  &quot;jwt&quot;: &quot;eyJraWQiOiJkaWQ6ZXhhbXBsZTplYmZlYjFmNzEyZWJjNmYxYzI3NmUxMmVjMjEva2V5cy8
  xIiwiYWxnIjoiRVMyNTYiLCJ0eXAiOiJKV1QifQ.eyJpc3MiOiJzNkJoZFJrcXQzIiwiYXVkIjoiaHR
  0cHM6Ly9zZXJ2ZXIuZXhhbXBsZS5jb20iLCJpYXQiOiIyMDE4LTA5LTE0VDIxOjE5OjEwWiIsIm5vbm
  NlIjoidFppZ25zbkZicCJ9.ewdkIkPV50iOeBUqMXCC_aZKPxgihac0aW9EkL1nOzM&quot;
  }
</sourcecode>
<t>where the JWT looks like this:</t>

<sourcecode type="json">{
  &quot;alg&quot;: &quot;ES256&quot;,
  &quot;kid&quot;:&quot;did:example:ebfeb1f712ebc6f1c276e12ec21/keys/1&quot;
}.
{
  &quot;iss&quot;: &quot;s6BhdRkqt3&quot;,
  &quot;aud&quot;: &quot;https://server.example.com&quot;,
  &quot;iat&quot;: 1659145924,
  &quot;nonce&quot;: &quot;tZignsnFbp&quot;
}
</sourcecode>
<t>Here is another example JWT not only proving possession of a private key but also providing key attestation data for that key:</t>

<sourcecode type="json">{
  &quot;alg&quot;: &quot;ES256&quot;,
  &quot;x5c&quot;:[&lt;key certificate + certificate chain for attestation&gt;]
}.
{
  &quot;iss&quot;: &quot;s6BhdRkqt3&quot;,
  &quot;aud&quot;: &quot;https://server.example.com&quot;,
  &quot;iat&quot;: 1659145924,
  &quot;nonce&quot;: &quot;tZignsnFbp&quot;
}
</sourcecode>
<t>Below is a non-normative example of a Credential Request:</t>

<artwork>POST /credential HTTP/1.1
Host: server.example.com
Content-Type: application/json
Authorization: BEARER czZCaGRSa3F0MzpnWDFmQmF0M2JW

{
  &quot;type&quot;: &quot;https://did.example.org/healthCard&quot;
  &quot;format&quot;: &quot;ldp_vc&quot;,
  &quot;proof&quot;: {
    &quot;proof_type&quot;: &quot;jwt&quot;,
    &quot;jwt&quot;: &quot;eyJraWQiOiJkaWQ6ZXhhbXBsZTplYmZlYjFmNzEyZWJjNmYxYzI3NmUxMmVjMjEva2V5cy8
    xIiwiYWxnIjoiRVMyNTYiLCJ0eXAiOiJKV1QifQ.eyJpc3MiOiJzNkJoZFJrcXQzIiwiYXVkIjoiaHR
    0cHM6Ly9zZXJ2ZXIuZXhhbXBsZS5jb20iLCJpYXQiOiIyMDE4LTA5LTE0VDIxOjE5OjEwWiIsIm5vbm
    NlIjoidFppZ25zbkZicCJ9.ewdkIkPV50iOeBUqMXCC_aZKPxgihac0aW9EkL1nOzM&quot;
  }
}
</artwork>
</section>

<section anchor="credential-response"><name>Credential Response</name>
<t>Credential Response can be Synchronous or Deferred. The Issuer may be able to immediately issue a requested Credential and send it to the Client. In other cases, the Issuer may not be able to immediately issue a requested Credential and would want to send a token to the Client to be used later to receive a Credential when it is ready.</t>
<t>The following claims are used in the Credential Response:</t>

<ul>
<li><t><tt>format</tt>: REQUIRED. JSON string denoting the Credential's format</t>
</li>
<li><t><tt>credential</tt>: OPTIONAL. Contains issued Credential. MUST be present when <tt>acceptance_token</tt> is not returned. MAY be a JSON string or a JSON object, depending on the Credential format. See the table below for the format specific encoding requirements.</t>
</li>
<li><t><tt>acceptance_token</tt>: OPTIONAL. A JSON string containing a token subsequently used to obtain a Credential. MUST be present when <tt>credential</tt> is not returned.</t>
</li>
<li><t><tt>c_nonce</tt>: OPTIONAL. JSON string containing a nonce to be used to create a proof of possession of key material when requesting a Credential (see <xref target="credential_request"></xref>).</t>
</li>
<li><t><tt>c_nonce_expires_in</tt>: OPTIONAL. JSON integer denoting the lifetime in seconds of the <tt>c_nonce</tt>.</t>
</li>
</ul>
<t>The following table defines how issued Credential MUST be returned in the <tt>credential</tt> claim in the Credential Response based on the Credential format and the signature scheme. This specification does not require any additional encoding when Credential format is already represented as a JSON object or a JSON string.</t>
<table>
<thead>
<tr>
<th align="left">Credential Signature Format</th>
<th align="left">Credential Format Identifier</th>
<th align="left">Signature Scheme</th>
<th align="left">Need for encoding when returning in the Credential Response</th>
</tr>
</thead>

<tbody>
<tr>
<td align="left">JWS Compact Serialization</td>
<td align="left"><tt>jwt_vc</tt>, <tt>mdl_iso_json</tt>, <tt>mid_iso_json</tt></td>
<td align="left">Credential conformant to the W3C Verifiable Credentials Data Model, ISO/IEC 18013-5:2021 mobile driving licence (mDL) data model, or ISO/IEC 23220-4 mobile eID document data model (not yet published), and signed as a JWS Compact Serialization.</td>
<td align="left">MUST be a JSON string. Credential is already a sequence of base64url-encoded values separated by period characters and MUST NOT be re-encoded.</td>
</tr>

<tr>
<td align="left">JWS JSON Serialization</td>
<td align="left"><tt>jwt_vc</tt>, <tt>mdl_iso_json</tt>, <tt>mid_iso_cbor</tt></td>
<td align="left">Credential conformant to the W3C Verifiable Credentials Data Model, ISO/IEC 18013-5:2021 mobile driving licence (mDL) data model, or ISO/IEC 23220-4 mobile eID document data model (not yet published), and signed as a JWS JSON Serialization.</td>
<td align="left">MUST be a JSON object. MUST NOT be re-encoded.</td>
</tr>

<tr>
<td align="left">Data Integrity</td>
<td align="left"><tt>ldp_vc</tt></td>
<td align="left">Credential conformant to the W3C Verifiable Credentials Data Model and signed with Data Integrity Proofs.</td>
<td align="left">MUST be a JSON object. MUST NOT be re-encoded.</td>
</tr>

<tr>
<td align="left">CL-Signatures</td>
<td align="left"><tt>ac_vc</tt></td>
<td align="left">Credential conformant to the AnonCreds format as defined in the Hyperledger Indy project and signed using CL-signature scheme.</td>
<td align="left">MUST be a JSON object. MUST NOT be re-encoded.</td>
</tr>

<tr>
<td align="left">COSE</td>
<td align="left"><tt>mdl_iso_cbor</tt></td>
<td align="left">Credential conformant to the ISO/IEC 18013-5:2021 mobile driving licence (mDL) data model, encoded as CBOR and signed as a COSE message.</td>
<td align="left">MUST be a JSON string that is the base64url-encoded representation of the issued Credential</td>
</tr>
</tbody>
</table><t>Credential formats expressed as binary formats MUST be base64url-encoded and returned as a JSON string.</t>
<t>Note that this table might be superceded by a registry in the future. Meanwhile, for interoperability, implementers MUST follow the requirements defined in the table above.</t>
<t>Below is a non-normative example of a Credential Response in a synchronous flow:</t>

<artwork>HTTP/1.1 200 OK
  Content-Type: application/json
  Cache-Control: no-store

{
  &quot;format&quot;: &quot;jwt_vc&quot;
  &quot;credential&quot; : &quot;LUpixVCWJk0eOt4CXQe1NXK....WZwmhmn9OQp6YxX0a2L&quot;,
  &quot;c_nonce&quot;: &quot;fGFF7UkhLa&quot;,
  &quot;c_nonce_expires_in&quot;: 86400  
}
</artwork>
<t>Below is a non-normative example of a Credential Response in a deferred flow:</t>

<artwork>HTTP/1.1 200 OK
  Content-Type: application/json
  Cache-Control: no-store

{
  &quot;acceptance_token&quot;: &quot;8xLOxBtZp8&quot;,
  &quot;c_nonce&quot;: &quot;wlbQc6pCJp&quot;,
  &quot;c_nonce_expires_in&quot;: 86400  
}
</artwork>
<t>Note: Consider using CIBA Ping/Push OR SSE Poll/Push. Another option would be the Client providing <tt>client_notification_token</tt> to the Issuer, so that the issuer sends a Credential response upon successfully receiving a Credential request and then no need for the client to bring an acceptance token, the Issuer will send the Credential once it is issued in a response that includes <tt>client_notification_token</tt>. (consider SSE options)</t>
</section>

<section anchor="credential-issuer-provided-nonce"><name>Credential Issuer-Provided Nonce</name>
<t>Upon receiving a Credential Request, the Credential issuer MAY require the client to send a proof of possession of the key material it wants a Credential to be bound to. This proof MUST incorporate a nonce generated by the Credential issuer. The Credential issuer will provide the client with a nonce in an error response to any Credential Request not including such a proof or including an invalid proof.</t>
<t>Below is a non-normative example of a Credential Response when the Issuer is requesting a Wallet to provide in a subsequent Credential Request a <tt>proof</tt> that is bound to a <tt>c_nonce</tt>:</t>

<artwork>HTTP/1.1 400 Bad Request
  Content-Type: application/json
  Cache-Control: no-store

{
  &quot;error&quot;: &quot;invalid_or_missing_proof&quot;
  &quot;error_description&quot;:
       &quot;Credential issuer requires proof element in Credential Request&quot;
  &quot;c_nonce&quot;: &quot;8YE9hCnyV2&quot;,
  &quot;c_nonce_expires_in&quot;: 86400  
}
</artwork>
<t>ToDo - 400 might not be a right answer.</t>
</section>
</section>

<section anchor="deferred-credential-issuance"><name>Deferred Credential Endpoint</name>
<t>This endpoint is used to issue a Credential previously requested at the Credential endpoint in case the Issuer was not able to immediately issue this Credential.</t>

<section anchor="deferred-credential-request"><name>Deferred Credential Request</name>
<t>This is an HTTP POST request, which accepts an acceptance token as the only parameter. The acceptance token MUST be sent as access token in the HTTP header as shown in the following example.</t>

<artwork>POST /credential_deferred HTTP/1.1
Host: server.example.com
Content-Type: application/x-www-form-urlencoded
Authorization: BEARER 8xLOxBtZp8

</artwork>
</section>

<section anchor="deferred-credential-response"><name>Deferred Credential Response</name>
<t>The deferred Credential Response uses the <tt>format</tt> and <tt>credential</tt> parameters as defined in <xref target="credential-response"></xref>.</t>
</section>
</section>

<section anchor="metadata"><name>Metadata</name>

<section anchor="client-metadata"><name>Client Metadata</name>
<t>This specification defines the following new Client Metadata parameter in addition to <xref target="RFC7591"></xref> for Wallets acting as OAuth client:</t>

<ul>
<li><t><tt>initiate_issuance_endpoint</tt>: OPTIONAL. URL of the issuance initation endpoint of a Wallet.</t>
</li>
</ul>
<t>If the issuer is unable to perform discovery of the Issuance Initiation Endpoint URL, the following claimed URL is used: <tt>openid-initiate-issuance://</tt>.</t>
</section>

<section anchor="server-metadata"><name>Server Metadata</name>
<t>This section extends the server metadata <xref target="RFC8414"></xref> to allow the RP to obtain information about the Credentials an OP is capable of issuing.</t>
<t>This specification defines the following new Server Metadata parameters for this purpose:</t>

<ul>
<li><t><tt>credential_endpoint</tt>: REQUIRED. URL of the OP's Credential Endpoint. This URL MUST use the <tt>https</tt> scheme and MAY contain port, path and query parameter components.</t>
</li>
</ul>
<t>The following parameter MUST be used to communicates the specifics of the Credential that the issuer supports issuance of:</t>

<ul>
<li><t><tt>credentials_supported</tt>: REQUIRED. A JSON object containing a list of key value pairs, where the key is a string serving as an abstract identifier of the Credential. This identifier is RECOMMENDED to be collision resistant - it can be globally unique, but does not have to be when naming conflicts are unlikely to arise in a given use case. The value is a JSON object. The JSON object MUST conform to the structure of the <xref target="credential-metadata-object"></xref>.</t>
</li>
<li><t><tt>credential_issuer</tt>: OPTIONAL. A JSON object containing display properties for the Credential issuer.</t>

<ul>
<li><t><tt>display</tt>: OPTIONAL. An array of objects, where each object contains display properties of a Credential issuer for a certain language. Below is a non-exhaustive list of valid parameters that MAY be included:</t>
</li>
<li><t><tt>name</tt>: OPTIONAL. String value of a display name for the Credential issuer.</t>
</li>
<li><t><tt>locale</tt>: OPTIONAL. String value that identifies language of this object represented as language tag values defined in BCP47 <xref target="RFC5646"></xref>. There MUST be only one object with the same language identifier</t>
</li>
</ul></li>
</ul>

<section anchor="credential-metadata-object"><name>Credential Metadata Object</name>
<t>This section defines the structure of the object that appears as the value to the keys inside the object defined for the <tt>credentials_supported</tt> metadata element.</t>

<ul>
<li><t><tt>display</tt>: OPTIONAL. An array of objects, where each object contains display properties of a certain Credential for a certain language. Below is a non-exhaustive list of parameters that MAY be included. Note that the display name of the Credential is obtained from <tt>display.name</tt> and individual claim names from <tt>claims.display.name</tt> values.</t>

<ul>
<li><t><tt>name</tt>: REQUIRED. String value of a display name for the Credential.</t>
</li>
<li><t><tt>locale</tt>: OPTIONAL. String value that identifies language of this display object represented as language tag values defined in BCP47 <xref target="RFC5646"></xref>. Multiple <tt>display</tt> objects may be included for separate languages. There MUST be only one object with the same language identifier.</t>
</li>
<li><t><tt>logo</tt>: OPTIONAL. A JSON object with information about the logo of the Credential with a following non-exhaustive list of parameters that MAY be included:</t>
</li>
<li><t><tt>url</tt>: OPTIONAL. URL where the Wallet can obtain a logo of the Credential issuer.</t>
</li>
<li><t><tt>alt_text</tt>: OPTIONAL. String value of an alternative text of a logo image.</t>
</li>
<li><t><tt>description</tt>: OPTIONAL. String value of a description of the Credential.</t>
</li>
<li><t><tt>background_color</tt>: OPTIONAL. String value of a background color of the Credential represented as numerical color values defined in CSS Color Module Level 37 <xref target="CSS-Color"></xref>.</t>
</li>
<li><t><tt>text_color</tt>: OPTIONAL. String value of a text color of the Credential represented as numerical color values defined in CSS Color Module Level 37 <xref target="CSS-Color"></xref>.</t>
</li>
</ul></li>
<li><t><tt>formats</tt>: REQUIRED. A JSON object containing a list of key value pairs, where the key is a string identifying the format of the Credential. Below is a non-exhaustive list of valid key values defined by this specification:</t>

<ul>
<li><t>Claim Format Designations defined in <xref target="DIF.PresentationExchange"></xref>, such as <tt>jwt_vc</tt> and <tt>ldp_vc</tt></t>
</li>
<li><t><tt>mdl_iso</tt>: defined in this specification to express a mobile driving licence (mDL) Credential compliant to a data model and data sets defined in ISO/IEC 18013-5:2021 specification.</t>
</li>
<li><t><tt>ac_vc</tt>: defined in this specificaiton to express an AnonCreds Credential format defined as part of the Hyperledger Indy project [Hyperledger.Indy].</t>
</li>
</ul></li>
</ul>
<t>The value in a key value pair is a JSON object detailing the specifics about the support for the Credential format with a following non-exhaustive list of parameters that MAY be included:
  * <tt>types</tt>: REQUIRED. Array of strings representing a format specific type of a Credential. This value corresponds to <tt>type</tt> in W3C <xref target="VC_DATA"></xref> and a <tt>doctype</tt> in ISO/IEC 18013-5 (mobile Driving License).
  * <tt>cryptographic_binding_methods_supported</tt>: OPTIONAL. Array of case sensitive strings that identify how the Credential is bound to the identifier of the End-User who possesses the Credential as defined in <xref target="credential-binding"></xref>. A non-exhaustive list of valid values defined by this specification are <tt>did</tt>, <tt>jwk</tt>, and <tt>mso</tt>.
  * <tt>cryptographic_suites_supported</tt>: OPTIONAL. Array of case sensitive strings that identify the cryptographic suites that are supported for the <tt>cryptographic_binding_methods_supported</tt>. Cryptosuites for Credentials in <tt>jwt_vc</tt> format should use algorithm names defined in <eref target="https://www.iana.org/assignments/jose/jose.xhtml#web-signature-encryption-algorithms">IANA JOSE Algorithms Registry</eref>. Cryptosuites for Credentials in <tt>ldp_vc</tt> format should use signature suites names defined in <eref target="https://w3c-ccg.github.io/ld-cryptosuite-registry/">Linked Data Cryptographic Suite Registry</eref>.</t>

<ul>
<li><t><tt>claims</tt>: REQUIRED. A JSON object containing a list of key value pairs, where the key identifies the claim offered in the Credential. The value is a JSON object detailing the specifics about the support for the claim with a following non-exhaustive list of parameters that MAY be included:</t>

<ul>
<li><t><tt>mandatory</tt>: OPTIONAL. Boolean which when set to <tt>true</tt> indicates the claim MUST be present in the issued Credential. If the <tt>mandatory</tt> property is omitted its default should be assumed to be <tt>false</tt>.</t>
</li>
<li><t><tt>namespace</tt>: OPTIONAL. String value of a namespace that the claim belongs to. Relevant for ISO/IEC 18013-5 (mobile Driving License) specification.</t>
</li>
<li><t><tt>value_type</tt>: OPTIONAL. String value determining type of value of the claim. A non-exhaustive list of valid values defined by this specification are <tt>string</tt>, <tt>number</tt>, and image media types such as <tt>image/jpeg</tt> as defined in IANA media type registry for images (<eref target="https://www.iana.org/assignments/media-types/media-types.xhtml#image">https://www.iana.org/assignments/media-types/media-types.xhtml#image</eref>).</t>
</li>
<li><t><tt>display</tt>: OPTIONAL. An array of objects, where each object contains display properties of a certain claim in the Credential for a certain language. Below is a non-exhaustive list of valid parameters that MAY be included:</t>
</li>
<li><t><tt>name</tt>: OPTIONAL. String value of a display name for the claim.</t>
</li>
<li><t><tt>locale</tt>: OPTIONAL. String value that identifies language of this object represented as language tag values defined in BCP47 <xref target="RFC5646"></xref>. There MUST be only one object with the same language identifier.</t>
</li>
</ul></li>
</ul>
<t>It is dependent on the Credential format where the requested claims will appear.</t>
<t>The following example shows a non-normative example of the relevant entries in the OP metadata defined above</t>

<artwork> HTTP/1.1 200 OK
  Content-Type: application/json
 {
  &quot;credential_endpoint&quot;: &quot;https://server.example.com/credential&quot;,
  &quot;credentials_supported&quot;: {
    &quot;university_degree&quot;: {
      &quot;display&quot;: [{
          &quot;name&quot;: &quot;University Credential&quot;,
          &quot;locale&quot;: &quot;en-US&quot;,
          &quot;logo&quot;: {
            &quot;url&quot;: &quot;https://exampleuniversity.com/public/logo.png&quot;,
            &quot;alternative_text&quot;: &quot;a square logo of a university&quot;
          },
          &quot;background_color&quot;: &quot;#12107c&quot;,
          &quot;text_color&quot;: &quot;#FFFFFF&quot;
        },
        {
          &quot;name&quot;: &quot;在籍証明書&quot;,
          &quot;locale&quot;: &quot;jp-JA&quot;,
          &quot;logo&quot;: {
            &quot;url&quot;: &quot;https://exampleuniversity.com/public/logo.png&quot;,
            &quot;alternative_text&quot;: &quot;大学のロゴ&quot;
          },
          &quot;background_color&quot;: &quot;#12107c&quot;,
          &quot;text_color&quot;: &quot;#FFFFFF&quot;
        }
      ],
      &quot;formats&quot;: {
        &quot;ldp_vc&quot;: {
          &quot;types&quot;: [&quot;VerifiableCredential&quot;, &quot;UniversityDegreeCredential&quot;],
          &quot;cryptographic_binding_methods_supported&quot;: [&quot;did&quot;],
          &quot;cryptographic_suites_supported&quot;: [&quot;Ed25519Signature2018&quot;]
        }
      },
       &quot;claims&quot;: {
        &quot;given_name&quot;: {
          &quot;mandatory&quot;: false,
          &quot;display&quot;: [{
              &quot;name&quot;: &quot;Given Name&quot;,
              &quot;locale&quot;: &quot;en-US&quot;
            },
            {
              &quot;name&quot;: &quot;名前&quot;,
              &quot;locale&quot;: &quot;jp-JA&quot;
            }
          ]
        },
        &quot;last_name&quot;: {},
        &quot;degree&quot;: {},
        &quot;gpa&quot;: {
          &quot;mandatory&quot;: false,
          &quot;value_type&quot;: &quot;number&quot;,
          &quot;display&quot;: [{
            &quot;name&quot;: &quot;GPA&quot;
          }]
        }
      }
    },
    &quot;WorkplaceCredential&quot;: {
      &quot;formats&quot;: {
        &quot;jwt_vc&quot;: {
          &quot;types&quot;: [&quot;VerifiableCredential&quot;, &quot;WorkplaceCredential&quot;],
          &quot;cryptographic_binding_methods_supported&quot;: [&quot;did&quot;],
          &quot;cryptographic_suites_supported&quot;: [&quot;ES256K&quot;]
        }
      }
    }
  },
  &quot;credential_issuer&quot;: {
    &quot;display&quot;: [{
        &quot;name&quot;: &quot;Example University&quot;,
        &quot;locale&quot;: &quot;en-US&quot;
      },
      {
        &quot;name&quot;: &quot;サンプル大学&quot;,
        &quot;locale&quot;: &quot;jp-JA&quot;
      }
    ]
  }
}
</artwork>
<t>Note: The Client MAY use other mechanisms to obtain information about the verifiable Credentials that an Issuer can issue.</t>
</section>
</section>
</section>

<section anchor="security-considerations"><name>Security Considerations</name>

<section anchor="trust-between-wallet-and-issuer"><name>Trust between Wallet and Issuer</name>
<t>Credential Issuers often want to know what Wallet they are issuing Credentials to and how private keys are managed for the following reasons:</t>

<ul>
<li><t>The issuer may wants to ensure that private keys are properly protected from exfiltration and replay in order to prevent an adversary from impersonating the legitimate Credential holder by presenting her Credential.</t>
</li>
<li><t>The issuer may also want to ensure that the Wallet managing the Credentials adheres to certain policies and, potentially, was audited and approved under a certain regulatory and/or commercial scheme.</t>
</li>
</ul>
<t>The following mechanisms in concert can be utilized to fulfill those objectives:</t>
<t><strong>Key attestation</strong> is a mechanism where the device or security element in a device asserts the key management policy to the application creating and using this key. The Android Operating System, for example, provides apps with a certificate including a certificate chain asserting that a particular key is managed, for example, by an hardware security module [ref]. The Wallet can provide this data along with the proof of possession in the Credential Request (see <xref target="credential_request"></xref> for an example) to allow the issuer to validate the key management policy. This indeed requires the issuer to rely on the trust anchor of the certificate chain and the respective key management policy. Another variant of this concept is the use of a Qualified Electronic Signature as defined by the eIDAS regulation [ref]. This signatures won't reveal the concrete properties of the associated private key to the issuer. However, due to the regulatory regime of eIDAS the issuer can deduce that the signing service manages the private keys according to this regime and fulfills very high security requirements. As another example, FIDO2 allows RPs to obtain an attestation along with the public key from a FIDO authenticator. That implicitly asserts the key management policy since the assertion is bound to a certain authenticator model and its key management capabilities.</t>
<t><strong>App Attestation</strong>: Key attestation, however, does not establish trust in the application storing the Credential and producing presentation of that Credential. App attestation as provided by mobile operating systems, e.g. iOS's DeviceCheck or Android's Safetynet, allows a server system to ensure it is communicating to a legitimate instance of its genuine app. Those mechanisms can be utilized to validate the internal integrity of the Wallet (as a whole).</t>
<t><strong>Device Attestation</strong>: Device Attestation attests the health of the device, on which the Wallet application is running, as a whole. It prevents compromises such as a malicious third party application tampering with a Wallet application managing keys and Credentials, which cannot be captured only by obtaining app attestation of a Wallet application.</t>
<t><strong>Client authentication</strong> allows a Wallet to authenticate with an issuer. In order to securely authenticate, the Wallet needs to utilize a backend component managing the key material and processing the secure communication with the Credential issuer. The issuer may establish trust with the Wallet based on its own auditing or a trusted 3rd party attestation of the conformance of the Wallet to a certain policy.</t>
<t>Directly using key, app and/or device attestations to proof certain capabilities towards an issuer is an obvious option. However, this at least requires platform mechanisms that issue signed assertions that 3rd parties can evaluate, which is not always the case (e.g. iOS's DeviceCheck). Also, such an approach creates dependencies on platform specific mechanisms, trust anchors, and platform specific identifiers (e.g. Android <tt>apkPackageName</tt>) and it reveals information about the internal design of a Wallet app. Implementers should take that consequences into account.</t>
<t>The approach recommended by this specification is that the issuer relies on the OAuth 2.0 client authentication to establish trust in the Wallet and leaves it to the Wallet to ensure its internal integrity using app and key attestation (if required). This establishes a clean separation between the different hemispheres and a uniform interface irrespectively of the Wallet's architecture (e.g. native vs web Wallet). Client authentication can be performed with Credentials registered with the issuer or with assertions issued to the Wallet by a 3rd party the issuer trusts for the purpose of client authentication.</t>
</section>

<section anchor="pre-authorized-code-flow-1"><name>Pre-authorized Code Flow</name>

<section anchor="replay-prevention"><name>Replay Prevention</name>
<t>The pre-authorized code flow is vulnerable to the replay of the pre-authorized code, because by design it is not bound to a certain device (as the authorization code flow does with PKCE). This means an attacker can replay at another device the pre-authorized code meant for a victime, e.g., the attacker can scan the QR code while it is displayed on the victim’s screen, and thereby getg access to the Credential. Such replay attacks must be prevented using other means. The design facilitates the following options:</t>

<ul>
<li><t>User PIN: the issuer might set up a PIN with the user (e.g. via text message or email), which needs to be presented in the Token Request.</t>
</li>
<li><t>Callback to device where the transaction originated: upon receiving the Token Request, the issuer asks the user to confirm the originating device (device that displayed the QR code) that the issuer may proceed with the Credential issuance process. While the issuer reaches out to the user on the other device to get confirmation, the issuer returns an <tt>authorization_pending</tt> error code to the Wallet (as described in <xref target="token-response"></xref>. The Wallet is required to call the token endpoint again to obtain the access token. If the user does not confirm, the Token Request is returned with the <tt>access_denied</tt> error code. This flow gives the user on the originating device more control over the issuance process.</t>
</li>
</ul>
</section>

<section anchor="pin-code-phishing"><name>PIN Code Phishing</name>
<t>An attacker might leverage the Credential issuance process and the user's trust into the Wallet to phish PIN codes sent out by a different service that grant attacker access to services other than Credential issuance. The attacker could setup a Credential issuer site and in parallel to the issuance request trigger transmission of a PIN code to the user's phone from a service other than Credential issuance, e.g. from a payment service. The user would then be asked to enter this PIN into the Wallet and since the Wallet sends this PIN to the token endpoint of the issuer (the attacker), the attacker would get access to the PIN code, and access to that other service.</t>
<t>In order to cope with that issue, the Wallet is RECOMMENDED to interact with trusted issuers only. In that case, the Wallet would not process an Issuance Initiation Request with an untrusted issuer URL. The Wallet MAY also show to the user the endpoint or issuer it will be sending the PIN code and ask the user for confirmation.</t>
</section>
</section>

<section anchor="credential-lifecycle-management"><name>Credential Lifecycle Management</name>
<t>The issuer is supposed to be responsible for the lifecycle of its Credentials. This means the issuer will invalidate Credentials if it deems appropriate, e.g. if it detects fraudulent behavior.</t>
<t>The Wallet is supposed to detect signs of fraudulant behavior related to the Credential management in the Wallet (e.g. device rooting) and to act upon such signals. Options include Credential revocation at the issuer and/or invalidation of the key material used to cryptographically bind Credential to the identifier of the End-User possessing that Credential.</t>
</section>
</section>

<section anchor="implementation-considerations"><name>Implementation Considerations</name>

<section anchor="claim-based-binding"><name>Claim-based Binding of the Credential to the End-User possessing the Credential</name>
<t>Credential not cryptographically bound to the identifier of the End-User possessing it (see <xref target="credential-binding"></xref>), should be bound to the End-User possessing the Credential based on the claims included in that Credential.</t>
<t>In claim-based binding, no cryptographic binding material is provided. Instead, the issued Credential includes user claims that can be used by the Verifier to verify possession of the Credential by requesting presentation of existing forms of physical or digial identification that includes the same claims (e.g., a driver's license or other ID cards in person, or an online ID verification service).</t>
</section>

<section anchor="no-binding"><name>Binding of the Credential without Cryptographic Binding nor Claim-based Binding</name>
<t>Some Issuers might choose issuing bearer Credentials without either cryptographic binding nor claim-based binding, because they are meant to be presented without proof of possession.</t>
<t>One such use case is low assurance Credentials such as coupons or tickets.</t>
<t>Another use case is when the Issuer uses cryptographic schemes that can provide binding to the End-User possessing that Credential without explicit cryptographic material being supplied by the application used by that End-User. For example, in the case of the BBS Signature Scheme, the issued Credential itself is a secret and only derivation of a Credential is presented to the Verifier. Effectively, Credential is bound to the Issuer's signature on the Credential, which becomes a shared secret transferred from the Issuer to the End-User.</t>
</section>

<section anchor="multiple-accesses-to-the-credential-endpoint"><name>Multiple Accesses to the Credential Endpoint</name>
<t>The Credential Endpoint can be accessed multiple times by a Wallet using the same Access Token, even for the same credential_type. The Issuer determines if the subsequent successful requests will return the same or an updated Credential, such as having a new expiration time or using the most current End-User claims.</t>
<t>The Issuer may also decide that the current Access Token is longer be valid and a re-authentication or Token Refresh (see <xref target="RFC6749"></xref>) may be required under the Issuer's discretion. The policies between the Credential Endpoint and the Authorization Server that may change the behavior of what is returned with a new Access Token are beyond the scope of this specification (see <xref target="RFC6749"></xref>).</t>
<t>The action leading to the Wallet performing another Credential Request can also be triggered by a background process, or by the Issuer using an out-of-band mechanism (SMS, email, etc.) to inform the End-User.</t>
</section>
</section>

<section anchor="privacy-considerations"><name>Privacy Considerations</name>
<t>TBD</t>
</section>

</middle>

<back>
<references><name>Normative References</name>
<xi:include href="https://xml2rfc.ietf.org/public/rfc/bibxml/reference.RFC.4648.xml"/>
<xi:include href="https://xml2rfc.ietf.org/public/rfc/bibxml-ids/reference.I-D.ietf-oauth-security-topics.xml"/>
<reference anchor="SIOPv2" target="https://openid.net/specs/openid-connect-self-issued-v2-1_0.html">
  <front>
    <title>Self-Issued OpenID Provider V2</title>
    <author>
      <organization>Microsoft</organization>
    </author>
    <author fullname="Michael B. Jones">
      <organization>Microsoft</organization>
    </author>
    <date year="2021" month="December" day="18"></date>
  </front>
</reference>
<xi:include href="https://xml2rfc.ietf.org/public/rfc/bibxml/reference.RFC.7591.xml"/>
<xi:include href="https://xml2rfc.ietf.org/public/rfc/bibxml/reference.RFC.5646.xml"/>
<reference anchor="DIF.PresentationExchange" target="https://identity.foundation/presentation-exchange/spec/v1.0.0/">
  <front>
    <title>Presentation Exchange v1.0.0</title>
    <author fullname="Daniel Buchner">
      <organization>Microsoft</organization>
    </author>
    <author fullname="Brent Zundel">
      <organization>Evernym</organization>
    </author>
    <author fullname="Martin Riedel">
      <organization>Consensys Mesh</organization>
    </author>
    <date year="2021" month="Feb"></date>
  </front>
</reference>
<xi:include href="https://xml2rfc.ietf.org/public/rfc/bibxml/reference.RFC.7515.xml"/>
<xi:include href="https://xml2rfc.ietf.org/public/rfc/bibxml/reference.RFC.7636.xml"/>
<xi:include href="https://xml2rfc.ietf.org/public/rfc/bibxml/reference.RFC.8414.xml"/>
<reference anchor="CSS-Color" target="https://www.w3.org/TR/css-color-3">
  <front>
    <title>CSS Color Module Level 3</title>
    <author fullname="Tantek Çelik" initials="T." surname="Çelik">
      <organization>Mozilla Corporation</organization>
    </author>
    <author fullname="Chris Lilley" initials="C." surname="Lilley">
      <organization>W3C</organization>
    </author>
    <author fullname="L. David Baron" initials="D." surname="Baron">
      <organization>W3C Invited Expert</organization>
    </author>
    <date year="2022" month="January" day="18"></date>
  </front>
</reference>
<reference anchor="VC_DATA" target="https://www.w3.org/TR/vc-data-model">
  <front>
    <title>Verifiable Credentials Data Model 1.0</title>
    <author fullname="Manu Sporny">
      <organization>Digital Bazaar</organization>
    </author>
    <author fullname="Grant Noble">
      <organization>ConsenSys</organization>
    </author>
    <author fullname="Dave Longley">
      <organization>Digital Bazaar</organization>
    </author>
    <author fullname="Daniel C. Burnett">
      <organization>ConsenSys</organization>
    </author>
    <author fullname="Brent Zundel">
      <organization>Evernym</organization>
    </author>
    <author fullname="David Chadwick">
      <organization>University of Kent</organization>
    </author>
    <date year="2019" month="Nov" day="19"></date>
  </front>
</reference>
<xi:include href="https://xml2rfc.ietf.org/public/rfc/bibxml-ids/reference.I-D.ietf-oauth-rar.xml"/>
<xi:include href="https://xml2rfc.ietf.org/public/rfc/bibxml/reference.RFC.7519.xml"/>
<xi:include href="https://xml2rfc.ietf.org/public/rfc/bibxml/reference.RFC.6749.xml"/>
</references>
<references><name>Informative References</name>
<reference anchor="OpenID4VP" target="https://openid.net/specs/openid-4-verifiable-presentations-1_0.html">
  <front>
    <title>OpenID for Verifiable Presentations</title>
    <author fullname="Oliver Terbu" initials="O." surname="Terbu">
      <organization>ConsenSys Mesh</organization>
    </author>
    <author fullname="Torsten Lodderstedt" initials="T." surname="Lodderstedt">
      <organization>yes.com</organization>
    </author>
    <author fullname="Kristina Yasuda" initials="K." surname="Yasuda">
      <organization>Microsoft</organization>
    </author>
    <author fullname="Adam Lemmon" initials="A." surname="Lemmon">
      <organization>Convergence.tech</organization>
    </author>
    <author fullname="Tobias Looker" initials="T." surname="Looker">
      <organization>Mattr</organization>
    </author>
    <date year="2022" month="June" day="20"></date>
  </front>
</reference>
<reference anchor="OpenID.Core" target="http://openid.net/specs/openid-connect-core-1_0.html">
  <front>
    <title>OpenID Connect Core 1.0 incorporating errata set 1</title>
    <author fullname="Nat Sakimura" initials="N." surname="Sakimura">
      <organization>NRI</organization>
    </author>
    <author fullname="John Bradley" initials="J." surname="Bradley">
      <organization>Ping Identity</organization>
    </author>
    <author fullname="Michael B. Jones" initials="M." surname="Jones">
      <organization>Microsoft</organization>
    </author>
    <author fullname="Breno de Medeiros" initials="B." surname="de Medeiros">
      <organization>Google</organization>
    </author>
    <author fullname="Chuck Mortimore" initials="C." surname="Mortimore">
      <organization>Salesforce</organization>
    </author>
    <date year="2014" month="Nov" day="8"></date>
  </front>
</reference>
</references>

<section anchor="iana-considerations"><name>IANA Considerations</name>
<t>register &quot;urn:ietf:params:oauth:grant-type:pre-authorized_code&quot;</t>
</section>

<section anchor="Acknowledgements"><name>Acknowledgements</name>
<t>We would like to thank David Chadwick, John Bradley, Mark Haine, Alen Horvat, Michael B. Jones, and David Waite for their valuable contributions to this specification.</t>
</section>

<section anchor="notices"><name>Notices</name>
<t>Copyright (c) 2022 The OpenID Foundation.</t>
<t>The OpenID Foundation (OIDF) grants to any Contributor, developer, implementer, or other interested party a non-exclusive, royalty free, worldwide copyright license to reproduce, prepare derivative works from, distribute, perform and display, this Implementers Draft or Final Specification solely for the purposes of (i) developing specifications, and (ii) implementing Implementers Drafts and Final Specifications based on such documents, provided that attribution be made to the OIDF as the source of the material, but that such attribution does not indicate an endorsement by the OIDF.</t>
<t>The technology described in this specification was made available from contributions from various sources, including members of the OpenID Foundation and others. Although the OpenID Foundation has taken steps to help ensure that the technology is available for distribution, it takes no position regarding the validity or scope of any intellectual property or other rights that might be claimed to pertain to the implementation or use of the technology described in this specification or the extent to which any license under such rights might or might not be available; neither does it represent that it has made any independent effort to identify any such rights. The OpenID Foundation and the contributors to this specification make no (and hereby expressly disclaim any) warranties (express, implied, or otherwise), including implied warranties of merchantability, non-infringement, fitness for a particular purpose, or title, related to this specification, and the entire risk as to implementing this specification is assumed by the implementer. The OpenID Intellectual Property Rights policy requires contributors to offer a patent promise not to assert certain patent claims against other contributors and against implementers. The OpenID Foundation invites any interested party to bring to its attention any copyrights, patents, patent applications, or other proprietary rights that may cover technology that may be required to practice this specification.</t>
</section>

<section anchor="document-history"><name>Document History</name>
<t>[[ To be removed from the final specification ]]</t>
<t>-08</t>

<ul>
<li><t>reworked use of OAuth scopes to be more flexible for implementers</t>
</li>
<li><t>added text on scope related error handling</t>
</li>
<li><t>changed media type of a Credential Request to application/json from application/x-www-form-urlencoded</t>
</li>
</ul>
<t>-07</t>

<ul>
<li><t>restructured the entire specification as following:</t>

<ul>
<li><t>reorganized defined parameters and mechanisms around endpoints, not the flows</t>
</li>
<li><t>merged requirements section into a simpler overview section</t>
</li>
<li><t>moved metadata to the after describing the endpoints</t>
</li>
<li><t>broke down one large diagram into two simpler ones</t>
</li>
</ul></li>
</ul>
<t>-06</t>

<ul>
<li><t>added issuer metadata</t>
</li>
<li><t>made Credential Response more flexible regarding Credential encoding</t>
</li>
<li><t>changed file name to match specification name</t>
</li>
<li><t>renamed specification to reflect OAuth 2.0 being the base protocol</t>
</li>
</ul>
<t>-05</t>

<ul>
<li><t>added support for pre-authorized code flow</t>
</li>
<li><t>changed base protocol to OAuth 2.0</t>
</li>
</ul>
<t>-04</t>

<ul>
<li><t>added support for requesting Credential authorization with scopes</t>
</li>
<li><t>removed support to pass VPs in the Authorization Request</t>
</li>
<li><t>reworked &quot;proof&quot; parameter definition and added &quot;jwt&quot; proof type</t>
</li>
</ul>
<t>-03</t>

<ul>
<li><t>added issuance initiation endpoint</t>
</li>
<li><t>Applied cleanups suggested by Mike Jones post adoption</t>
</li>
</ul>
<t>-02</t>

<ul>
<li><t>Adopted as WG document</t>
</li>
</ul>
<t>-01</t>

<ul>
<li><t>Added Request &amp; Response syntax and descriptions</t>
</li>
<li><t>Reworked and extended sequence diagram</t>
</li>
</ul>
<t>-00</t>

<ul>
<li><t>initial revision</t>
</li>
</ul>
</section>

</back>

</rfc>
