<?xml version="1.0" encoding="utf-8"?>
<!-- name="GENERATOR" content="github.com/mmarkdown/mmark Mmark Markdown Processor - mmark.miek.nl" -->
<rfc version="3" ipr="none" docName="openid-connect-self-issued-v2-1_0-12" submissionType="IETF" category="std" xml:lang="en" xmlns:xi="http://www.w3.org/2001/XInclude" consensus="true">

<front>
<title abbrev="siop-v2">Self-Issued OpenID Provider v2</title><seriesInfo value="openid-connect-self-issued-v2-1_0-12" status="standard" name="Internet-Draft"></seriesInfo>
<author initials="K." surname="Yasuda" fullname="Kristina Yasuda"><organization>Microsoft</organization><address><postal><street></street>
</postal><email>kristina.yasuda@microsoft.com</email>
</address></author>
<author initials="M." surname="Jones" fullname="Michael B. Jones"><organization>Microsoft</organization><address><postal><street></street>
</postal><email>mbj@microsoft.com</email>
</address></author>
<author initials="T." surname="Lodderstedt" fullname="Torsten Lodderstedt"><organization>yes.com</organization><address><postal><street></street>
</postal><email>torsten@lodderstedt.net</email>
</address></author>
<date/>
<area>Internet</area>
<workgroup>OpenID Connect</workgroup>
<keyword>security</keyword>
<keyword>openid</keyword>
<keyword>ssi</keyword>

<abstract>
<t>OpenID Connect defines mechanisms by which an End-User can leverage an OpenID Provider (OP) to release identity information (such as authentication and claims) to a Relying Party (RP) which can act on that information. In this model, the RP trusts assertions made by the OP, i.e. the OP is the issuer of these assertions.</t>
<t>This specification extends OpenID Connect with the concept of a Self-Issued OpenID Provider (Self-Issued OP), an OP controlled by the End-User. The Self-Issued OP does not itself assert identity information about this End-user. Instead the End-user becomes the issuer of identity information. Using Self-Issued OPs, End-Users can authenticate themselves with Self-Issued ID Tokens signed with keys under the End-user's control and present self-attested claims directly to the RPs.</t>
<t>Self-Issued OPs can also present cryptographically verifiable claims issued by the third parties trusted by the RPs, when used with separate specifications such as <xref target="OpenID4VP"></xref>, or Aggregated and Distributed Claims defined in Section 5.6.2 of <xref target="OpenID.Core"></xref>. This allows End-Users to interact with RPs, without RPs interacting directly with claims issuers.</t>
</abstract>

</front>

<middle>

<section anchor="introduction"><name>Introduction</name>
<t>This specification extends OpenID Connect with the concept of a <em>Self-Issued OpenID Provider</em> (Self-Issued OP), an OpenID Provider (OP) which is within the End-User’s control. Using Self-Issued OPs, End-Users can authenticate themselves with Self-Issued ID Tokens and present self-attested claims directly to the RPs. Self-Issued OPs can also present cryptographically verifiable claims issued by the third parties trusted by the RPs, when used with separate specifications such as <xref target="OpenID4VP"></xref>, or Aggregated and Distributed Claims defined in Section 5.6.2 of <xref target="OpenID.Core"></xref>. This allows End-Users to interact with RPs, without RPs interacting with claims issuers.</t>
<t>End-user control does not imply the Self-Issued OP is entirely locally hosted on an End-user's device. There are different ways to implement a Self-Issued OP: the Self-Issued OP can completely run on a End-user device; it might utilize cloud components; or it might completely run in the cloud.</t>
<t>The crucial difference between a traditional OP and the Self-Issued OP is that the Self-Issued OP allows the End-user to determine identifiers and claims released to the RP.</t>
<t><xref target="OpenID.Core"></xref> defines that an OP releases End-User authentication information in the form of an ID Token. An RP will trust an ID Token based on the relationship between the RP and the issuer of this ID Token.</t>
<t>The extensions defined in this specification provide the protocol changes needed to support Self-Issued OpenID Provider model. Aspects not defined in this specification are expected to follow <xref target="OpenID.Core"></xref>. Most notably, a Self-Issued OP MAY implement all flows as specified in <xref target="OpenID.Core"></xref>, e.g. the Authorization Code Flow, and OpenID Connect extension flows, such as <xref target="OpenID.CIBA"></xref>, as permitted by its deployment model. If the Self-Issued OP is operated entirely locally on a user device, it might be unable to expose any endpoints beyond the authorization endpoint to the RPs. However, if the Self-Issued OP has cloud-based components, it MAY expose further endpoints, such as a token endpoint. The same is applicable for Dynamic Client Registration (<xref target="OpenID.Registration"></xref>).</t>
<t>This specification replaces <eref target="https://identity.foundation/did-siop/">Self-Issued OpenID Connect Provider DID Profile v0.1</eref> and was written as a working item of a liaison between Decentralized Identity Foundation and OpenID Foundation.</t>

<section anchor="notable-differences-between-openid-connect-core-and-self-issued-op-models"><name>Notable Differences between OpenID Connect Core and Self-Issued OP Models</name>
<t>In the traditional OpenID Connect model, when an OP acts as an ID Token issuer, it is common for the OP to have a legal stake with the RPs and a reputation-based stake with both RPs and End-Users to provide correct information. In the Self-Issued OP model, the RP's trust relationship is directly with the End-User. The Self-Issued OP allows the End-User to authenticate towards the RP with an identifier controlled by the End-User instead of an identifier assigned to the End-User by a third-party provided OP. An End-User controlled identifier might be a public key fingerprint or a Decentralized Identifier (see <xref target="DID-Core"></xref>). This changes the trust model and the way signatures of the Self-Issued ID Tokens are validated in comparison to the traditional OpenID Connect model.</t>
<t>In traditional OpenID Connect, the ID Token is signed by the OP as an entity, identified by the <tt>iss</tt> claim. The RP uses this identifier to obtain the key material to validate the ID Token's signature. This signature ensures the data is attested by the OP the RP trusts for that purpose and it also is an attestation of what service produced the ID Token (since both are the same entity).</t>
<t>In the Self-Issued OP case, the ID Token is self-signed with a private key under the user's control, identified by the <tt>sub</tt> claim. The RP uses this identifier to obtain the key material to validate the ID Token's signature. Unlike traditional OpenID Connect, this signature can no longer be used to cryptographically validate the software or service that created the ID Token. Self-issued ID Token can be detected when the <tt>iss</tt> value is set to the user identifier conveyed in the <tt>sub</tt> Claim, because from a conceptual perspective, the issuer of the ID Token is the user. This also aligns Self-Issued OP with the way self-signed certificates and W3C Verifiable Presentations handle subject and issuer of such certificates and assertions, respectively.</t>
<t>Because a Self-Issued OP within the End-User’s control does not have the legal, reputational trust of a traditional OP, claims about the End-User (e.g., <tt>birthdate</tt>) included in a Self-Issued ID Token, are by default self-asserted and non-verifiable. A Self-Issued OP can also present cryptographically verifiable claims issued by the third-party sources trusted by the RP, as defined in separate specifications such as <xref target="OpenID4VP"></xref> or Aggregated and Distributed Claims in Section 5.6.2 of <xref target="OpenID.Core"></xref>.</t>
</section>

<section anchor="terms-and-definitions"><name>Terms and Definitions</name>
<t>Common terms in this document come from four primary sources: <xref target="OpenID.Core"></xref>, <xref target="VC-DATA"></xref> and <xref target="DID-Core"></xref>. In the case where a term has a definition that differs, the definition below is authoritative.</t>
<t>Self-Issued OpenID Provider (Self-Issued OP)
  An OpenID Provider (OP) used by the End-users to prove control over a cryptographically Verifiable Identifier</t>
<t>Self-Issued Request
  Request to a Self-Issued OP from an RP</t>
<t>Self-Issued Response
  Response to an RP from a Self-Issued OP</t>
<t>Self-Issued ID Token
  ID Token signed using the key material controlled by the End-User. It is issued by a Self-Issued OP.</t>
<t>Cryptographically Verifiable Identifier
  An identifier that is either based upon or resolves to cryptographic key material that can be used to verify a signature on the ID Token or the Self-Issued Request.</t>
<t>Trust Framework
  A legally enforceable set of specifications, rules, and agreements that govern a multi-party system established for a common purpose, designed for conducting specific types of transactions among a community of participants, and bound by a common set of requirements, as defined in <eref target="https://openidentityexchange.org/networks/87/item.html?id=365">OIX</eref>.</t>
<t>Verifiable Credential (VC)
  A verifiable credential is a tamper-evident credential that has authorship that can be cryptographically verified. Verifiable credentials can be used to build verifiable presentations, which can also be cryptographically verified. The claims in a credential can be about different subjects. See <xref target="VC-DATA"></xref>.</t>
<t>Wallet
  Entity that receives, stores, presents, and manages Credentials and key material of the End-User. There is no single deployment model of a Wallet: Credentials and keys can both be stored/managed locally by the end-user, or by using a remote self-hosted service, or a remote third party service. In the context of this specification, the Wallet acts as an Self-Issued OpenID Provider towards the RP.</t>
<t>Base64url Encoding
  Base64 encoding using the URL- and filename-safe character set defined in Section 5 of <xref target="RFC4648"></xref>, with all trailing '=' characters omitted (as permitted by Section 3.2 of <xref target="RFC4648"></xref>) and without the inclusion of any line breaks, whitespace, or other additional characters. Note that the base64url encoding of the empty octet sequence is the empty string. (See Appendix C of <xref target="RFC7515"></xref> for notes on implementing base64url encoding without padding.)</t>
</section>

<section anchor="abbreviations"><name>Abbreviations</name>

<ul>
<li><t>OP: OpenID Provider</t>
</li>
<li><t>RP: Relying Party</t>
</li>
<li><t>Self-Issued OP or SIOP: Self-Issued OpenID Provider</t>
</li>
</ul>
</section>
</section>

<section anchor="scope"><name>Scope</name>

<section anchor="in-scope"><name>In Scope</name>
<t>This specification extends the OpenID Connect Core in the following ways:</t>

<ul>
<li><t><strong>Invocation of a Self-Issued OP</strong>: mechanisms for how the RP invokes/opens a Self-Issued OP.</t>
</li>
<li><t><strong>Obtaining Self-Issued OP Metadata (Static and Dynamic Discovery)</strong>: mechanisms for how the RP discovers Self-issued OP's metadata such as authorization endpoint.</t>
</li>
<li><t><strong>Obtaining RP Metadata</strong>: mechanisms for how the Self-Issued OPs obtain RP metadata both with or without RP pre-registering with the Self-Issued OP.</t>
</li>
<li><t><strong>Self-Issued ID Token</strong>: defines additional claims and processing requirements of ID Tokens issued by Self-Issued OPs. An ID Token is self-issued if the values of the <tt>iss</tt> and the <tt>sub</tt> claims are the same.</t>
</li>
<li><t><strong>Support for Self-Asserted Claims</strong>: transporting claims in a Self-Issued ID Token that are not verifiable by the RP</t>
</li>
<li><t><strong>Support for Cryptographically Verifiable Identifiers</strong>: an identifier that is either based upon or can be resolved to cryptographic key material and is used by the Self-Issued OPs in the <tt>sub</tt> Claim of the ID Token to prove possession of the cryptographic key used to sign the ID Token. Types of such identifiers are defined in this specification as Subject Syntax Types.</t>
</li>
</ul>
</section>

<section anchor="out-of-scope"><name>Out of Scope</name>
<t>The following are considered out of scope of this document.</t>

<section anchor="presentation-of-claims-from-the-third-party-issuers"><name>Presentation of Claims from the Third-Party Issuers</name>
<t>A Self-Issued OP can present self-attested claims in the ID Token.</t>
<t>Methods to present of cryptographically verifiable claims issued by trusted third-party sources is defined in other specifications, such as <xref target="OpenID4VP"></xref>, which extends OAuth 2.0 to enable presentation of Verifiable Credentials, supporting W3C Verifiable Credentials and ISO/IEC 18013-5:2021 mdoc as well as other credential formats.</t>
</section>
</section>

<section anchor="relationship-with-section-7-of-openid-core-self-issued-openid-provider"><name>Relationship with Section 7 of <xref target="OpenID.Core"></xref> Self-Issued OpenID Provider</name>
<t>This specification extends Section 7 of <xref target="OpenID.Core"></xref> Self-Issued OpenID Provider in the following ways:</t>

<ul>
<li><t>Added support for Decentralized Identifiers defined in <xref target="DID-Core"></xref> as Cryptographically Verifiable Identifiers in addition to the JWK thumbprint defined in Self-Issued OP v2. See <xref target="sub-syntax-type"></xref>.</t>
</li>
<li><t>Added support for Cross-Device Self-Issued OP model. See <xref target="cross-device-siop"></xref>.</t>
</li>
<li><t>Extended Relying Party Registration mechanisms to support pre-registration and dynamic registration for not-pre-registered RPs. See <xref target="rp-resolution"></xref>.</t>
</li>
<li><t>Added support for Dynamic Self-Issued OpenID Provider Discovery. See <xref target="dynamic-siop-metadata"></xref>.</t>
</li>
<li><t>Added support for claimed URLs (universal links, app links) in addition to the custom URL schemas as Self-Issued OP <tt>authorization_endpoint</tt>. See <xref target="choice-of-authoriation-endpoint"></xref>.</t>
</li>
<li><t>Allows use of any OpenID Connect flow for Self-Issued OPs and Dynamic Client Registration</t>
</li>
</ul>
<t>Note that while this specification extends the original Section 7 of <xref target="OpenID.Core"></xref> Self-Issued OpenID Provider, some sections of it could be applicable more generally to the entire OpenID Connect Core specification.</t>
</section>
</section>

<section anchor="protocol-flow"><name>Protocol Flow</name>
<t>Self-Issued Request results in Self-Issued OP returning an ID Token to the Relying Party when the End-User authentication succeeds and the End-User provides necessary permission. The ID Token always includes claims about the Authentication event and MAY include additional claims about the End-User.</t>
<figure><name>Self-Issued OP Protocol Flow
</name>
<sourcecode type="ascii-art">+------+                                           +----------------+
|      |                                           |                |
|      |--(1) Self-Issued OpenID Provider Request-&gt;|                |
|      |     (Authorization Request)              |                |
|      |                                           |                |
|      |       +----------+                        |                |
|      |       |          |                        |                |
|      |       | End-User |                        |                |
|  RP  |       |          |&lt;--(2) AuthN &amp; AuthZ---&gt;| Self-Issued OP |
|      |       |          |                        |                |
|      |       +----------+                        |                |
|      |                                           |                |
|      |&lt;-(3) Self-Issued OpenID Provider Response-|                |
|      |      (Self-Issued ID Token)               |                |
|      |                                           |                |
+------+                                           +----------------+
</sourcecode>
</figure>
</section>

<section anchor="cross-device-siop"><name>Cross-Device Self-Issued OP</name>
<t>There are two models of Self-Issued OP protocol flows:</t>

<ul>
<li><t>Same-Device Self-Issued OP model: Self-Issued OP is on the same device on which the End-User’s user interactions are occurring. The RP might be a Web site on a different machine and still use the same-device Self-Issued OP protocol flow for authentication.</t>
</li>
<li><t>Cross-device Self-Issued OP model: Self-Issued OP is on a different device than the one on which the End-User’s user interactions are occurring.</t>
</li>
</ul>
<t>This section outlines how Self-Issued OP is used in cross-device scenarios, and its differences with the same device model. In contrast to same-device scenarios, neither RP nor Self-Issued OP can communicate to each other via HTTP redirects through a user agent. The protocol flow is therefore modified as follows:</t>

<ol>
<li><t>The RP prepares a Self-Issued Request and renders it as a QR code.</t>
</li>
<li><t>The End-User scans the QR code with her smartphone's camera app.</t>
</li>
<li><t>Self-Issued OP is invoked on the smartphone (custom URL scheme or claimed URLs).</t>
</li>
<li><t>The Self-Issued OP processes the Authorization Request.</t>
</li>
<li><t>Upon completion of the Authorization Request, the Self-Issued OP directly sends a HTTP POST request with the Authorization Response to an endpoint exposed by the RP.</t>
</li>
</ol>
<t>The request in Step 5 is not a form post request where the Self-Issued OP would respond to a user agent with a form, which automatically triggers a POST request to the RP. The Self-Issued OP sends this request directly to the RP's endpoint.</t>
<t>For brevity, mainly the QR code method is discussed as a mechanism to initiate a cross-device protocol flow throughout this specification. However, other mechanisms to initiate a cross-device flow are possible.</t>
</section>

<section anchor="siop-invocation"><name>Self-Issued OpenID Provider Invocation</name>
<t>When the End-user first interacts with the RP, there are currently no established, robust means for the RP to reliably determine a URI of the Self-Issued OP an End-user may have a relationship with or have installed. The RP is, therefore, responsible for selecting where to direct the request URL.</t>
<t>When the RP sends the request to the Self-Issued OP, there are two scenarios of how to reach and invoke an application that can process that request.</t>
<t>In the first scenario, the request is encoded in a QR code or a deep link, and the End-user scans it with the camera via the application that is intended to handle the request from the RP. In this scenario, the request does not need to be intended for a specific <tt>authorization_endpoint</tt> of a Self-Issued OP. Note that a QR code option will not work in a same-device Self-Issued OP protocol flow, when the RP and the Self-Issued OP are on the same device.</t>
<t>In the second scenario, the request includes the <tt>authorization_endpoint</tt> of a Self-Issued OP and will open a target application. In this scenario, there are two ways of how RP can obtain <tt>authorization_endpoint</tt> of the Self-Issued OP to construct a targeted request as defined in <xref target="siop-discovery"></xref>, either using the static set of Self-Issued OP metadata, or by pre-obtaining <tt>authorization_endpoint</tt>. Note that this protocol flow would work both for the same-device Self-Issued OP protocol flow and the cross-device Self-Issued OP protocol flow.</t>
<t>The following is a non-normative example of a request with no specific <tt>authorization_endpoint</tt>, which must be scanned by the Self-Issued OP application manually opened by the End-user instead of an arbitrary camera application on a user-device. It is a request when the RP is pre-registered with the Self-Issued OP (line wraps within values are for display purposes only):</t>

<artwork>    response_type=id_token
    &amp;client_id=https%3A%2F%2Fclient.example.org%2Fcb
    &amp;request_uri=https%3A%2F%2Fclient.example.org%2Frequest
    &amp;scope=openid
    &amp;nonce=n-0S6_WzA2Mj
</artwork>
</section>

<section anchor="siop-discovery"><name>Self-Issued OpenID Provider Discovery</name>
<t>RP can obtain <tt>authorization_endpoint</tt> of the Self-Issued OP to construct a request targeted to a particular application either by using the pre-agreed static configuration values, or by performing Dynamic Discovery as defined in <xref target="dynamic-siop-metadata"></xref>.</t>

<section anchor="dynamic-siop-metadata"><name>Dynamic Discovery of Self-Issued OpenID Provider Metadata</name>
<t>As an alternative mechanism to the <xref target="static-config"></xref>, the RP can pre-obtain Self-Issued OP Discovery Metadata prior to the transaction, either using <xref target="OpenID.Discovery"></xref>, or out-of-band mechanisms.</t>
<t>How the RP obtains Self-Issued OP's issuer identifier is out of scope of this specification. The RPs MAY skip Section 2 of <xref target="OpenID.Discovery"></xref>.</t>
<t>When <xref target="OpenID.Discovery"></xref> is used, the RP MUST obtain Self-Issued OP metadata from a JSON document that Self-Issued OP made available at the path formed by concatenating the string <tt>/.well-known/openid-configuration</tt> to the Self-Issued OP's Issuer Identifier.</t>
<t>Note that contrary to <xref target="OpenID.Discovery"></xref>, <tt>jwks_uri</tt> parameter MUST NOT be present in Self-Issued OP Metadata. If it is, the RP MUST ignore it and use the <tt>sub</tt> Claim in the ID Token to obtain signing keys to validate the signatures from the Self-Issued OpenID Provider.</t>
<t>These OpenID Provider Metadata values are used by the Self-Issued OP:</t>

<ul>
<li><t><tt>authorization_endpoint</tt></t>

<ul>
<li><t>REQUIRED. URL of the Self-Issued OP used by the RP to perform Authentication of the End-User. Can be custom URI scheme, or Universal Links/App links. See <xref target="choice-of-authoriation-endpoint"></xref>.</t>
</li>
</ul></li>
<li><t><tt>issuer</tt></t>

<ul>
<li><t>REQUIRED. URL using the <tt>https</tt> scheme with no query or fragment component that the Self-Issued OP asserts as its Issuer Identifier. MUST be identical to the <tt>iss</tt> Claim value in ID Tokens issued from this Self-Issued OP.</t>
</li>
</ul></li>
<li><t><tt>response_types_supported</tt></t>

<ul>
<li><t>REQUIRED. A JSON array of strings representing supported response types. MUST be <tt>id_token</tt>.</t>
</li>
</ul></li>
<li><t><tt>scopes_supported</tt></t>

<ul>
<li><t>REQUIRED. A JSON array of strings representing supported scopes. MUST support the <tt>openid</tt> scope value.</t>
</li>
</ul></li>
<li><t><tt>subject_types_supported</tt></t>

<ul>
<li><t>REQUIRED. A JSON array of strings representing supported subject types. Valid values include <tt>pairwise</tt> and <tt>public</tt>.</t>
</li>
</ul></li>
<li><t><tt>id_token_signing_alg_values_supported</tt></t>

<ul>
<li><t>REQUIRED. A JSON array containing a list of the JWS signing algorithms (alg values) supported by the OP for the ID Token to encode the Claims in a JWT <xref target="RFC7519"></xref>. Valid values include <tt>RS256</tt>, <tt>ES256</tt>, <tt>ES256K</tt>, and <tt>EdDSA</tt>.</t>
</li>
</ul></li>
<li><t><tt>request_object_signing_alg_values_supported</tt></t>

<ul>
<li><t>REQUIRED. A JSON array containing a list of the JWS signing algorithms (alg values) supported by the OP for Request Objects, which are described in Section 6.1 of <xref target="OpenID.Core"></xref>. Valid values include <tt>none</tt>, <tt>RS256</tt>, <tt>ES256</tt>, <tt>ES256K</tt>, and <tt>EdDSA</tt>.</t>
</li>
</ul></li>
<li><t><tt>subject_syntax_types_supported</tt></t>

<ul>
<li><t>REQUIRED. A JSON array of strings representing URI scheme identifiers and optionally method names of supported Subject Syntax Types defined in {#sub-syntax-type}. When Subject Syntax Type is JWK Thumbprint, valid value is <tt>urn:ietf:params:oauth:jwk-thumbprint</tt> defined in <xref target="RFC9278"></xref>. When Subject Syntax Type is Decentralized Identifier, valid values MUST be a <tt>did:</tt> prefix followed by a supported DID method without a <tt>:</tt> suffix. For example, support for the DID method with a method-name &quot;example&quot; would be represented by <tt>did:example</tt>. Support for all DID methods listed in Section 13 of <xref target="DID_Specification_Registries"></xref> is indicated by sending did without any method-name.</t>
</li>
</ul></li>
<li><t><tt>id_token_types_supported</tt>:</t>

<ul>
<li><t>OPTIONAL. A JSON array of strings containing the list of ID Token types supported by the OP, the default value is <tt>attester_signed_id_token</tt>. The ID Token types defined in this specification are:</t>

<ul>
<li><t><tt>subject_signed_id_token</tt>: Self-Issued ID Token, i.e. the id token is signed with key material under the end-user's control.</t>
</li>
<li><t><tt>attester_signed_id_token</tt>: the id token is issued by the party operating the OP, i.e. this is the classical id token as defined in <xref target="OpenID.Core"></xref>.</t>
</li>
</ul></li>
</ul></li>
</ul>
<t>Other Discovery parameters defined in Section 3 of <xref target="OpenID.Discovery"></xref> MAY be used.</t>
<t>The RP MUST use the <tt>authorization_endpoint</tt> defined in Self-Issued OP Discovery Metadata to construct the request.</t>
<t>The following is a non-normative example of a Self-Issued OP metadata obtained dynamically:</t>

<sourcecode type="json">{
  &quot;authorization_endpoint&quot;: &quot;https://wallet.example.org&quot;, 
  &quot;issuer&quot;: &quot;https://example.org&quot;,
  &quot;response_types_supported&quot;: [
    &quot;id_token&quot;
  ],
  &quot;scopes_supported&quot;: [
    &quot;openid&quot;
  ],
  &quot;subject_types_supported&quot;: [
    &quot;pairwise&quot;
  ],
  &quot;id_token_signing_alg_values_supported&quot;: [
    &quot;ES256K&quot;,
    &quot;EdDSA&quot;
  ],
  &quot;request_object_signing_alg_values_supported&quot;: [
    &quot;ES256K&quot;,
    &quot;EdDSA&quot;  
  ],
  &quot;subject_syntax_types_supported&quot;: [
    &quot;urn:ietf:params:oauth:jwk-thumbprint&quot;,
    &quot;did:key&quot;
  ],
  &quot;id_token_types_supported&quot;: [
    &quot;subject_signed_id_token&quot;
  ]
}
</sourcecode>
</section>

<section anchor="choice-of-authoriation-endpoint"><name>Choice of <tt>authorization_endpoint</tt></name>
<t>As the <tt>authorization_endpoint</tt> of a Self-Issued OP, the use of Universal Links or App Links is RECOMMENDED over the use of custom URI schemes. See <xref target="invocation-using-custom-scheme"></xref> for details.</t>
</section>
</section>

<section anchor="rp-resolution"><name>Relying Party Registration</name>
<t>The Self-Issued OP utilizing this specification has multiple options to obtain RP's metadata:</t>

<ul>
<li><t>Obtain it prior to a transaction, e.g using <xref target="OpenID.Registration"></xref> or out-of-band mechanisms. See <xref target="pre-registered-rp"></xref> for the details.</t>
</li>
<li><t>RP provides metadata to the Self-Issued OP just-in-time in the Self-Issued OP Request using one of the following mechanisms defined in this specification:</t>

<ul>
<li><t><tt>client_id</tt> equals <tt>redirect_uri</tt></t>
</li>
<li><t>OpenID Federation 1.0 Automatic Registration</t>
</li>
<li><t>Decentralized Identifiers</t>
</li>
</ul></li>
</ul>
<t>Just-in-time metadata exchange allows SIOPv2 to be used in deployments models where the Self-Issued OP does not or cannot support pre-registration of Client metadata.</t>

<section anchor="pre-registered-rp"><name>Pre-Registered Relying Party</name>
<t>See Section X.X of <xref target="OpenID4VP"></xref>.</t>
<t>The following is a non-normative example of a same-device request when the RP is pre-registered with the Self-Issued OP. HTTP 302 redirect request by the RP triggers the User Agent to make an Authorization Request to the Self-Issued OP (with line wraps within values for display purposes only):</t>

<artwork>  HTTP/1.1 302 Found
  Location:  https://client.example.org/universal-link?
    response_type=id_token
    &amp;client_id=s6BhdRkqt3
    &amp;redirect_uri=https%3A%2F%2Fclient.example.org%2Fcb
    &amp;scope=openid%20profile
    &amp;nonce=n-0S6_WzA2Mj
</artwork>
</section>

<section anchor="non-pre-registered-rp"><name>Non-Pre-Registered Relying Party</name>
<t>When the RP has not pre-registered, it may pass its metadata to the Self-Issued OP in the Authorization Request. This mechanism is different from registration (Dynamic Client Registration or an out-of-band pre-registration) since Self-Issued OP does not return <tt>client_id</tt> to the RP that the RP can re-use at the Self-Issued OP.</t>
<t>No registration response is returned. A successful Authorization Response implicitly indicates that the client metadata parameters were accepted.</t>

<section anchor="client-id-equals-redirect-uri"><name><tt>client_id</tt> equals <tt>redirect_uri</tt></name>
<t>As defined in Section X.X of <xref target="OpenID4VP"></xref>.</t>
</section>

<section anchor="openid-federation-1-0-automatic-registration"><name>OpenID Federation 1.0 Automatic Registration</name>
<t>As defined in Section X.X of <xref target="OpenID4VP"></xref>.</t>
<t>The following is a non-normative example of a <tt>client_id</tt> resolvable using OpenID Federation 1.0 Automatic Registration:</t>

<sourcecode type="json">&quot;client_id&quot;: &quot;https://client.example.org&quot;
</sourcecode>
<t>The following is a non-normative example of a signed cross-device request when the RP is not pre-registered with the Self-Issued OP and uses OpenID Federation 1.0 Automatic Registration. (with line wraps within values for display purposes only):</t>

<artwork>HTTP/1.1 302 Found
  Location: https://client.example.org/universal-link?
    response_type=id_token
    &amp;client_id=https%3A%2F%2Fclient.example.org%2F
    &amp;redirect_uri=https%3A%2F%2Fclient.example.org%2Fcb
    &amp;scope=openid%20profile
    &amp;nonce=n-0S6_WzA2Mj
</artwork>
</section>

<section anchor="decentralized-identifiers"><name>Decentralized Identifiers</name>
<t>As defined in Section X.X of <xref target="OpenID4VP"></xref>.</t>
<t>The following is a non-normative example of a <tt>client_id</tt> resolvable using Decentralized Identifier Resolution:</t>

<sourcecode type="json">&quot;client_id&quot;: &quot;did:example:EiDrihTRe0GMdc3K16kgJB3Xbl9Hb8oqVHjzm6ufHcYDGA&quot;
</sourcecode>
<t>The following is a non-normative example of a signed cross-device request when the RP is not pre-registered with the Self-Issued OP and uses Decentralized Identifier Resolution. (with line wraps within values for display purposes only):</t>

<artwork>  siopv2://idtoken?
    scope=openid%20profile
    &amp;response_type=id_token
    &amp;client_id=did%3Aexample%3AEiDrihTRe0GMdc3K16kgJB3Xbl9Hb8oqVHjzm6ufHcYDGA
    &amp;redirect_uri=https%3A%2F%2Fclient.example.org%2Fcb
    &amp;claims=...
    &amp;registration=%7B%22subject_syntax_types_supported%22%3A
    %5B%22did%3Aexample%22%5D%2C%0A%20%20%20%20
    %22id_token_signing_alg_values_supported%22%3A%5B%22ES256%22%5D%7D
    &amp;nonce=n-0S6_WzA2Mj
</artwork>
</section>
</section>

<section anchor="rp-registration-parameter"><name>Relying Party Client Metadata parameter</name>
<t>As defined in Section X.X of <xref target="OpenID4VP"></xref>.</t>
<t>The following is a non-normative example of an unsigned same-device request when the RP is not pre-registered with the Self-Issued OP. HTTP 302 redirect request by the RP triggers the User Agent to make an Authorization Request to the Self-Issued OP (with line wraps within values for display purposes only):</t>

<artwork>  HTTP/1.1 302 Found
  Location: https://client.example.org/universal-link?
    response_type=id_token
    &amp;client_id=https%3A%2F%2Fclient.example.org%2Fcb
    &amp;redirect_uri=https%3A%2F%2Fclient.example.org%2Fcb
    &amp;scope=openid%20profile
    &amp;nonce=n-0S6_WzA2Mj
    &amp;registration=%7B%22subject_syntax_types_supported%22%3A
    %5B%22urn%3Aietf%3Aparams%3Aoauth%3Ajwk-thumbprint%22%5D%2C%0A%20%20%20%20
    %22id_token_signing_alg_values_supported%22%3A%5B%22RS256%22%5D%7D
</artwork>
</section>

<section anchor="relying-party-metadata-error-response"><name>Relying Party Metadata Error Response</name>
<t>When Self-Issued OP receives a pre-registered <tt>client_id</tt> of a <xref target="pre-registered-rp"></xref>, but <tt>client_metadata</tt> or <tt>client_metadata_uri</tt> parameters of a <xref target="non-pre-registered-rp"></xref> are also present, Self-Issued OP MUST return an error. When Self-Issued OP receives a <tt>client_id</tt> of a <xref target="non-pre-registered-rp"></xref> that it has cached following one of the methods defined in <xref target="non-pre-registered-rp"></xref>, it does not not return an error.</t>
<t>Self-Issued OPs compliant with this specification MUST NOT proceed with the transaction when pre-registered client metadata has been found based on the <tt>client_id</tt>, but <tt>client_metadata</tt> parameter has also been present.</t>
<t>Usage of <tt>client_metadata</tt> or <tt>client_metadata_uri</tt> parameters with <tt>client_id</tt> that Self-Issued OP might be seeing for the first time is mutualy exclusive with the registration mechanism where Self-Issued OP assigns <tt>client_id</tt> to the RP after receiving RP's metadata.</t>
</section>

<section anchor="rp-metadata"><name>Relying Party Metadata Values</name>
<t>This extension defines the following RP parameter value, used by the RP to provide information about itself to the Self-Issued OP:</t>

<ul>
<li><t><tt>subject_syntax_types_supported</tt></t>

<ul>
<li><t>REQUIRED. A JSON array of strings representing URI scheme identifiers and optionally method names of supported Subject Syntax Types defined in {#sub-syntax-type}. When Subject Syntax Type is JWK Thumbprint, valid value is <tt>urn:ietf:params:oauth:jwk-thumbprint</tt> defined in <xref target="RFC9278"></xref>. When Subject Syntax Type is Decentralized Identifier, valid values MUST be a <tt>did:</tt> prefix followed by a supported DID method without a <tt>:</tt> suffix. For example, support for the DID method with a method-name &quot;example&quot; would be represented by <tt>did:example</tt>. Support for all DID methods is indicated by sending <tt>did</tt> without any method-name.</t>
</li>
</ul></li>
</ul>
<t>Other client metadata parameters defined in <xref target="OpenID.Registration"></xref> MAY be used. Examples are explanatory parameters such as <tt>policy_uri</tt>, <tt>tos_uri</tt>, and <tt>logo_uri</tt>. If the RP uses more than one Redirection URI, the <tt>redirect_uris</tt> parameter would be used to register them. Finally, if the RP is requesting encrypted responses, it would typically use the <tt>jwks_uri</tt>, <tt>id_token_encrypted_response_alg</tt> and <tt>id_token_encrypted_response_enc</tt> parameters.</t>
<t>The following is a non-normative example of the supported RP parameter Values:</t>

<sourcecode type="json">{
  &quot;subject_syntax_types_supported&quot;: [
    &quot;urn:ietf:params:oauth:jwk-thumbprint&quot;,
    &quot;did:example&quot;,
    &quot;did:key&quot;
  ]
}
</sourcecode>
</section>
</section>

<section anchor="sub-syntax-type"><name>Subject Syntax Types</name>
<t>Subject Syntax Type refers to a type of an identifier used in a <tt>sub</tt> Claim in the ID Token issued by a Self-Issued OP. <tt>sub</tt> in Self-Issued OP protocol flow serves as an identifier of the Self-Issued OP's Holder and is used to obtain cryptographic material to verify the signature on the ID Token.</t>
<t>This specification defines the following two Subject Syntax Types. Additional Subject Syntax Types may be defined in future versions of this specification, or profiles of this specification.</t>

<ul>
<li><t>JWK Thumbprint subject syntax type. When this type is used, the <tt>sub</tt> Claim value MUST be the base64url encoded representation of the JWK thumbprint of the key in the <tt>sub_jwk</tt> Claim <xref target="RFC7638"></xref>, and <tt>sub_jwk</tt> MUST be included in the Self-Issued Response.</t>
</li>
<li><t>Decentralized Identifier subject syntax type. When this type is used,  the <tt>sub</tt> value MUST be a DID as defined in <xref target="DID-Core"></xref>, and <tt>sub_jwk</tt> MUST NOT be included in the Self-Issued Response. The subject syntax type MUST be cryptographically verified against the resolved DID Document as defined in {#siop-id_token-validation}.</t>
</li>
</ul>
<t>The RP indicates Subject Syntax Types it supports in Client metadata parameter <tt>subject_syntax_types_supported</tt> defined in {#rp-metadata}.</t>
</section>

<section anchor="siop_authentication_request"><name>Self-Issued OpenID Provider Authorization Request</name>
<t>Self-Issued OP Authorization Request is sent to the Authorization Endpoint, which performs Authentication of the End-User.</t>
<t>The Authorization Endpoint of the Self-Issued OP is used in the same manner as defined in Section 3 of <xref target="OpenID.Core"></xref>, with the exception of the differences specified in this section.</t>
<t>Communication with the Authorization Endpoint MUST utilize TLS.</t>
<t>This specification defines the following new authorization request parameters in addition to <xref target="OpenID.Core"></xref>:</t>

<ul>
<li><t><tt>client_metadata</tt>: OPTIONAL. This parameter is used by the RP to provide information about itself to a Self-Issued OP that would normally be provided to an OP during Dynamic RP Registration, as specified in {#rp-registration-parameter}. It MUST not be present if the RP uses OpenID Federation 1.0 Automatic Registration to pass its metadata.</t>
</li>
<li><t><tt>client_metadata_uri</tt>: OPTIONAL. This parameter is used by the RP to provide information about itself to a Self-Issued OP that would normally be provided to an OP during Dynamic RP Registration, as specified in {#rp-registration-parameter}. It MUST not be present if the RP uses OpenID Federation 1.0 Automatic Registration to pass its metadata.</t>
</li>
<li><t><tt>id_token_type</tt>: OPTIONAL. Space-separated string that specifies the types of ID Token the RP wants to obtain, with the values appearing in order of preference. The allowed individual values are <tt>subject_signed_id_token</tt> and <tt>attester_signed_id_token</tt> (see <xref target="dynamic-siop-metadata"></xref>). The default value is <tt>attester_signed_id_token</tt>. The RP determines the type if ID Token returned based on the comparison of the <tt>iss</tt> and <tt>sub</tt> claims values (see(see <xref target="siop-id-token-validation"></xref>). In order to preserve compatibility with existing OpenID Connect deployments, the OP MAY return an ID Token that does not fulfill the requirements as expressed in this parameter. So the RP SHOULD be prepared to reliably handle such an outcome.</t>
</li>
</ul>
<t>This specification allows RPs to sent authorization request parameters by using &quot;request by value&quot; and &quot;request by reference&quot; as defined in <xref target="RFC9101"></xref> through the request parameters <tt>request</tt> or <tt>request_uri</tt>.</t>
<t>Note: When using the parameters <tt>request</tt> or <tt>request_uri</tt> the only further required parameter of the authorization request is the <tt>client_id</tt>.</t>
<t>When <tt>request</tt> or <tt>request_uri</tt> parameters are NOT present, and RP is NOT using OpenID Federation 1.0 Automatic Registration to pass entire RP metadata, <tt>client_metadata</tt> or <tt>client_metadata_uri</tt> parameters MUST be present in the request. <tt>client_metadata</tt> and <tt>client_metadata_uri</tt> are mutual exclusiv.</t>
<t>RPs MUST send a <tt>nonce</tt> parameter  with every Self-Issued OP Authorization Request as a basis for replay detection complying with the security considerations given in <xref target="OpenID.Core"></xref>, Section 15.5.2.</t>
<t>The ID Token to be used as an <tt>id_token_hint</tt> may have been encrypted to the RP in a previous transaction. Encrypted ID Tokens are Nested JWTs as defined in [JWT]. The RP MUST decrypt the ID Token value to retrieve the payload, which is a Self-Issued ID Token. The signed Self-Issued ID Token MAY be used as a hint.</t>
<t>Alternatively, the RP MAY re-encrypt the resulting Self-Issued ID Token to the subject for confidentiality. Re-encryption requires a mutually supported set of algorithms between the RP and SIOP, and at least one subject public key usable for encryption. Supported algorithms MAY be advertised with the <tt>request_object_encryption_alg_values_supported</tt> and <tt>request_object_encryption_enc_values_supported</tt> OP Discovery parameters.</t>
<t>When re-encrypting the ID Token value, the <tt>sub</tt> value from the signed ID Token MUST be included as a <tt>sub</tt> parameter within the JWE protected header. If the <tt>sub</tt> has multiple public keys associated, the JWE protected header MUST distinguish the appropriate key with the JWE <tt>kid</tt> protected header. The JWE protected header MUST specify <tt>alg</tt> and <tt>enc</tt> header parameters unless the use of specific <tt>alg</tt> and  <tt>enc</tt> values have been pre-negotiated.</t>
<t>Other parameters MAY be sent. Note that all Claims are returned in the ID Token.</t>
<t>The entire URL is NOT RECOMMENDED to exceed 2048 ASCII characters.</t>
<t>Note that multiple size limitations exist: the majority of browsers and mobile OS in general have approximately 1MB of URL length restrictions, while QR codes, intermediary CDN or firewalls might have a lower URL length restriction.</t>
<t>The following is a non-normative example HTTP 302 redirect request by the RP which triggers the User Agent to make an Authorization Request to the Self-Issued OP in a same-device protocol flow (with line wraps within values for display purposes only):</t>

<artwork>  HTTP/1.1 302 Found
  Location: siopv2://?
    scope=openid
    &amp;response_type=id_token
    &amp;client_id=https%3A%2F%2Fclient.example.org%2Fcb
    &amp;redirect_uri=https%3A%2F%2Fclient.example.org%2Fcb
    &amp;id_token_type=subject_signed_id_token
    &amp;claims=...
    &amp;registration=%7B%22subject_syntax_types_supported%22%3A
    %5B%22urn%3Aietf%3Aparams%3Aoauth%3Ajwk-thumbprint%22%5D%2C%0A%20%20%20%20
    %22id_token_signing_alg_values_supported%22%3A%5B%22ES256%22%5D%7D
    &amp;nonce=n-0S6_WzA2Mj
</artwork>
<t>The following is a non-normative example of an authorization request utilizing a <tt>request_uri</tt> (with line wraps within values for display purposes only):</t>

<artwork>  HTTP/1.1 302 Found
  Location: siopv2://?
    client_id=https%3A%2F%2Fclient.example.org%2Fcb
    &amp;request_uri=https%3A%2F%2Fclient.example.org%2Frequests%2FGkurKxf5T0Y-mnPFCHqWOMiZi4VS138cQO_V7PZHAdM
</artwork>

<section anchor="aud-of-a-request-object"><name><tt>aud</tt> of a Request Object</name>
<t>When an RP is sending a Request Object in a Self-Issued Request as defined in <xref target="RFC9101"></xref>, the <tt>aud</tt> Claim value depends on whether the recipient of the request can be identified by the RP or not:</t>

<ul>
<li><t>the <tt>aud</tt> claim MUST equal to the <tt>issuer</tt> Claim value, when Dynamic Self-Issued OP Discovery is performed.</t>
</li>
<li><t>the <tt>aud</tt> claim MUST be &quot;<eref target="https://self-issued.me/v2&quot;">https://self-issued.me/v2"</eref>, when Static Self-Issued OP Discovery Metadata is used.</t>
</li>
</ul>
</section>

<section anchor="cross-device-self-issued-openid-provider-request"><name>Cross-Device Self-Issued OpenID Provider Request</name>
<t>The cross-device Authorization Request differs from the same-device variant (with response type <tt>id_token</tt>) as defined in <xref target="siop_authentication_request"></xref> as follows:</t>

<ul>
<li><t>This specification introduces a new response mode <tt>post</tt> in accordance with <xref target="OAuth.Responses"></xref>. This response mode is used to request the Self-Issued OP to deliver the result of the authentication process to a certain endpoint using the HTTP <tt>POST</tt> method. The additional parameter <tt>response_mode</tt> is used to carry this value.</t>
</li>
<li><t>This endpoint to which the Self-Issued OP shall deliver the authentication result is conveyed in the standard parameter <tt>redirect_uri</tt>.</t>
</li>
</ul>
<t>Self-Issued OP is on a different device than the one on which the End-User’s user interactions are occurring.</t>
<t>The following is a non-normative example of a Self-Issued Request URL in a cross-device protocol flow <xref target="cross-device-siop"></xref>:</t>

<artwork>  siopv2://?
    scope=openid%20profile
    &amp;response_type=id_token
    &amp;client_id=https%3A%2F%2Fclient.example.org%2Fpost_cb
    &amp;redirect_uri=https%3A%2F%2Fclient.example.org%2Fpost_cb
    &amp;response_mode=post
    &amp;claims=...
    &amp;registration=%7B%22subject_syntax_types_supported%22%3A
    %5B%22urn%3Aietf%3Aparams%3Aoauth%3Ajwk-thumbprint%22%5D%2C%0A%20%20%20%20
    %22id_token_signing_alg_values_supported%22%3A%5B%22ES256%22%5D%7D
    &amp;nonce=n-0S6_WzA2Mj
</artwork>
<t>Note that the Authorization Request might only include request parameters and not be targeted to a particular <tt>authorization_endpoint</tt>, in which case, the End-User must use a particular Self-Issued OP application to scan the QR code with such request.</t>
<t>Such an Authorization Request might result in a large QR code, especially when including a <tt>claims</tt> parameter and extensive registration data. A RP MAY consider using a <tt>request_uri</tt> in such a case.</t>
</section>
</section>

<section anchor="siop-authentication-response"><name>Self-Issued OpenID Provider Authorization Response</name>
<t>A Self-Issued OpenID Provider Response is an OpenID Connect Authorization Response, whose parameters depend on the <tt>response_type</tt> used in the request. Depending on the <tt>response_type</tt> the result of the transaction is either obtained directly from the Authorization Response or from a token endpoint response.</t>
<t>A Self-Issued OpenID Provider Response is returned when Self-Issued OP supports all Relying Party parameter values received from the Relying Party in the <tt>client_metadata</tt> parameter. If one or more of the Relying Party parameter Values is not supported, Self-Issued OP MUST return an error according to <xref target="siop-error-respose"></xref>.</t>
<t>In a same-device protocol flow with <tt>response_type</tt> <tt>id_token</tt>, the response parameters will be returned in the URL fragment component, unless a different Response Mode was specified.</t>
<t>In a same-device protocol flow with <tt>response_type</tt> <tt>code</tt>, the response parameters will be returned in HTTPS POST response body of the token response.</t>
<t>In a cross-device protocol flow, upon completion of the Authorization Request, the Self-Issued OP directly sends a HTTP POST request with the Authorization Response to an endpoint exposed by the RP.</t>
<t>The following is an informative example of a Self-Issued Response in a same-device protocol flow (<tt>response_type=id_token</tt>):</t>

<artwork>HTTP/1.1 302 Found
  Location: https://client.example.org/cb#
    id_token=...
</artwork>

<section anchor="self-issued-openid-provider-response-authorization-code-flow"><name>Self-Issued OpenID Provider Response (Authorization Code Flow)</name>
<t>The following is an informative example of a Self-Issued Response for the authorization code flow (<tt>response_type=code</tt>):</t>

<artwork>HTTP/1.1 200 OK
  Content-Type: application/json
  Cache-Control: no-store
  Pragma: no-cache

  {
   &quot;access_token&quot;: &quot;SlAV32hkKG&quot;,
   &quot;token_type&quot;: &quot;Bearer&quot;,
   &quot;expires_in&quot;: 3600,
   &quot;id_token&quot;: &quot;...&quot;
  }
</artwork>
<t>Note: the SIOP MAY also provide end-user claims to the RP via the Userinfo endpoint.</t>
</section>

<section anchor="cross-device-self-issued-openid-provider-response"><name>Cross-Device Self-Issued OpenID Provider Response</name>
<t>The Self-Issued OP sends the Authorization Response to the endpoint passed in the <tt>redirect_uri</tt> Authorization Request parameter using a HTTP POST request using &quot;application/x-www-form-urlencoded&quot; encoding. The Authorization Response contains the parameters as defined in <xref target="siop-authentication-response"></xref>.</t>
<t>The Self-Issued OP MUST NOT follow redirects on this request.</t>
<t>The following is an informative example of a Self-Issued Response in a cross-device protocol flow: <xref target="cross-device-siop"></xref>:</t>

<artwork>POST /post_cb HTTP/1.1
  Host: client.example.org
  Content-Type: application/x-www-form-urlencoded
  
  id_token=...
</artwork>
</section>

<section anchor="siop-error-respose"><name>Self-Issued OpenID Provider Error Response</name>
<t>The error response must be made in the same manner as defined in Section 3.1.2.6 of <xref target="OpenID.Core"></xref>.</t>
<t>In addition to the error codes defined in Section 4.1.2.1 of OAuth 2.0 and Section 3.1.2.6 of <xref target="OpenID.Core"></xref>, this specification also defines the following error codes:</t>

<ul>
<li><t><strong><tt>user_cancelled</tt></strong>: End-User cancelled the Authorization Request from the RP.</t>
</li>
<li><t><strong><tt>registration_value_not_supported</tt></strong>: the Self-Issued OP does not support some Relying Party parameter values received in the request.</t>
</li>
<li><t><strong><tt>subject_syntax_types_not_supported</tt></strong>: the Self-Issued OP does not support any of the Subject Syntax Types supported by the RP, which were communicated in the request in the <tt>subject_syntax_types_supported</tt> parameter.</t>
</li>
<li><t><strong><tt>invalid_registration_uri</tt></strong>: the <tt>client_metadata_uri</tt> in the Self-Issued OpenID Provider request returns an error or contains invalid data.</t>
</li>
<li><t><strong><tt>invalid_registration_object</tt></strong>: the <tt>client_metadata</tt> parameter contains an invalid RP parameter Object.</t>
</li>
</ul>
<t>Other error codes MAY be used.</t>
<t>Note that HTTP error codes do not work in the cross-device Self-Issued OP protocol flows.</t>
<t>The following is a non-normative example of an error response in the same-device Self-Issued OP protocol flow:</t>

<artwork>HTTP/1.1 302 Found
  Location: https://client.example.org/cb?
    error=invalid_request
    &amp;error_description=Unsupported%20response_type%20value
</artwork>
</section>
</section>

<section anchor="self-issued-id-token"><name>Self-Issued ID Token</name>
<t>The response contains an ID Token and, if applicable, further response parameters as defined in extensions. As an example, the response MAY also include a VP token as defined in <xref target="OpenID4VP"></xref>.</t>
<t>This extension defines the following claims to be included in the ID Token for use in Self-Issued OpenID Provider Responses:</t>

<ul>
<li><t><tt>iss</tt></t>

<ul>
<li><t>REQUIRED. in case of a Self-Issued ID Token, this claim MUST be set to the value of the <tt>sub</tt> claim in the same ID Token.</t>
</li>
</ul></li>
<li><t><tt>sub</tt></t>

<ul>
<li><t>REQUIRED. Subject identifier value. When Subject Syntax Type is JWK Thumbprint, the value is the base64url encoded representation of the thumbprint of the key in the <tt>sub_jwk</tt> Claim. When Subject Syntax Type is Decentralized Identifier, the value is a Decentralized Identifier. The thumbprint value of JWK Thumbprint Subject Syntax Type is computed as the SHA-256 hash of the octets of the UTF-8 representation of a JWK constructed containing only the REQUIRED members to represent the key, with the member names sorted into lexicographic order, and with no white space or line breaks. For instance, when the <tt>kty</tt> value is <tt>RSA</tt>, the member names <tt>e</tt>, <tt>kty</tt>, and <tt>n</tt> are the ones present in the constructed JWK used in the thumbprint computation and appear in that order; when the <tt>kty</tt> value is <tt>EC</tt>, the member names <tt>crv</tt>, <tt>kty</tt>, <tt>x</tt>, and <tt>y</tt> are present in that order. Note that this thumbprint calculation is the same as that defined in the JWK Thumbprint <xref target="RFC7638"></xref> specification.</t>
</li>
</ul></li>
<li><t><tt>sub_jwk</tt></t>

<ul>
<li><t>OPTIONAL. A JSON object that is a public key used to check the signature of an ID Token when Subject Syntax Type is JWK Thumbprint. The key is a bare key in JWK <xref target="RFC7517"></xref> format (not an X.509 certificate value). MUST NOT be present when Subject Syntax Type other than JWK Thumbprint is used.</t>
</li>
</ul></li>
</ul>
<t>Note that the use of the <tt>sub_jwk</tt> Claim is NOT RECOMMENDED when the OP is not Self-Issued.</t>
<t>Whether the Self-Issued OP is a mobile application or a Web application, the ID Token is the same as defined in <xref target="OpenID.Core"></xref> with the following refinements:</t>

<ol>
<li><t>The <tt>sub</tt> (subject) Claim value is either the base64url encoded representation of the thumbprint of the key in the <tt>sub_jwk</tt> Claim or a Decentralized Identifier.</t>
</li>
<li><t>When the <tt>sub</tt> Claim value is the base64url encoded representation of the thumbprint, a <tt>sub_jwk</tt> Claim is present, with its value being the public key used to check the signature of the ID Token.</t>
</li>
</ol>
<t>The following is a non-normative example of a base64url decoded Self-Issued ID Token body when the JWK Thumbprint Subject Syntax type is used (with line wraps within values for display purposes only):</t>

<sourcecode type="json">{
  &quot;iss&quot;: &quot;NzbLsXh8uDCcd-6MNwXF4W_7noWXFZAfHkxZsRGC9Xs&quot;,
  &quot;sub&quot;: &quot;NzbLsXh8uDCcd-6MNwXF4W_7noWXFZAfHkxZsRGC9Xs&quot;,
  &quot;aud&quot;: &quot;https://client.example.org/cb&quot;,
  &quot;nonce&quot;: &quot;n-0S6_WzA2Mj&quot;,
  &quot;exp&quot;: 1311281970,
  &quot;iat&quot;: 1311280970,
  &quot;sub_jwk&quot;: {
    &quot;kty&quot;: &quot;RSA&quot;,
    &quot;n&quot;: &quot;0vx7agoebGcQSuuPiLJXZptN9nndrQmbXEps2aiAFbWhM78LhWx4cbbfAAt
    VT86zwu1RK7aPFFxuhDR1L6tSoc_BJECPebWKRXjBZCiFV4n3oknjhMstn64tZ_2W
    -5JsGY4Hc5n9yBXArwl93lqt7_RN5w6Cf0h4QyQ5v-65YGjQR0_FDW2QvzqY368QQ
    MicAtaSqzs8KJZgnYb9c7d0zgdAZHzu6qMQvRL5hajrn1n91CbOpbISD08qNLyrdk
    t-bFTWhAI4vMQFh6WeZu0fM4lFd2NcRwr3XPksINHaQ-G_xBniIqbw0Ls1jF44-cs
    FCur-kEgU8awapJzKnqDKgw&quot;,
    &quot;e&quot;: &quot;AQAB&quot;
  }
}
</sourcecode>

<section anchor="siop-id-token-validation"><name>Self-Issued ID Token Validation</name>
<t>See <xref target="OpenID4VP"></xref> on how to support multiple credential formats such as JWT and Linked Data Proofs.</t>
<t>To validate the ID Token received, the RP MUST do the following:</t>

<ol>
<li><t>The Relying Party (RP) MUST determine whether the ID Token has been issued by the Self-Issued OP. The ID Token is self-issued if the <tt>iss</tt>claims and the <tt>sub</tt>claim have the same value. If both values differ, the ID Token MUST be processed as defined in <xref target="OpenID.Core"></xref>, section 3.2.2.11..</t>
</li>
<li><t>The RP MUST validate that the <tt>aud</tt> (audience) Claim contains the value of the <tt>client_id</tt> that the RP sent in the Authorization Request as an audience. When the request has been signed, the value might be an HTTPS URL, or a Decentralized Identifier.</t>
</li>
<li><t>The RP MUST identify which Subject Syntax Type is used based on the URI of the <tt>sub</tt> Claim. Valid values defined in this specification are <tt>urn:ietf:params:oauth:jwk-thumbprint</tt> for JWK Thumbprint Subject Syntax Type and <tt>did:</tt> for Decentralized Identifier Subject Syntax Type.</t>
</li>
<li><t>The RP MUST validate the signature of the ID Token. When Subject Syntax Type is JWK Thumbprint, validation is done according to JWS <xref target="RFC7515"></xref> using the algorithm specified in the <tt>alg</tt> header parameter of the JOSE Header, using the key in the <tt>sub_jwk</tt> Claim. The key MUST be a bare key in JWK format (not an X.509 certificate value). The RP MUST validate that the algorithm is one of the allowed algorithms (as in <tt>id_token_signing_alg_values_supported</tt>). When Subject Syntax Type is Decentralized Identifier, validation is performed against the key obtained from a DID Document. DID Document MUST be obtained by resolving a Decentralized Identifier included in the <tt>sub</tt> Claim using DID Resolution as defined by a DID Method specification of the DID Method used. Since <tt>verificationMethod</tt> property in the DID Document may contain multiple public key sets, public key identified by a key identifier <tt>kid</tt> in a Header of a signed ID Token MUST be used to validate that ID Token.</t>
</li>
<li><t>The RP MUST validate the <tt>sub</tt> value. When Subject Syntax Type is JWK Thumbprint, the RP MUST validate that the <tt>sub</tt> Claim value equals the base64url encoded representation of the thumbprint of the key in the <tt>sub_jwk</tt> Claim, as specified in <xref target="siop-authentication-response"></xref>. When Subject Syntax Type is Decentralized Identifier, the RP MUST validate that the <tt>sub</tt> Claim value equals the <tt>id</tt> property in the DID Document.</t>
</li>
<li><t>The current time MUST be before the time represented by the <tt>exp</tt> Claim (possibly allowing for some small leeway to account for clock skew).
The <tt>iat</tt> Claim can be used to reject tokens that were issued too far away from the current time, limiting the amount of time that nonces need to be stored to prevent attacks. The acceptable range is RP-specific.</t>
</li>
<li><t>The RP MUST validate that a <tt>nonce</tt> Claim is present and is the same value as the one that was sent in the Authorization Request. The Client MUST check the <tt>nonce</tt> value for replay attacks. The precise method for detecting replay attacks is RP specific.</t>
</li>
</ol>
<t>Any claim in the Self-Issued ID Token is considered to be self-attested. Verifying attestation by a third party requires additional artifacts and processing steps - see <xref target="OpenID4VP"></xref>.</t>
</section>

<section anchor="cross-device-self-issued-id-token-validation"><name>Cross-Device Self-Issued ID Token Validation</name>
<t>The RP MUST perform all the check as defined in <xref target="siop-id-token-validation"></xref>.</t>
<t>Additionally, the RP MUST check whether the <tt>nonce</tt> Claim value provided in the ID Token is known to the RP and was not used before in an Authorization Response.</t>
<t>The following is a non-normative example of a base64url decoded Self-Issued ID Token body when the dynamic Self-Issued OP Discovery and Decentralized Identifier Subject Syntax type are used (with line wraps within values for display purposes only):</t>

<sourcecode type="json">{
  &quot;iss&quot;: &quot;did:example:NzbLsXh8uDCcd6MNwXF4W7noWXFZAfHkxZsRGC9Xs&quot;,
  &quot;sub&quot;: &quot;did:example:NzbLsXh8uDCcd6MNwXF4W7noWXFZAfHkxZsRGC9Xs&quot;,
  &quot;aud&quot;: &quot;https://client.example.org/cb&quot;,
  &quot;nonce&quot;: &quot;n-0S6_WzA2Mj&quot;,
  &quot;exp&quot;: 1311281970,
  &quot;iat&quot;: 1311280970
}
</sourcecode>
</section>
</section>

<section anchor="verifiable-presentation-support"><name>Verifiable Presentation Support</name>
<t>Self-Issued OP and the RP that wish to support request and presentation of Verifiable Presentations MUST be compliant with OpenID for Verifiable Presentations <xref target="OpenID4VP"></xref> and W3C Verifiable Credentials Specification <xref target="VC-DATA"></xref>.</t>
<t>Verifiable Presentation is a tamper-evident presentation encoded in such a way that authorship of the data can be trusted after a process of cryptographic verification. Certain types of verifiable presentations might contain selectively disclosed data that is synthesized from, but does not contain, the original verifiable credentials (for example, zero-knowledge proofs). <xref target="VC-DATA"></xref></t>
<t>To prevent replay attacks, any Verifiable Presentations presented in a Self-Issued OP protocol flow MUST be bound to the <tt>nonce</tt> provided by the RP and the <tt>client_id</tt> of the RP, as described in <xref target="OpenID4VP"></xref>.</t>
</section>

<section anchor="security-considerations"><name>Security Considerations</name>

<section anchor="handling-end-user-data"><name>Handling End-User Data</name>
<t>Using the mechanisms described in this specification and <xref target="OpenID4VP"></xref>, data about the End-User can be transported to the Relying Party in different ways. It is important that implementers take into consideration the specific security properties associated with the mechanisms.</t>

<section anchor="end-user-claims-in-id-tokens"><name>End-User Claims in ID Tokens</name>
<t>Regarding the ID Token as a transport mechanism, the RP can trust that the Self-Issued OP has access to the private key required to sign the ID Token. The value of the <tt>sub</tt> Claim is bound to this key. It is in the Self-Issued OP's interest to not make the signing available to other parties, in particular attackers. The RP can therefore use the <tt>sub</tt> Claim as a primary identifier for the End-User, assuming that the ID Token was checked properly.</t>
<t>Other Claims within the ID Token MUST be considered self-asserted: The Self-Issued OP can use arbitrary data that can usually not be checked by the RP. RPs therefore MUST NOT use other Claims than <tt>sub</tt> to (re-)identify users, for example, for login.</t>
</section>

<section anchor="additional-data-in-verifiable-presentations"><name>Additional Data in Verifiable Presentations</name>
<t>The validity of data presented in W3C Veriable Presentations is attested by the issuer of the underlying W3C Verifiable Credential. The RP MUST ensure that it trusts the specific issuer, and verify that the Verifiable Presentation is correctly bound to the Self-Issued OP transaction (<tt>nonce</tt> and <tt>client_id</tt> binding as described above) before using the data. The cryptographic keys within the Verifiable Presentation and for signing the ID Token are not necessarily related and the RP SHOULD NOT make assumptions in this regard.</t>
<t>RPs MUST consider that Verifiable Presentations can be revoked and that user data within the W3C Verifiable Credential may change over time. Such changes can only be noticed by the RP if the W3C Verifiable Presentation is checked at each login.</t>
</section>
</section>

<section anchor="rp-and-self-issued-op-metadata-integrity"><name>RP and Self-Issued OP Metadata Integrity</name>
<t>The integrity and authenticity of Self-Issued OP and RP metadata is paramount for the security of the protocol flow. For example, a modified <tt>authorization_endpoint</tt> could be used by an attacker to launch phishing or mix-up-style attacks (see <xref target="I-D.oauth-security-topics"></xref>). A modified <tt>redirect_uri</tt> could be used by an attacker to gather information that can then be used in replay attacks. The provisions defined in this specification ensure the authenticity and integrity of the metadata if all checks (signature validation, etc.) are performed as described.</t>
</section>

<section anchor="usage-of-cross-device-self-issued-op-for-authentication"><name>Usage of Cross-Device Self-Issued OP for Authentication</name>
<t>A known attack in cross-device Self-Issued OP is an Authorization Request replay attack, where a victim is tricked to send a response to an Authorization Request that an RP has generated for an attacker. In other words, the attacker would trick a victim to respond to a request that the attacker has generated for him/herself at a good RP, for example, by showing the QR code encoding the Authorization Request that would normally be presented on the RP's website on the attacker's website. In this case, the victim might not be able to detect that the request was generated by the RP for the attacker. (Note that the same attack applies when methods other than a QR code are used to encode the Authorization Request. For brevity, only the QR code method will be discussed in the following, but the same considerations apply to other transport methods as well.)</t>
<t>This attack is based on the fact that the Authorization Request is not tied to a specific channel, i.e., it can be used both in its original context (on the RP's website) as well as in a replay scenario (on the attacker's website, in an email, etc.). Such a binding cannot be established across devices with currently deployed technology. Therefore, in the cross-device protocol flow, the contents transported in the authentication (including any Verfiable Presentations) are not wrong, but do not necessarily come from the End-User the RP website thinks it is interacting with.</t>
<t>Implementers MUST take this fact into consideration when using cross-device Self-Issued OP. There are a number of measures that can be taken to reduce the risk of such an attack, but none of these can completely prevent the attack. For example:</t>

<ul>
<li><t>The Self-Issued OP can show the origin of the request (e.g., the domain where the response will be sent) and/or ask the End-User to confirm this origin. In an attack, this origin would be different from the attacker's origin where the QR code is displayed to the End-User. It cannot be expected that all End-Users will identify an attack in this way, but at least for some users it might help to detect the attack. Note that depending on the device on which the attacker is showing the QR code, there might be no indication of the origin, e.g., on a terminal devices that does not show a browser with a URL bar.</t>
</li>
<li><t>The Authorization Request can be made short-lived. An attacker would have to request a new Authorization Request (e.g., QR code) frequently and update it on its website as well. This requires more effort from the attacker.</t>
</li>
<li><t>Self-Issued OP can warn the End-User when logging in at a new RP for the first time.</t>
</li>
</ul>
<t>Implementors should be cautious when using cross-device Self-Issued OP model for authentication and should implement mitigations according to the desired security level.</t>
<t>This attack does not apply for the same-device Self-Issued OP protocol flows as the RP checks that the Authorization Response comes from the same browser where the Authorization Request was sent to. Same-device Self-Issued OP protocol flows therefore can be used for authentication, given all other security measures are put in place.</t>
</section>

<section anchor="invocation-using-custom-scheme"><name>Invocation using Private-Use URI Schemes (Custom URL Schemes)</name>
<t>Usage of private-use URI schemes with a certain path such as <tt>siopv2://</tt>, also referred to as custom URL schemes, as a way to invoke a Self-Issued OP may lead to phishing attacks and undefined behavior, as described in <xref target="RFC8252"></xref>.</t>
<t>Private-use URI schemes are a mechanism offered by mobile operating system providers. If an application developer registers a custom URL scheme with the application, that application will be invoked when a request containing custom scheme is received by the device. If no available application supports the custom URI scheme, the platform or browser will typically generate a modal error and present it to the End-User.</t>
<t>Implementors are highly encouraged to explore other options before using private-use URI schemes due to the known security issues of such schemes, such as lack of controls to prevent unknown applications from attempting to service Authorization Requests. Any malicious app can register the custom scheme already used by another app, imitate the user interface and impersonate a good app.</t>
<t>The browser or operating system typically has a process by which native applications and websites can register support that one or more apps be called when a HTTPS URI is triggered in lieu of a system browser. This feature goes by several names including &quot;App Links&quot; and &quot;Universal Links&quot;, and MAY be used to invoke an installed/registered Self-Issued OP. If no appropriate application has been rendered, the request for a Self-Issued OP will go to a browser, which MAY display additional information such as appropriate software options.</t>
<t>Further details are discussed in <xref target="app-2-app-sec"></xref>.</t>
</section>

<section anchor="self-issued-op-authorization-response-confidentiality"><name>Self-Issued OP Authorization Response Confidentiality</name>
<t>The Authorization Response MUST NOT leak to a party outside of the Self-Issued OP, the RP and the system browser participating in the protocol flow.</t>
<t>Implementers of Self-Issed OPs are encouraged to take operating system dependent measures to ensure that the Authorization Response is only passed to a legitimate system browser in the same-device protocol flow. If implementers wish to support native applications acting as an RP, they MAY alternatively invoke the RP application if the Self-Issed OP can verify the RP application to be legitimate.</t>
<t>Further details of application to application and application to web communication are discussed in <xref target="app-2-app-sec"></xref>.</t>
</section>
</section>

<section anchor="privacy-considerations"><name>Privacy Considerations</name>

<section anchor="selective-disclosure-and-unlinkable-presentations"><name>Selective Disclosure and Unlinkable Presentations</name>
<t>Usage of decentralized identifiers does not automatically prevent possible RP correlation. If a status check of the presentation is done, Identity Provider / Self-Issued OP correlation can occur.</t>
<t>Consider supporting selective disclosure and unlinkable presentations using zero-knowledge proofs or single-use credentials instead of traditional correlatable signatures.</t>
</section>
</section>

<section anchor="implementation-considerations"><name>Implementation Considerations</name>

<section anchor="static-config"><name>Static Configuration Values of the Self-Issued OPs</name>
<t>This document lists profiles that define static configuration values of Self-Issued OPs and defines two set of static configuration values for Self-Issued OPs as native apps that can be used by the RP when it is unable to perform dynamic discovery and is not using any of the profiles.</t>

<section anchor="profiles-that-define-static-configuration-values"><name>Profiles that Define Static Configuration Values</name>
<t>Below is a list of profiles that define static configuration values of Self-Issued OPs:</t>

<ul>
<li><t><eref target="https://identity.foundation/jwt-vc-presentation-profile/">JWT VC Presentation Profile</eref></t>
</li>
</ul>
</section>

<section anchor="a-set-of-static-configuration-values-bound-to-siopv2"><name>A Set of Static Configuration Values bound to <tt>siopv2://</tt></name>
<t>Below is a set of static configuration values that can be used with <tt>id_token</tt> as a supported <tt>response_type</tt>, bound to a custom URL scheme <tt>siopv2://</tt> as an <tt>authorization_endpoint</tt>:</t>

<sourcecode type="json">{
  &quot;authorization_endpoint&quot;: &quot;siopv2:&quot;,
  &quot;response_types_supported&quot;: [
    &quot;id_token&quot;
  ],
  &quot;scopes_supported&quot;: [
    &quot;openid&quot;
  ],
  &quot;subject_types_supported&quot;: [
    &quot;pairwise&quot;
  ],
  &quot;id_token_signing_alg_values_supported&quot;: [
    &quot;ES256&quot;
  ],
  &quot;request_object_signing_alg_values_supported&quot;: [
    &quot;ES256&quot;
  ],
  &quot;subject_syntax_types_supported&quot;: [
    &quot;urn:ietf:params:oauth:jwk-thumbprint&quot;
  ],
  &quot;id_token_types_supported&quot;: [
    &quot;subject_signed_id_token&quot;
  ]
}
</sourcecode>
</section>

<section anchor="a-set-of-static-configuration-values-bound-to-openid"><name>A Set of Static Configuration Values bound to <tt>openid://</tt></name>
<t>Another set of static configuration values is used with both <tt>vp_token</tt> and <tt>id_token</tt> as supported <tt>response_type</tt>, bound to a custom URL scheme <tt>openid://</tt> as an <tt>authorization_endpoint</tt>:</t>

<sourcecode type="json">{
  &quot;authorization_endpoint&quot;: &quot;openid:&quot;,
  &quot;response_types_supported&quot;: [
    &quot;vp_token&quot;,
    &quot;id_token&quot;
  ],
  &quot;vp_formats_supported&quot;: {
    &quot;jwt_vp&quot;: {
      &quot;alg&quot;: [&quot;ES256&quot;]
    },
    &quot;jwt_vc&quot;: {
      &quot;alg&quot;: [&quot;ES256&quot;]
    }
  },
  &quot;scopes_supported&quot;: [
    &quot;openid&quot;
  ],
  &quot;subject_types_supported&quot;: [
    &quot;pairwise&quot;
  ],
  &quot;id_token_signing_alg_values_supported&quot;: [
    &quot;ES256&quot;
  ],
  &quot;request_object_signing_alg_values_supported&quot;: [
    &quot;ES256&quot;
  ],
  &quot;subject_syntax_types_supported&quot;: [
    &quot;urn:ietf:params:oauth:jwk-thumbprint&quot;
  ],
  &quot;id_token_types_supported&quot;: [
    &quot;subject_signed_id_token&quot;
  ]
}
</sourcecode>
</section>
</section>

<section anchor="supporting-multiple-self-issued-ops"><name>Supporting Multiple Self-Issued OPs</name>
<t>When the RP wants to provide End-User choice to select from multiple possible Self-Issued OPs, it MAY present a static list of the supported options. This is similar to the process of supporting multiple different social networks represented as traditional OPs.</t>
<t>Note that if Self-Issued OP implementations belong to a trust framework, the trust framework may dictate a common <tt>authorization_endpoint</tt> for a set of implementations. If <tt>authorization_endpoint</tt> is pre-registered with the underlying browser or operating system, invocation of this endpoint that leads to prompting the End-User to select a Self-Issued OP is handled by the underlying browser or operating system.</t>
</section>

<section anchor="receiving-cross-device-responses"><name>Receiving Cross-Device Responses</name>
<t>In case of the cross-device flow, the Self-Issued OPwill send the result as a HTTP POST message to the RP. This requires connectivity between Self-Issued OPand RP. There are different ways this can be achieved. The RP may, for example, expose a suitable endpoint from their backend. Alternatively, it may employ a separate service able to receive and store such messages, where the RP then queries the Self-Issued OPresponses.</t>
</section>
</section>

<section anchor="relationships-to-other-documents"><name>Relationships to Other Documents</name>
<t>The scope of this draft was an extension to Chapter 7 Self-Issued OpenID Provider in <xref target="OpenID.Core"></xref>. However, some sections of it could become applicable more generally to the entire OpenID Connect specification.</t>
</section>

</middle>

<back>
<references><name>Normative References</name>
<xi:include href="https://xml2rfc.ietf.org/public/rfc/bibxml/reference.RFC.7519.xml"/>
<xi:include href="https://xml2rfc.ietf.org/public/rfc/bibxml/reference.RFC.7638.xml"/>
<xi:include href="https://xml2rfc.ietf.org/public/rfc/bibxml/reference.RFC.9101.xml"/>
<xi:include href="https://xml2rfc.ietf.org/public/rfc/bibxml/reference.RFC.4648.xml"/>
<xi:include href="https://xml2rfc.ietf.org/public/rfc/bibxml/reference.RFC.7515.xml"/>
<xi:include href="https://xml2rfc.ietf.org/public/rfc/bibxml/reference.RFC.9278.xml"/>
<reference anchor="OpenID.Registration" target="https://openid.net/specs/openid-connect-registration-1_0.html">
  <front>
    <title>OpenID Connect Dynamic Client Registration 1.0 incorporating errata set 1</title>
    <author fullname="Nat Sakimura">
      <organization>NRI</organization>
    </author>
    <author fullname="John Bradley">
      <organization>Ping Identity</organization>
    </author>
    <author fullname="Michael B. Jones">
      <organization>Microsoft</organization>
    </author>
    <date year="2014" month="Nov" day="8"></date>
  </front>
</reference>
<reference anchor="OpenID.Discovery" target="https://openid.net/specs/openid-connect-discovery-1_0.html">
  <front>
    <title>OpenID Connect Core 1.0 incorporating errata set 1</title>
    <author fullname="Nat Sakimura" initials="N." surname="Sakimura">
      <organization>NRI</organization>
    </author>
    <author fullname="John Bradley" initials="J." surname="Bradley">
      <organization>Ping Identity</organization>
    </author>
    <author fullname="Michael B. Jones" initials="M." surname="Jones">
      <organization>Microsoft</organization>
    </author>
    <author fullname="Edmund Jay" initials="E." surname="Jay">
      <organization>Illumila</organization>
    </author>
    <date year="2014" month="Nov" day="8"></date>
  </front>
</reference>
<reference anchor="DID-Core" target="https://www.w3.org/TR/2021/PR-did-core-20210803/">
  <front>
    <title>Decentralized Identifiers (DIDs) v1.0</title>
    <author fullname="Manu Sporny">
      <organization>Digital Bazaar</organization>
    </author>
    <author fullname="Amy Guy">
      <organization>Digital Bazaar</organization>
    </author>
    <author fullname="Markus Sabadello">
      <organization>Danube Tech</organization>
    </author>
    <author fullname="Drummond Reed">
      <organization>Evernym</organization>
    </author>
    <date year="2021" month="Aug" day="3"></date>
  </front>
</reference>
<reference anchor="OpenID4VP" target="https://openid.net/specs/openid-4-verifiable-presentations-1_0.html">
  <front>
    <title>OpenID for Verifiable Presentations</title>
    <author fullname="Oliver Terbu" initials="O." surname="Terbu">
      <organization>ConsenSys Mesh</organization>
    </author>
    <author fullname="Torsten Lodderstedt" initials="T." surname="Lodderstedt">
      <organization>yes.com</organization>
    </author>
    <author fullname="Kristina Yasuda" initials="K." surname="Yasuda">
      <organization>Microsoft</organization>
    </author>
    <author fullname="Adam Lemmon" initials="A." surname="Lemmon">
      <organization>Convergence.tech</organization>
    </author>
    <author fullname="Tobias Looker" initials="T." surname="Looker">
      <organization>Mattr</organization>
    </author>
    <date year="2021" month="May" day="20"></date>
  </front>
</reference>
<reference anchor="OpenID.CIBA" target="https://openid.net/specs/openid-client-initiated-backchannel-authentication-core-1_0.html">
  <front>
    <title>OpenID Connect Client-Initiated Backchannel Authentication Flow - Core 1.0</title>
    <author fullname="G. Fernandez" initials="G." surname="Fernandez">
      <organization>Telefonica</organization>
    </author>
    <author fullname="F. Walter" initials="F." surname="Walter">
      <organization>Deutsche Telekom</organization>
    </author>
    <author fullname="A. Nennker" initials="A." surname="Nennker">
      <organization>Deutsche Telekom</organization>
    </author>
    <author fullname="D. Tonge" initials="D." surname="Tonge">
      <organization>Moneyhub</organization>
    </author>
    <author fullname="B. Campbell" initials="B." surname="Campbell">
      <organization>Ping Identity</organization>
    </author>
    <date year="2021" month="Sept" day="1"></date>
  </front>
</reference>
<reference anchor="OAuth.Responses" target="https://openid.net/specs/oauth-v2-multiple-response-types-1_0.html">
  <front>
    <title>OAuth 2.0 Multiple Response Type Encoding Practices</title>
    <author fullname="Breno de Medeiros" initials="B." surname="de Medeiros">
      <organization>Google</organization>
    </author>
    <author fullname="M. Scurtescu" initials="M." surname="Scurtescu">
      <organization>Google</organization>
    </author>
    <author fullname="Facebook" initials="P." surname="Tarjan">
      <organization>Evernym</organization>
    </author>
    <author fullname="Michael B. Jones" initials="M." surname="Jones">
      <organization>Microsoft</organization>
    </author>
    <date year="2014" month="Feb" day="25"></date>
  </front>
</reference>
<xi:include href="https://xml2rfc.ietf.org/public/rfc/bibxml/reference.RFC.7517.xml"/>
<reference anchor="OpenID.Core" target="http://openid.net/specs/openid-connect-core-1_0.html">
  <front>
    <title>OpenID Connect Core 1.0 incorporating errata set 1</title>
    <author fullname="Nat Sakimura" initials="N." surname="Sakimura">
      <organization>NRI</organization>
    </author>
    <author fullname="John Bradley" initials="J." surname="Bradley">
      <organization>Ping Identity</organization>
    </author>
    <author fullname="Michael B. Jones" initials="M." surname="Jones">
      <organization>Microsoft</organization>
    </author>
    <author fullname="Breno de Medeiros" initials="B." surname="de Medeiros">
      <organization>Google</organization>
    </author>
    <author fullname="Chuck Mortimore" initials="C." surname="Mortimore">
      <organization>Salesforce</organization>
    </author>
    <date year="2014" month="Nov" day="8"></date>
  </front>
</reference>
<reference anchor="VC-DATA" target="https://www.w3.org/TR/vc-data-model/">
  <front>
    <title>Decentralized Identifiers (DIDs) v1.0</title>
    <author fullname="Manu Sporny">
      <organization>Digital Bazaar</organization>
    </author>
    <author fullname="Grant Noble">
      <organization>ConsenSys</organization>
    </author>
    <author fullname="Dave Longley">
      <organization>Digital Bazaar</organization>
    </author>
    <author fullname="Daniel C. Burnett">
      <organization>ConsenSys</organization>
    </author>
    <author fullname="Brent Zundel">
      <organization>Evernym</organization>
    </author>
    <date year="2019" month="Nov" day="19"></date>
  </front>
</reference>
</references>
<references><name>Informative References</name>
<reference anchor="I-D.oauth-security-topics" target="https://datatracker.ietf.org/doc/html/draft-ietf-oauth-security-topics-19">
  <front>
    <title>OAuth 2.0 Security Best Current Practice</title>
    <author fullname="Torsten Lodderstedt">
      <organization>yes.com</organization>
    </author>
    <author fullname="John Bradley">
      <organization>Ping Identity</organization>
    </author>
    <author fullname="Andrey Labunets">
      <organization>Independent Researcher</organization>
    </author>
    <author fullname="Daniel Fett">
      <organization>yes.com</organization>
    </author>
    <date year="2021" month="Dec" day="16"></date>
  </front>
</reference>
<reference anchor="app-2-app-sec" target="https://danielfett.de/2020/11/27/improving-app2app/">
  <front>
    <title>Improving OAuth App-to-App Security</title>
    <author fullname="Fabian Hauck">
      <organization>yes.com</organization>
    </author>
    <author fullname="Daniel Fett">
      <organization>yes.com</organization>
    </author>
    <author fullname="Joseph Heenan">
      <organization>Authlete</organization>
    </author>
    <date year="2020" month="Nov" day="27"></date>
  </front>
</reference>
<xi:include href="https://xml2rfc.ietf.org/public/rfc/bibxml/reference.RFC.8252.xml"/>
<reference anchor="DID_Specification_Registries" target="https://www.w3.org/TR/did-spec-registries/">
  <front>
    <title>DID Specification Registries</title>
    <author fullname="Orie Steele">
      <organization>Transmute</organization>
    </author>
    <author fullname="Manu Sporny">
      <organization>Digital Bazaar</organization>
    </author>
    <author fullname="Michael Prorock">
      <organization>mesur.io</organization>
    </author>
    <date year="2022" month="Aug"></date>
  </front>
</reference>
</references>

<section anchor="iana-considerations"><name>IANA Considerations</name>
<t>TBD</t>
</section>

<section anchor="Acknowledgements"><name>Acknowledgements</name>
<t>We would like to thank Christina Bauer, John Bradley, Kim Cameron, Giuseppe De Marco, Daniel Fett, Alen Horvat, Edmund Jay, Tom Jones, Niels Klomp, Torsten Lodderstedt, Tobias Looker, Jeremie Miller, Brandon Murdoch, Nat Sakimura, Oliver Terbu, David Waite, and Dmitri Zagidulin for their contributions to this specification.</t>
</section>

<section anchor="notices"><name>Notices</name>
<t>Copyright (c) 2022 The OpenID Foundation.</t>
<t>The OpenID Foundation (OIDF) grants to any Contributor, developer, implementer, or other interested party a non-exclusive, royalty free, worldwide copyright license to reproduce, prepare derivative works from, distribute, perform and display, this Implementers Draft or Final Specification solely for the purposes of (i) developing specifications, and (ii) implementing Implementers Drafts and Final Specifications based on such documents, provided that attribution be made to the OIDF as the source of the material, but that such attribution does not indicate an endorsement by the OIDF.</t>
<t>The technology described in this specification was made available from contributions from various sources, including members of the OpenID Foundation and others. Although the OpenID Foundation has taken steps to help ensure that the technology is available for distribution, it takes no position regarding the validity or scope of any intellectual property or other rights that might be claimed to pertain to the implementation or use of the technology described in this specification or the extent to which any license under such rights might or might not be available; neither does it represent that it has made any independent effort to identify any such rights. The OpenID Foundation and the contributors to this specification make no (and hereby expressly disclaim any) warranties (express, implied, or otherwise), including implied warranties of merchantability, non-infringement, fitness for a particular purpose, or title, related to this specification, and the entire risk as to implementing this specification is assumed by the implementer. The OpenID Intellectual Property Rights policy requires contributors to offer a patent promise not to assert certain patent claims against other contributors and against implementers. The OpenID Foundation invites any interested party to bring to its attention any copyrights, patents, patent applications, or other proprietary rights that may cover technology that may be required to practice this specification.</t>
</section>

<section anchor="use-cases"><name>Use Cases</name>

<section anchor="resilience-against-sudden-or-planned-hosted-op-unavailability"><name>Resilience against Sudden or Planned Hosted OP Unavailability</name>
<t>A hosted third-party provided OP's infrastructure may become unavailable or even destroyed due to natural disasters such as hurricanes, tsunamis and fires, or may be removed from service as a planned business decision. End-Users using Self-Issued OPs local to their environment, have lower chances of being simultaneously affected by such events.</t>
</section>

<section anchor="authentication-at-the-edge"><name>Authentication at the Edge</name>
<t>As internet-connected smartphones have risen in availability, traditionally in-person interactions and services have begun to be optimized with digital alternatives. These services often have requirements for digital authentication and for other identity credentials. Self-Issued OPs can provide this authentication directly, without needing to delegate to remote, hosted OPs. This potentially allows for increased efficiency as well as allowing for authentication in environments which may have reduced connectivity.</t>
</section>

<section anchor="authentication-and-presentations-of-user-claims-without-the-involvement-of-the-issuer"><name>Authentication and Presentations of User Claims without the involvement of the Issuer</name>
<t>The RP can directly receive the issuer-signed claims about the End-User from the Self-Issued OP, without talking to the Issuer. This prevents the Issuer from knowing where the End-User is presenting these issuer-signed claims. In this use-case, obtaining and potentially storing the issuer-signed credentials is the Self-Issued OP's responsibility using specifications such as <xref target="OpenID4VP"></xref>.</t>
</section>

<section anchor="sharing-claims-e-g-vc-from-several-issuers-in-one-transaction"><name>Sharing Claims (e.g. VC) from Several Issuers in One Transaction</name>
<t>When End-Users apply to open a banking account online, in most countries, they are required to submit scanned versions of the required documents. These documents are usually issued by different authorities, and are hard to verify in a digital form. A Self-issued OP directly representing the End-User may have access to a greater set of such information for example in the format of Verifiable Credentials, while a traditional OP may not have a business relationship which enables access to such a breadth of information. Self-Issued OPs could aggregate claims from multiple sources, potentially in multiple formats, then release them within a single transaction to a Relying Party. The Relying Party can then verify the authenticity of the information to make the necessary business decisions.</t>
</section>

<section anchor="aggregation-of-multiple-personas-under-one-self-issued-op"><name>Aggregation of Multiple Personas under One Self-Issued OP</name>
<t>End-Users often use several hosted OpenID Providers for different Relying Parties. Some of the reasons to do this is to separate a work-related persona from a personal persona or to prevent the RPs from correlating their activities by using the same OP.</t>
<t>The usage of multiple OPs can create friction later, as the End-User may return later having forgotten which OP they used for the Relying Party. A single Self-Issued OP can be chosen by the End-User based on its capability to meet specific needs and privacy concerns.</t>
</section>

<section anchor="identifier-portability"><name>Identifier Portability</name>
<t>With a hosted third-party provider, a user identifier used at the RP is assigned by the third-party, while with a Self-Issued OP, a user identifier can be created by an application locally controlled by the End-User. This would allow the End-User to maintain the relationship with the RP while minimizing the third-party influence, as long as the End-User can keep control of the Self-Issued identifier.</t>
</section>

<section anchor="cloud-wallet"><name>Cloud Wallet</name>
<t>End-Users may decide to store their credentials in a cloud wallet, in order to be able to access her existing credentials across devices without hazzle (e.g. no need to re-obtain credentials after changing phone). A cloud wallet is an applicatication that is not hosted entirely locally on the End-User's device, but has cloud-based components and is capable of hosting backend endpoints. Such a wallet can protect the user's credental on a high security level. It may, for example, utilize hardware security modules to protect the user's keys from cloning and replay. Since there is a backend involved and endpoints can be exposed, a cloud wallet can utilize the OpenID Connect authorization code flow, which allows verifier and wallet to mutually authenticate and exchange date via a direct HTTPS protected connection.</t>
<t>A cloud wallet may utilize a native user experience, it may also (in addition or exclusively) offer a web based experience, which can be used on any device without the need for an app installation. This also means such a wallet can always use the more secure on-device flow instead of the cross-device flow. End-user authentication can be implemented using roaming authenticators or a private protocol with an authentication app.</t>
</section>
</section>

<section anchor="document-history"><name>Document History</name>
<t>[[ To be removed from the final specification ]]</t>
<t>-12</t>

<ul>
<li><t>Made SIOPv2 compatible with JAR</t>
</li>
<li><t>Clean up of the text</t>
</li>
</ul>
<t>-11</t>

<ul>
<li><t>Replaced JWK-Thumbprint-URI reference with RFC 9278.</t>
</li>
<li><t>Renamed registration and registration<em>uri to client</em>metadata and client<em>metadata</em>uri, respectively</t>
</li>
<li><t>Relaxed URI length restrictions</t>
</li>
<li><t>Added definition for base64url encoding</t>
</li>
<li><t>Added definition of term &quot;wallet&quot;</t>
</li>
</ul>
<t>-10</t>

<ul>
<li><t>Updated referenced spec names from &quot;OpenID Connect for Verifiable ...&quot; to &quot;OpenID for Verifiable ...&quot;.</t>
</li>
</ul>
<t>-09</t>

<ul>
<li><t>updated definition of SIOP to be &quot;an OP within the End-User’s control&quot;, not local control</t>
</li>
<li><t>added reference to Distributed and Aggregated Claims as an option to send third party attested claims using SIOP</t>
</li>
<li><t>added metadata and request parameter to explicitely publish and request SIOP support</t>
</li>
<li><t>extended specification to allow for use the code flow and all other OpenID Connect flows</t>
</li>
<li><t>added examples of possible SIOP architectures</t>
</li>
</ul>
<t>-08</t>

<ul>
<li><t>added security consideration for confidentiality response (same-device)</t>
</li>
<li><t>added implementation consideration for cross device flow</t>
</li>
<li><t><tt>iss</tt> in the ID Token must equal <tt>sub</tt></t>
</li>
</ul>
<t>-07</t>

<ul>
<li><t>reflected editorial comments received during pre-implementer's draft review period</t>
</li>
</ul>
<t>-06</t>

<ul>
<li><t>Added statically registered clients</t>
</li>
<li><t>Cleanups in preparation for the first proposed Implementer's Draft</t>
</li>
<li><t>Updated Security Considerations</t>
</li>
<li><t>Added an Acknowledgements section</t>
</li>
<li><t>Clarified which Hash Function is to be used to compute/verify JWK Thumbprints</t>
</li>
<li><t>Added more examples</t>
</li>
</ul>
<t>-05</t>

<ul>
<li><t>Merged <tt>did_methods_supported</tt> metadata into <tt>subject_syntax_type_supported</tt></t>
</li>
<li><t>Added RP Metadata resolution methods</t>
</li>
<li><t>Editorial - language in Relying Party Registration Metadata Error Response</t>
</li>
<li><t>Introduced mandatory <tt>i_am_siop</tt> claim</t>
</li>
</ul>
<t>-04</t>

<ul>
<li><t>Added cross-device protocol flow</t>
</li>
<li><t>Clarified handling for did-based sub and sub_jwk</t>
</li>
<li><t>Revising of introductory text and scope of Self-Issued OP v2</t>
</li>
<li><t>Corrected typos and reworked registration example data</t>
</li>
</ul>
<t>-03</t>

<ul>
<li><t>sub_jwk made optional for Subject Syntax Type DID and mandatory for subtype jwk thumbprint</t>
</li>
<li><t>Added text that nonce is mandatory</t>
</li>
<li><t>Replaced vp claim with reference to OpenID4VP draft</t>
</li>
<li><t>Adopted Self-Issued OP chooser as Self-Issued OP Discovery</t>
</li>
<li><t>Deprecated openid:// for Self-Issued OP Discovery as not recommended</t>
</li>
<li><t>Clarified Discovery and Registration metadata</t>
</li>
<li><t>Formatted Normative Reference Section to mmarkdown</t>
</li>
</ul>
<t>-02</t>

<ul>
<li><t>Converted into mmarkdown</t>
</li>
</ul>
<t>-01</t>

<ul>
<li><t>Version proposed for working group adoption</t>
</li>
</ul>
</section>

</back>

</rfc>
