{
  "@context": [
    "https://www.w3.org/2018/credentials/v1",
    "https://www.w3.org/2018/credentials/examples/v1",
    "https://w3id.org/security/data-integrity/v2"
  ],
  "id": "https://example.com/credentials/1872",
  "type": [
    "VerifiableCredential",
    "IDCredential"
  ],
  "issuer": {
    "id": "did:example:issuer"
  },
  "issuanceDate": "2025-03-19T00:00:00Z",
  "credentialSubject": {
    "given_name": "Max",
    "family_name": "Mustermann",
    "birthdate": "1998-01-11",
    "address": {
      "street_address": "Sandanger 25",
      "locality": "Musterstadt",
      "postal_code": "123456",
      "country": "DE"
    }
  },
  "proof": {
    "type": "DataIntegrityProof",
    "cryptosuite": "eddsa-rdfc-2022",
    "created": "2025-03-19T15:30:15Z",
    "proofValue": "z5C5b...EtszK",
    "proofPurpose": "assertionMethod",
    "verificationMethod": "did:example:issuer#keys-1"
  }
}