{
    "iss": "https://example.gov/issuers/565049",
    "nbf": 1262304000,
    "jti": "http://example.gov/credentials/3732",
    "sub": "did:example:ebfeb1f712ebc6f1c276e12ec21",
    "vc": {
        "@context": [
            "https://www.w3.org/2018/credentials/v1",
            "https://www.w3.org/2018/credentials/examples/v1"
        ],
        "type": [
            "VerifiableCredential",
            "IDCredential"
        ],
        "credentialSubject": {
            "given_name": "Max",
            "family_name": "Mustermann",
            "birthdate": "1998-01-11",
            "address": {
                "street_address": "Sandanger 25",
                "locality": "Musterstadt",
                "postal_code": "123456",
                "country": "DE"
            }
        }
    }
}