{
    "id": "example_jwt_vc",
    "input_descriptors": [
        {
            "id": "id_credential",
            "format": {
                "jwt_vc_json": {
                    "proof_type": [
                        "JsonWebSignature2020"
                    ]
                }
            },
            "constraints": {
                "fields": [
                    {
                        "path": [
                            "$.vc.type"
                        ],
                        "filter": {
                            "type": "array",
                            "contains": {
                                "const": "IDCredential"
                            }
                        }
                    }
                ]
            }
        }
    ]
}