{
   "client_id": "s6BhdRkqt3",
   "redirect_uri": "https://client.example.org/callback",
   "token_endpoint_auth_method": "client_secret_basic",
   "response_type": "code",
   "grant_type": "authorization_code",
   "vp_formats": {
      "jwt_vp_json": {
         "alg": [
            "EdDSA",
            "ES256K"
         ]
      },
      "ldp_vp": {
         "proof_type": [
            "Ed25519Signature2018"
         ]
      },
      "client_name": "My Example",
      "application_type": "web"
   }
}