{
  "credential_configurations_supported": {
    "SD_JWT_VC_example_in_OpenID4VCI": {
      "format": "dc+sd-jwt",
      "scope": "SD_JWT_VC_example_in_OpenID4VCI",
      "cryptographic_binding_methods_supported": [
        "jwk"
      ],
      "credential_signing_alg_values_supported": [
        "ES256"
      ],
      "display": [
        {
          "name": "IdentityCredential",
          "logo": {
            "uri": "https://university.example.edu/public/logo.png",
            "alt_text": "a square logo of a university"
          },
          "locale": "en-US",
          "background_color": "#12107c",
          "text_color": "#FFFFFF"
        }
      ],
      "proof_types_supported": {
        "jwt": {
          "proof_signing_alg_values_supported": [
            "ES256"
          ]
        }
      },
      "vct": "SD_JWT_VC_example_in_OpenID4VCI",
      "claims": [
        {
          "path": ["given_name"],
          "display": [
            {
              "name": "Given Name",
              "locale": "en-US"
            },
            {
              "name": "Vorname",
              "locale": "de-DE"
            }
          ]
        },
        {
          "path": ["family_name"],
          "display": [
            {
              "name": "Surname",
              "locale": "en-US"
            },
            {
              "name": "Nachname",
              "locale": "de-DE"
            }
          ]
        },
        {"path": ["email"]},
        {"path": ["phone_number"]},
        {
          "path": ["address"],
          "display": [
            {
              "name": "Place of residence",
              "locale": "en-US"
            },
            {
              "name": "Wohnsitz",
              "locale": "de-DE"
            }
          ]
        },
        {"path": ["address", "street_address"]},
        {"path": ["address", "locality"]},
        {"path": ["address", "region"]},
        {"path": ["address", "country"]},
        {"path": ["birthdate"]},
        {"path": ["is_over_18"]},
        {"path": ["is_over_21"]},
        {"path": ["is_over_65"]}
      ]
    }
  }
}