{
  "credential_configurations_supported": {
    "org.iso.18013.5.1.mDL": {
      "format": "mso_mdoc",
      "doctype": "org.iso.18013.5.1.mDL",
      "cryptographic_binding_methods_supported": [
        "cose_key"
      ],
      "credential_signing_alg_values_supported": [
        "ES256", "ES384", "ES512"
      ],
      "display": [
        {
          "name": "Mobile Driving License",
          "locale": "en-US",
          "logo": {
            "uri": "https://state.example.org/public/mdl.png",
            "alt_text": "state mobile driving license"
          },
          "background_color": "#12107c",
          "text_color": "#FFFFFF"
        },
        {
          "name": "モバイル運転免許証",
          "locale": "ja-JP",
          "logo": {
            "uri": "https://state.example.org/public/mdl.png",
            "alt_text": "米国州発行のモバイル運転免許証"
          },
          "background_color": "#12107c",
          "text_color": "#FFFFFF"
        }
      ],
      "claims": [
        {
          "path": ["org.iso.18013.5.1","given_name"],
          "display": [
            {
              "name": "Given Name",
              "locale": "en-US"
            },
            {
              "name": "名前",
              "locale": "ja-JP"
            }
          ]
        },
        {
          "path": ["org.iso.18013.5.1","family_name"],
          "display": [
            {
              "name": "Surname",
              "locale": "en-US"
            }
          ]
        },
        {
          "path": ["org.iso.18013.5.1","birth_date"],
          "mandatory": true
        },
        {"path": ["org.iso.18013.5.1.aamva","organ_donor"]}
      ]
    }
  }
}