{
   "client_id": "did:example:123",
   "client_id_scheme": "did",
   "response_types": "vp_token",
   "redirect_uri": "https://client.example.org/callback",
   "nonce":"n-0S6_WzA2Mj",
   "presentation_definition": "...",
   "client_metadata": {
      "vp_formats": {
         "jwt_vp": {
            "alg": [
               "EdDSA",
               "ES256K"
            ]
         },
         "ldp_vp": {
            "proof_type": [
               "Ed25519Signature2018"
            ]
         }
      }
   }
}