{
    "id": "scope_IDCardCredential",
    "input_descriptors": [
        {
            "id": "scope_IDCardCredential",
            "constraints": {
                "fields": [
                    {
                        "path": [
                            "$.type"
                        ],
                        "filter": {
                            "type": "string",
                            "pattern": "IDCardCredential"
                        }
                    }
                ]
            }
        }
    ]
}