{
    "id": "vp token example",
    "input_descriptors": [
        {
            "id": "id card credential",
            "format": {
                "ldp_vc": {
                    "proof_type": [
                        "Ed25519Signature2018"
                    ]
                }
            },
            "constraints": {
                "fields": [
                    {
                        "path": [
                            "$.type"
                        ],
                        "filter": {
                            "type": "string",
                            "pattern": "IDCardCredential"
                        }
                    }
                ]
            }
        }
    ]
}