{
  "_sd": [
    "3oUCnaKt7wqDKuyh-LgQozzfhgb8gO5Ni-RCWsWW2vA",
    "8z8z9X9jUtb99gjejCwFAGz4aqlHf-sCqQ6eM_qmpUQ",
    "Cxq4872UXXngGULT_kl8fdwVFkyK6AJfPZLy7L5_0kI",
    "TGf4oLbgwd5JQaHyKVQZU9UdGE0w5rtDsrZzfUaomLo",
    "jsu9yVulwQQlhFlM_3JlzMaSFzglhQG0DpfayQwLUK4",
    "sFcViHN-JG3eTUyBmU4fkwusy5I1SLBhe1jNvKxP5xM",
    "tiTngp9_jhC389UP8_k67MXqoSfiHq3iK6o9un4we_Y",
    "xsKkGJXD1-e3I9zj0YyKNv-lU5YqhsEAF9NhOr8xga4"
  ],
  "iss": "https://example.com/issuer",
  "iat": 1683000000,
  "exp": 1883000000,
  "vct": "https://credentials.example.com/identity_credential",
  "_sd_alg": "sha-256",
  "cnf": {
    "jwk": {
      "kty": "EC",
      "crv": "P-256",
      "x": "TCAER19Zvu3OHF4j4W4vfSVoHIP1ILilDls7vCeGemc",
      "y": "ZxjiWWbZMQGHVWKVQ4hbSIirsVfuecCE6t4jT9F2HZQ"
    }
  }
}