{
  "verified_claims": {
    "verification": {
      "trust_framework": "eidas_ial_substantial",
      "time": "2012-04-23T18:25:43.511+01",
      "evidence": [
        {
          "type": "id_document",
          "method": "pipp",
          "document": {
            "type": "idcard",
            "issuer": {
              "name": "Stadt Augsburg",
              "country": "DE"
            },
            "number": "53554554",
            "date_of_expiry": "2022-04-22"
          }
        }
      ]
    },
    "claims": {
      "given_name": "Max",
      "family_name": "Meier",
      "birthdate": "1956-01-28"
    }
  }
}