{
    "format": "vc+sd-jwt",
    "scope": "IdentityCredential_SD-JWT-VC",
    "cryptographic_binding_methods_supported": [
        "did:example"
    ],
    "cryptographic_suites_supported": [
        "ES256K"
    ],
    "display": [
        {
            "name": "IdentityCredential",
            "locale": "en-US",
            "background_color": "#12107c",
            "text_color": "#FFFFFF"
        }
    ],
    "vct": "IdentityCredential",
    "claims": {
        "given_name": {
            "display": [
                {
                    "name": "Given Name",
                    "locale": "en-US"
                },
                {
                    "name": "Vorname",
                    "locale": "de-DE"
                }
            ]
        },
        "last_name": {
            "display": [
                {
                    "name": "Surname",
                    "locale": "en-US"
                },
                {
                    "name": "Nachname",
                    "locale": "de-DE"
                }
            ]
        },
        "email": {},
        "phone_number": {},
        "address": {
            "street_address": {},
            "locality": {},
            "region": {},
            "country": {}
        },
        "birthdate": {},
        "is_over_18": {},
        "is_over_21": {},
        "is_over_65": {}
    }
}