{
   "client_id": "s6BhdRkqt3",
   "redirect_uris": [
      "https://client.example.org/callback",
      "https://client.example.org/callback2"
   ],
   "client_name": "My Example",
   "token_endpoint_auth_method": "client_secret_basic",
   "application_type": "web",
   "response_types": "code",
   "grant_types": "authorization_code",
   "vp_formats": {
      "jwt_vp": {
         "alg": [
            "EdDSA",
            "ES256K"
         ]
      },
      "ldp_vp": {
         "proof_type": [
            "Ed25519Signature2018"
         ]
      }
   }
}