<?xml version="1.0" encoding="utf-8"?>
<!-- name="GENERATOR" content="github.com/mmarkdown/mmark Mmark Markdown Processor - mmark.miek.nl" -->
<rfc version="3" ipr="none" docName="openid4vc-high-assurance-interoperability-profile-1_0-02" submissionType="IETF" category="std" xml:lang="en" xmlns:xi="http://www.w3.org/2001/XInclude" indexInclude="true" consensus="true">

<front>
<title abbrev="openid4vc-high-assurance-interoperability-profile">OpenID4VC High Assurance Interoperability Profile - draft 02</title><seriesInfo value="openid4vc-high-assurance-interoperability-profile-1_0-02" status="standard" name="Internet-Draft"></seriesInfo>
<author initials="K." surname="Yasuda" fullname="Kristina Yasuda"><organization>SPRIND</organization><address><postal><street></street>
</postal><email>kristina.yasuda@sprind.org</email>
</address></author><author initials="T." surname="Lodderstedt" fullname="Torsten Lodderstedt"><organization>SPRIND</organization><address><postal><street></street>
</postal><email>torsten@lodderstedt.net</email>
</address></author><date/>
<area>Internet</area>
<workgroup>Digital Credentials Protocols</workgroup>
<keyword>security</keyword>
<keyword>openid4vc</keyword>
<keyword>sd-jwt</keyword>
<keyword>sd-jwt-vc</keyword>
<keyword>mdoc</keyword>

<abstract>
<t>This document defines a profile of OpenID for Verifiable Credentials in combination with the credential formats IETF SD-JWT VC <xref target="I-D.ietf-oauth-sd-jwt-vc"></xref> and ISO mdoc <xref target="ISO.18013-5"></xref>. The aim is to select features and to define a set of requirements for the existing specifications to enable interoperability among Issuers, Wallets and Verifiers of Credentials where a high level of security and privacy is required. The profiled specifications include OpenID for Verifiable Credential Issuance <xref target="OIDF.OID4VCI"></xref>, OpenID for Verifiable Presentations <xref target="OIDF.OID4VP"></xref>, Self-Issued OpenID Provider v2 <xref target="OIDF.SIOPv2"></xref>, IETF SD-JWT VC <xref target="I-D.ietf-oauth-sd-jwt-vc"></xref>, and ISO mdoc <xref target="ISO.18013-5"></xref>.</t>
</abstract>

</front>

<middle>

<section anchor="introduction"><name>Introduction</name>
<t>This document defines a set of requirements for the existing specifications to enable interoperability among Issuers, Wallets and Verifiers of Credentials where a high level of security and privacy is required. This document is an interoperability profile that can be used by implementations in various contexts, be it a certain industry or a certain regulatory environment.</t>
<t>This document is not a specification, but a profile. It refers to the specifications required for implementations to interoperate among each other and for the optionalities mentioned in the referenced specifications, defines the set of features to be mandatory to implement.</t>
<t>The profile uses OpenID for Verifiable Credential Issuance <xref target="OIDF.OID4VCI"></xref> and OpenID for Verifiable Presentations <xref target="OIDF.OID4VP"></xref> as the base protocols for issuance and presentation of Credentials, respectively. The credential formats used are IETF SD-JWT VC as specified in <xref target="I-D.ietf-oauth-sd-jwt-vc"></xref> and ISO mdoc <xref target="ISO.18013-5"></xref>. Additionally, considerations are given on how the issuance of Credentials in both IETF SD-JWT VC <xref target="I-D.ietf-oauth-sd-jwt-vc"></xref> and ISO mdoc <xref target="ISO.18013-5"></xref> formats can be performed in the same transaction.</t>
<t>A full list of the open standards used in this profile can be found in Overview of the Open Standards Requirements (reference).</t>

<section anchor="audience-target-audience-usage"><name>Audience Target audience/Usage</name>
<t>The audience of the document is implementers that require a high level of security and privacy for their solutions. A non-exhaustive list of the interested parties includes <eref target="https://eur-lex.europa.eu/legal-content/EN/TXT/HTML/?uri=OJ:L_202401183">eIDAS 2.0</eref>, <eref target="https://www.dmv.ca.gov/portal/">California Department of Motor Vehicles</eref>, <eref target="https://openwallet.foundation/">Open Wallet Foundation (OWF)</eref>, <eref target="https://idunion.org/?lang=en">IDunion</eref>, <eref target="https://gainforum.org/">GAIN</eref>, and <eref target="https://trustedweb.go.jp/en">the Trusted Web project of the Japanese government</eref>, but is expected to grow to include other jurisdictions and private sector companies.</t>
</section>
</section>

<section anchor="terminology"><name>Terminology</name>
<t>This specification uses the terms &quot;Holder&quot;, &quot;Issuer&quot;, &quot;Verifier&quot;, &quot;Wallet&quot;, and &quot;Verifiable Credential&quot; as defined in @!OIDF.OID4VCI] and <xref target="OIDF.OID4VP"></xref>.</t>
</section>

<section anchor="scope"><name>Scope</name>
<t>The following aspects are in scope of this interoperability profile:</t>

<ul spacing="compact">
<li><t>Profile of OpenID4VCI to issue IETF SD-JWT VCs, including</t>

<ul spacing="compact">
<li>Wallet Attestation</li>
</ul></li>
<li>Profile of OpenID4VP to present IETF SD-JWT VCs</li>
<li><t>Profile of OpenID4VP over the W3C Digital Credentials API <xref target="w3c.digital_credentials_api"></xref> to present</t>

<ul spacing="compact">
<li>IETF SD-JWT VCs</li>
<li>ISO mdocs</li>
</ul></li>
<li>Protocol for User Authentication by the Wallet at a Verifier (SIOP v2)</li>
<li><t>Profile of IETF SD-JWT VC that includes the following aspects</t>

<ul spacing="compact">
<li>Status management of the Credentials, including revocation</li>
<li>Cryptographic Key Binding</li>
<li>Issuer key resolution</li>
<li>Issuer identification (as prerequisite for trust management)</li>
</ul></li>
<li>Crypto Suites</li>
</ul>
<t>Note that when OpenID4VP is used, the Wallet and the Verifier can either be remote or in-person.</t>
<t>Assumptions made are the following:</t>

<ul spacing="compact">
<li>The issuers and verifiers cannot pre-discover Wallet’s capability</li>
<li>The issuer is talking to the Wallet supporting the features defined in this profile (via Wallet invocation mechanism)</li>
<li>There are mechanisms in place for the verifiers and issuers to discover each other’s capability</li>
</ul>

<section anchor="out-of-scope"><name>Out of Scope</name>
<t>The following items are out of scope for the current version of this document, but might be added in future versions:</t>

<ul spacing="compact">
<li>Trust Management, i.e. authorization of an issuer to issue certain types of credentials, authorization of the Wallet to be issued certain types of credentials, authorization of  the Verifier to receive certain types of credentials.</li>
<li>Protocol for presentation of Verifiable Credentials for offline use-cases, e.g. over BLE.</li>
<li>Profile of OpenID4VCI to issue ISO mdoc <xref target="ISO.18013-5"></xref> is defined in ISO 23220-3.</li>
<li>Profile of OpenID4VP without using W3C Digital Credentials API to present ISO mdocs is
defined in <xref target="ISO.18013-7"></xref>. For more details, also see Annex B.3 in <xref target="OIDF.OID4VP"></xref>.</li>
</ul>
</section>

<section anchor="scenarios-business-requirements"><name>Scenarios/Business Requirements</name>

<ul spacing="compact">
<li>Combined Issuance of SD-JWT VC and mdoc</li>
<li>Both issuer-initiated and wallet-initiated issuance</li>
<li>eIDAS PID and (Q)EAA as defined in eIDAS ARF 1.0</li>
</ul>
</section>

<section anchor="standards-requirements"><name>Standards Requirements</name>
<t>This specification enables interoperable implementations of the following flows:</t>

<ul spacing="compact">
<li>Issuance of IETF SD-JWT VC using OpenID4VCI</li>
<li>Presentation of IETF SD-JWT VC using OpenID4VP</li>
<li>Presentation of IETF SD-JWT VC using OpenID4VP over W3C Digital Credentials API</li>
<li>Presentation of ISO mdocs using OpenID4VP over W3C Digital Credentials API</li>
</ul>
<t>Implementations of this specification do not have to implement all of the flows listed above, but they MUST be compliant to all of the requirements for a particular flow they chose to implement.</t>
</section>
</section>

<section anchor="openid-for-verifiable-credential-issuance"><name>OpenID for Verifiable Credential Issuance</name>
<t>Both the Wallet and the Credential Issuer:</t>

<ul spacing="compact">
<li>MUST support the authorization code flow.</li>
<li>MUST support protocol extensions for the SD-JWT VC credential format profile as defined in <xref target="vc_sd_jwt_profile"></xref>.</li>
<li>MUST support sender-constrained tokens using the mechanism defined in <xref target="RFC9449"></xref>.</li>
<li>MUST support <xref target="RFC7636"></xref> with <tt>S256</tt> as the code challenge method.</li>
</ul>
<t>Both Wallet initiated and Issuer initiated issuance is supported.</t>

<section anchor="credential-offer"><name>Credential Offer</name>

<ul spacing="compact">
<li>The Grant Type <tt>authorization_code</tt> MUST be supported as defined in Section 4.1.1 in <xref target="OIDF.OID4VCI"></xref></li>
<li>For Grant Type <tt>authorization_code</tt>, the Issuer MUST include a scope value in order to allow the Wallet to identify the desired Credential Type. The Wallet MUST use that value in the <tt>scope</tt> Authorization parameter.</li>
<li>As a way to invoke the Wallet, at least a custom URL scheme <tt>haip://</tt> MUST be supported. Implementations MAY support other ways to invoke the Wallets as agreed by trust frameworks/ecosystems/jurisdictions, not limited to using other custom URL schemes.</li>
</ul>
<t>Note: The Authorization Code flow does not require a Credential Offer from the Issuer to the Wallet. However, it is included in the feature set to allow for Issuer initiated Credential issuance.</t>
<t>Both sending Credential Offer same-device and cross-device is supported.</t>
</section>

<section anchor="authorization-endpoint"><name>Authorization Endpoint</name>

<ul spacing="compact">
<li>MUST use Pushed Authorization Requests (PAR) <xref target="RFC9126"></xref> to send the Authorization Request.</li>
<li>Wallets MUST authenticate itself at the PAR endpoint using the same rules as defined in <xref target="token-endpoint"></xref> for client authentication at the token endpoint.</li>
<li>MUST use the <tt>scope</tt> parameter to communicate credential type(s) to be issued. The scope value MUST map to a specific Credential type. The scope value may be pre-agreed, obtained from the Credential Offer, or the Credential Issuer Metadata.</li>
<li>The <tt>client_id</tt> value in the PAR request MUST be a string that the Wallet has used as the <tt>sub</tt> value in the client attestation JWT.</li>
</ul>
</section>

<section anchor="token-endpoint"><name>Token Endpoint</name>

<ul spacing="compact">
<li>The Wallets MUST perform client authentication as defined in <xref target="wallet-attestation"></xref>.</li>
<li>Refresh tokens are RECOMMENDED to be supported for credential refresh. For details, see Section 13.5 in <xref target="OIDF.OID4VCI"></xref>.</li>
</ul>
<t>Note: It is RECOMMENDED to use ephemeral client attestation JWTs for client authentication in order to prevent linkability across Credential Issuers.</t>
<t>Note: Issuers should be mindful of how long the usage of the refresh token is allowed to refresh a credential, as opposed to starting the issuance flow from the beginning. For example, if the User is trying to refresh a credential more than a year after its original issuance, the usage of the refresh tokens is NOT RECOMMENDED.</t>

<section anchor="wallet-attestation"><name>Wallet Attestation</name>
<t>Wallets MUST use wallet attestations as defined in Annex E of <xref target="OIDF.OID4VCI"></xref>.</t>
<t>The public key, and optionally a trust chain, used to validate the signature on the Wallet Attestation MUST be included in the <tt>x5c</tt> JOSE header.</t>
</section>
</section>

<section anchor="credential-endpoint"><name>Credential Endpoint</name>

<ul spacing="compact">
<li>The <tt>JWT</tt> proof type MUST be supported.</li>
</ul>
</section>

<section anchor="server-metadata"><name>Server Metadata</name>

<ul spacing="compact">
<li>The Credential Issuer MUST publish a mapping of every Credential Type it supports to a scope value.</li>
</ul>
</section>
</section>

<section anchor="openid-for-verifiable-presentations-profile-for-ietf-sd-jwt-vc"><name>OpenID for Verifiable Presentations profile for IETF SD-JWT VC</name>
<t>Requirements for both the Wallet and the Verifier:</t>

<ul spacing="compact">
<li>As a way to invoke the Wallet, at least a custom URL scheme <tt>haip://</tt> MUST be supported. Implementations MAY support other ways to invoke the wallets as agreed by trust frameworks/ecosystems/jurisdictions, not limited to using other custom URL schemes.</li>
<li>Response type MUST be <tt>vp_token</tt>.</li>
<li>Response mode MUST be <tt>direct_post.jwt</tt>. The Verifier MUST return <tt>redirect_uri</tt> in response to the HTTP POST request from the Wallet, where the Wallet redirects the User to, as defined in Section 7.2 of <xref target="OIDF.OID4VP"></xref>. Implementation considerations for the response mode <tt>direct_post.jwt</tt> are given in Section 12.4 of <xref target="OIDF.OID4VP"></xref>.</li>
<li>Authorization Request MUST be sent using the <tt>request_uri</tt> parameter as defined in JWT-Secured Authorization Request (JAR) <xref target="RFC9101"></xref>.</li>
<li>The Client Identifier Scheme as introduced in Section 5.10 of <xref target="OIDF.OID4VP"></xref> MUST be either <tt>x509_san_dns</tt> or <tt>verifier_attestation</tt>. The Wallet MUST support both. The Verifier MUST support at least one.</li>
<li>To obtain the issuer's public key for verification, verifiers MUST support Web-based key resolution, as defined in Section 5 of <xref target="I-D.ietf-oauth-sd-jwt-vc"></xref>. The JOSE header <tt>kid</tt> MUST be used to identify the respective key.</li>
<li>The DCQL query and response as defined in Section 6 of <xref target="OIDF.OID4VP"></xref> MUST be used.</li>
</ul>
</section>

<section anchor="openid-for-verifiable-presentations-over-w3c-digital-credentials-api"><name>OpenID for Verifiable Presentations over W3C Digital Credentials API</name>
<t>The following requirements apply for both, the Wallet and the Verifier, unless specified otherwise:</t>

<ul spacing="compact">
<li><t>MUST support Annex A in <xref target="OIDF.OID4VP"></xref> that defines how to use OpenID4VP over the W3C Digital Credentials API.</t>

<ul spacing="compact">
<li>The Wallet MUST support both signed and unsigned requests as defined in Annex A.3.1 and A.3.2 of <xref target="OIDF.OID4VP"></xref>. The Verifier MAY support signed requests, unsigned requests, or both.</li>
</ul></li>
<li>Wallet Invocation is done via the W3C Digital Credentials API or an equivalent platform API. Any other mechanism, including Custom URL schemes, MUST NOT be used.</li>
<li>Response Mode MUST be <tt>dc_api.jwt</tt>. The response MUST be encrypted.</li>
<li>Response encryption MUST be performed as specified in <xref target="OIDF.OID4VP" sectionFormat="of" relative="#" section="7.3"></xref>. The JWE <tt>alg</tt> (algorithm) header parameter (see <xref target="RFC7516" sectionFormat="of" relative="#" section="4.1.1"></xref>)
value <tt>ECDH-ES</tt> (as defined in <xref target="RFC7518" sectionFormat="of" relative="#" section="4.6"></xref>), with key agreement utilizing keys on the <tt>P-256</tt> curve (see <xref target="RFC7518" sectionFormat="of" relative="#" section="6.2.1.1"></xref>) MUST be supported.
The JWE <tt>enc</tt> (encryption algorithm) header parameter (see <xref target="RFC7516" sectionFormat="of" relative="#" section="4.1.2"></xref>) value <tt>A128GCM</tt> (as defined in <xref target="RFC7518" sectionFormat="of" relative="#" section="5.3"></xref>) MUST be supported.</li>
<li>The DCQL query and response as defined in Section 6 of <xref target="OIDF.OID4VP"></xref> MUST be used. Presentation Exchange as defined in Sections 5.4 and 5.5 of <xref target="OIDF.OID4VP"></xref> MUST NOT be used.</li>
</ul>

<section anchor="iso-mdoc-specific-requirements-for-openid-for-verifiable-presentations-over-w3c-digital-credentials-api"><name>ISO mdoc specific requirements for OpenID for Verifiable Presentations over W3C Digital Credentials API</name>
<t>Requirements for both the Wallet and the Verifier:</t>

<ul spacing="compact">
<li>The Credential Format Identifier MUST be <tt>mso_mdoc</tt>.</li>
<li>ISO mdoc Credential Format specific DCQL parameters as defined in Annex B.3.1 of <xref target="OIDF.OID4VP"></xref> MUST be used.</li>
<li>Verifier MAY request more than one Credential in the same request.</li>
<li>When multiple ISO mdocs are being returned, each ISO mdoc MUST be returned in a separate <tt>DeviceResponse</tt> (as defined in 8.3.2.1.2.2 of <xref target="ISO.18013-5"></xref>), each matching to a respective DCQL query. Therefore, the resulting <tt>vp_token</tt> contains multiple <tt>DeviceResponse</tt> instances.</li>
<li>The <tt>SessionTranscript</tt> and <tt>Handover</tt> CBOR structures MUST be generated in accordance with Annex B.3.4.1 of <xref target="OIDF.OID4VP"></xref>.</li>
</ul>
</section>

<section anchor="ietf-sd-jwt-vc-specific-requirements-for-openid-for-verifiable-presentations-over-w3c-digital-credentials-api"><name>IETF SD-JWT VC specific requirements for OpenID for Verifiable Presentations over W3C Digital Credentials API</name>
<t>Requirements for both the Wallet and the Verifier:</t>

<ul spacing="compact">
<li>The Credential Format identifier MUST be <tt>dc+sd-jwt</tt>.</li>
<li>IETF SD-JWT VC Credential Format specific DCQL parameters as defined in Section 6.4.1 of <xref target="OIDF.OID4VP"></xref> MUST be used.</li>
</ul>
</section>
</section>

<section anchor="self-issued-op-v2"><name>Self-Issued OP v2</name>
<t>To authenticate the user, subject identifier in a Self-Issued ID Token MUST be used as defined in <xref target="OIDF.SIOPv2"></xref>.</t>

<ul spacing="compact">
<li>As a way to invoke the Wallet, at least a custom URL scheme <tt>haip://</tt> MUST be supported. Implementations MAY support other ways to invoke the Wallets as agreed by trust frameworks/ecosystems/jurisdictions, not limited to using other custom URL schemes.</li>
<li><tt>subject_syntax_types_supported</tt> value MUST be <tt>urn:ietf:params:oauth:jwk-thumbprint</tt></li>
</ul>
</section>

<section anchor="sd-jwt-vc"><name>SD-JWT VCs</name>
<t>This profile defines the following additional requirements for IETF SD-JWT VCs as defined in <xref target="I-D.ietf-oauth-sd-jwt-vc"></xref>.</t>

<ul spacing="compact">
<li>Compact serialization MUST be supported as defined in <xref target="I-D.ietf-oauth-selective-disclosure-jwt"></xref>. JSON serialization MAY be supported.</li>
<li>The following JWT Claims MUST be supported Content (differentiate issuance &amp; presentation)</li>
</ul>
<table>
<thead>
<tr>
<th align="left">Claim</th>
<th align="left">SD-JWT as issued by the Issuer</th>
<th align="left">Normative Definition</th>
</tr>
</thead>

<tbody>
<tr>
<td align="left">iss</td>
<td align="left">MUST</td>
<td align="left"><xref target="RFC7519"></xref>, Section 4.1.1</td>
</tr>

<tr>
<td align="left">iat</td>
<td align="left">MUST</td>
<td align="left"><xref target="RFC7519"></xref>, Section 4.1.6</td>
</tr>

<tr>
<td align="left">exp</td>
<td align="left">SHOULD (at the discretion of the issuer)</td>
<td align="left"><xref target="RFC7519"></xref>, Section 4.1.4</td>
</tr>

<tr>
<td align="left">cnf</td>
<td align="left">	MUST</td>
<td align="left">	<xref target="RFC7800"></xref></td>
</tr>

<tr>
<td align="left">vct</td>
<td align="left">	MUST</td>
<td align="left"><xref target="I-D.ietf-oauth-sd-jwt-vc"></xref></td>
</tr>

<tr>
<td align="left">status</td>
<td align="left">SHOULD (at the discretion of the issuer)</td>
<td align="left"><xref target="I-D.ietf-oauth-status-list"></xref></td>
</tr>
</tbody>
</table>
<ul spacing="compact">
<li>The Issuer MUST NOT make any of the JWT Claims in the table above to be selectively disclosable, so that they are always present in the SD-JWT-VC presented by the Holder.</li>
<li>It is at the discretion of the Issuer whether to use <tt>exp</tt> claim and/or a <tt>status</tt> claim to express the validity period of an SD-JWT-VC. The Wallet and the verifier  MUST support both mechanisms.</li>
<li>The <tt>iss</tt> claim MUST be an HTTPS URL. The <tt>iss</tt> value is used to obtain Issuer’s signing key as defined in <xref target="issuer-key-resolution"></xref>.</li>
<li>The <tt>vct</tt> JWT claim as defined in <xref target="I-D.ietf-oauth-sd-jwt-vc"></xref>.</li>
<li>The <tt>cnf</tt> claim <xref target="RFC7800"></xref> MUST conform to the definition given in <xref target="I-D.ietf-oauth-sd-jwt-vc"></xref>. Implementations conforming to this profile MUST include the JSON Web Key <xref target="RFC7517"></xref> in the <tt>jwk</tt> sub claim.</li>
</ul>
<t>Note: Currently this profile only supports presentation of credentials with cryptographic Holder Binding: the holder's signature is required to proof the credential is presented by the holder it was issued to. This profile might support claim-based and biometrics-based holder binding once OpenID for Verifiable Credentials adds support for other forms of Holder Binding. See <eref target="https://bitbucket.org/openid/connect/issues/1537/presenting-vc-without-a-vp-using-openid4vp">https://bitbucket.org/openid/connect/issues/1537/presenting-vc-without-a-vp-using-openid4vp</eref></t>
<t>Note: Re-using the same Credential across Verifiers, or re-using the same JWK value across multiple Credentials gives colluding Verifiers a mechanism to correlate the User. There are currently two known ways to address this with SD-JWT VCs. First is to issue multiple instances of the same credentials with different JWK values, so that if each instance of the credential is used at only one Verifier, it can be reused multiple times. Another is to use each credential only once (ephemeral credentials). It is RECOMMENDED to adopt one of these mechanisms.</t>
<t>Note: If there is a requirement to communicate information about the verification status and identity assurance data of the claims about the subject, the syntax defined by <xref target="OIDF.ekyc-ida"></xref> SHOULD be used. It is up to each jurisdiction and ecosystem, whether to require it to the implementers of this profile.</t>
<t>Note: If there is a requirement to provide the Subject’s identifier assigned and maintained by the Issuer, the <tt>sub</tt> claim MAY be used. There is no requirement for a binding to exist between the <tt>sub</tt> and <tt>cnf</tt> claims. See the Implementation Considerations section in <xref target="I-D.ietf-oauth-sd-jwt-vc"></xref>.</t>
<t>Note: In some credential types, it is not desirable to include an expiration date (eg: diploma attestation). Therefore, this profile leaves its inclusion to the Issuer, or the body defining the respective credential type.</t>

<section anchor="issuer-key-resolution"><name>Issuer identification and key resolution to validate an issued Credential</name>
<t>This profile supports two ways to represent and resolve the key required to validate the issuer signature of an SD-JWT VC, the web PKI-based key resolution and the x.509 certificates.</t>

<ul spacing="compact">
<li>Web-based key resolution: The key used to validate the Issuer’s signature on the SD-JWT VC MUST be obtained from the SD-JWT VC issuer's metadata as defined in Section 5 of <xref target="I-D.ietf-oauth-sd-jwt-vc"></xref>. The JOSE header <tt>kid</tt> MUST be used to identify the respective key.</li>
<li>x.509 certificates: the SD-JWT VC contains the issuer's certificate along with a trust chain in the <tt>x5c</tt> JOSE header. In this case, the <tt>iss</tt> value MUST be an URL with a FQDN matching a <tt>dNSName</tt> Subject Alternative Name (SAN) <xref target="RFC5280"></xref> entry in the leaf certificate.</li>
</ul>
<t>Note: The issuer MAY decide to support both options. In which case, it is at the discretion of the Wallet and the Verifier which key to use for the issuer signature validation.</t>

<section anchor="cryptographic-holder-binding-between-vc-and-vp"><name>Cryptographic Holder Binding between VC and VP</name>

<ul spacing="compact">
<li>For Cryptographic Holder Binding, a KB-JWT, as defined in <xref target="I-D.ietf-oauth-sd-jwt-vc"></xref>, MUST always be present when presenting an SD-JWT VC.</li>
</ul>
</section>
</section>

<section anchor="vc_sd_jwt_profile"><name>OpenID4VC Credential Format Profile</name>
<t>A Credential Format Profile for Credentials complying with IETF SD-JWT VCs <xref target="I-D.ietf-oauth-sd-jwt-vc"></xref> is defined in Annex A.3 of <xref target="OIDF.OID4VCI"></xref> and Annex A.4 of <xref target="OIDF.OID4VP"></xref>.</t>
</section>
</section>

<section anchor="crypto-suites"><name>Crypto Suites</name>
<t>Issuers, holders and verifiers MUST support P-256 (secp256r1) as a key type with ES256 JWT algorithm for signing and signature validation whenever this profiles requires to do so:</t>

<ul spacing="compact">
<li>SD-JWT-VC</li>
<li>Wallet Instance Attestation</li>
<li>DPoP</li>
<li>HB JWT</li>
<li>Authorization request during presentation</li>
</ul>
<t>SHA256 MUST be supported by all the entities as the hash algorithm to generate and validate the digests in the SD-JWT VC.</t>
<t>Note: When using this profile with other cryptosuites, it is recommended to be explicit about which entity is required to support which curve for signing and/or signature validation</t>
</section>

<section anchor="implementations-considerations"><name>Implementations Considerations</name>

<section anchor="validity-period-of-the-signature-and-the-claim-values"><name>Validity Period of the Signature and the Claim Values</name>
<t><tt>iat</tt> and <tt>exp</tt> JWT claims express both the validity period of both the signature and the claims about the subject, unless there is a separate claim used to express the validity of the claims.</t>
</section>
</section>

</middle>

<back>
<references><name>Normative References</name>
<xi:include href="https://xml2rfc.ietf.org/public/rfc/bibxml-ids/reference.I-D.ietf-oauth-sd-jwt-vc.xml"/>
<xi:include href="https://xml2rfc.ietf.org/public/rfc/bibxml-ids/reference.I-D.ietf-oauth-selective-disclosure-jwt.xml"/>
<xi:include href="https://xml2rfc.ietf.org/public/rfc/bibxml-ids/reference.I-D.ietf-oauth-status-list.xml"/>
<reference anchor="ISO.18013-5" target="https://www.iso.org/standard/69084.html">
  <front>
    <title>ISO/IEC 18013-5:2021 Personal identification — ISO-compliant driving license — Part 5: Mobile driving license (mDL)  application</title>
    <author>
      <organization> ISO/IEC JTC 1/SC 17 Cards and security devices for personal identification</organization>
    </author>
    <date year="2021"></date>
  </front>
</reference>
<reference anchor="OIDF.OID4VCI" target="https://openid.net/specs/openid-4-verifiable-credential-issuance-1_0.html">
  <front>
    <title>OpenID for Verifiable Credential Issuance</title>
    <author fullname="Torsten Lodderstedt" initials="T." surname="Lodderstedt">
      <organization>yes.com</organization>
    </author>
    <author fullname="Kristina Yasuda" initials="K." surname="Yasuda">
      <organization>Microsoft</organization>
    </author>
    <author fullname="Tobias Looker" initials="T." surname="Looker">
      <organization>Mattr</organization>
    </author>
    <date year="2022" month="June" day="20"></date>
  </front>
</reference>
<reference anchor="OIDF.OID4VP" target="https://openid.net/specs/openid-4-verifiable-presentations-1_0-24.html">
  <front>
    <title>OpenID for Verifiable Presentations - draft 24</title>
    <author fullname="Oliver Terbu" initials="O." surname="Terbu">
      <organization>Mattr</organization>
    </author>
    <author fullname="Torsten Lodderstedt" initials="T." surname="Lodderstedt">
      <organization>SPRIND</organization>
    </author>
    <author fullname="Kristina Yasuda" initials="K." surname="Yasuda">
      <organization>SPRIND</organization>
    </author>
    <author fullname="Tobias Looker" initials="T." surname="Looker">
      <organization>Mattr</organization>
    </author>
    <date year="2025" month="January" day="23"></date>
  </front>
</reference>
<reference anchor="OIDF.SIOPv2" target="https://openid.net/specs/openid-connect-self-issued-v2-1_0.html">
  <front>
    <title>Self-Issued OpenID Provider V2</title>
    <author>
      <organization>Microsoft</organization>
    </author>
    <author fullname="Michael B. Jones">
      <organization>Microsoft</organization>
    </author>
    <author fullname="Torsten Lodderstedt" initials="T." surname="Lodderstedt">
      <organization>yes.com</organization>
    </author>
    <date year="2021" month="December" day="18"></date>
  </front>
</reference>
<reference anchor="OIDF.ekyc-ida" target="https://openid.net/specs/openid-connect-4-identity-assurance-1_0-ID4.html">
  <front>
    <title>OpenID Connect for Identity Assurance 1.0</title>
    <author>
      <organization>yes</organization>
    </author>
    <author fullname="Daniel Fett">
      <organization>yes</organization>
    </author>
    <author fullname="Mark Haine">
      <organization>Considrd.Consulting Ltd</organization>
    </author>
    <author fullname="Alberto Pulido">
      <organization>Santander</organization>
    </author>
    <author fullname="Kai Lehmann">
      <organization>1&amp;1 Mail &amp; Media Development &amp; Technology GmbH</organization>
    </author>
    <author fullname="Kosuke Koiwai">
      <organization>KDDI Corporation</organization>
    </author>
    <date year="2022" month="August" day="19"></date>
  </front>
</reference>
<xi:include href="https://xml2rfc.ietf.org/public/rfc/bibxml/reference.RFC.5280.xml"/>
<xi:include href="https://xml2rfc.ietf.org/public/rfc/bibxml/reference.RFC.7516.xml"/>
<xi:include href="https://xml2rfc.ietf.org/public/rfc/bibxml/reference.RFC.7517.xml"/>
<xi:include href="https://xml2rfc.ietf.org/public/rfc/bibxml/reference.RFC.7518.xml"/>
<xi:include href="https://xml2rfc.ietf.org/public/rfc/bibxml/reference.RFC.7519.xml"/>
<xi:include href="https://xml2rfc.ietf.org/public/rfc/bibxml/reference.RFC.7636.xml"/>
<xi:include href="https://xml2rfc.ietf.org/public/rfc/bibxml/reference.RFC.7800.xml"/>
<xi:include href="https://xml2rfc.ietf.org/public/rfc/bibxml/reference.RFC.9101.xml"/>
<xi:include href="https://xml2rfc.ietf.org/public/rfc/bibxml/reference.RFC.9126.xml"/>
<xi:include href="https://xml2rfc.ietf.org/public/rfc/bibxml/reference.RFC.9449.xml"/>
</references>
<references><name>Informative References</name>
<reference anchor="ISO.18013-7" target="https://www.iso.org/standard/82772.html">
  <front>
    <title>ISO/IEC DTS 18013-7 Personal identification — ISO-compliant driving license — Part 7: Mobile driving license (mDL) add-on functions</title>
    <author>
      <organization> ISO/IEC JTC 1/SC 17 Cards and security devices for personal identification</organization>
    </author>
    <date year="2024"></date>
  </front>
</reference>
<reference anchor="w3c.digital_credentials_api" target="https://wicg.github.io/digital-credentials/">
  <front>
    <title>Digital Credentials API</title>
    <author fullname="Marcos Caceres">
      <organization>Apple Inc.</organization>
    </author>
    <author fullname="Sam Goto">
      <organization>Google</organization>
    </author>
    <author fullname="Tim Cappalli">
      <organization>Okta</organization>
    </author>
  </front>
</reference>
</references>

<section anchor="combined-issuance-of-sd-jwt-vc-and-mdocs"><name>Combined Issuance of SD-JWT VC and mdocs</name>

<ul spacing="compact">
<li>If combined issuance is required, the Batch Credential Endpoint MUST be supported.</li>
</ul>
</section>

<section anchor="Acknowledgements"><name>Acknowledgements</name>
<t>We would like to thank Paul Bastian, Christian Bormann, Mike Jones, Oliver Terbu, Daniel Fett, and Giuseppe De Marco for their valuable feedback and contributions to this specification.</t>
</section>

<section anchor="notices"><name>Notices</name>
<t>Copyright (c) 2023 The OpenID Foundation.</t>
<t>The OpenID Foundation (OIDF) grants to any Contributor, developer, implementer, or other interested party a non-exclusive, royalty free, worldwide copyright license to reproduce, prepare derivative works from, distribute, perform and display, this Implementers Draft or Final Specification solely for the purposes of (i) developing specifications, and (ii) implementing Implementers Drafts and Final Specifications based on such documents, provided that attribution be made to the OIDF as the source of the material, but that such attribution does not indicate an endorsement by the OIDF.</t>
<t>The technology described in this specification was made available from contributions from various sources, including members of the OpenID Foundation and others. Although the OpenID Foundation has taken steps to help ensure that the technology is available for distribution, it takes no position regarding the validity or scope of any intellectual property or other rights that might be claimed to pertain to the implementation or use of the technology described in this specification or the extent to which any license under such rights might or might not be available; neither does it represent that it has made any independent effort to identify any such rights. The OpenID Foundation and the contributors to this specification make no (and hereby expressly disclaim any) warranties (express, implied, or otherwise), including implied warranties of merchantability, non-infringement, fitness for a particular purpose, or title, related to this specification, and the entire risk as to implementing this specification is assumed by the implementer. The OpenID Intellectual Property Rights policy requires contributors to offer a patent promise not to assert certain patent claims against other contributors and against implementers. The OpenID Foundation invites any interested party to bring to its attention any copyrights, patents, patent applications, or other proprietary rights that MAY cover technology that MAY be required to practice this specification.</t>
</section>

<section anchor="document-history"><name>Document History</name>
<t>[[ To be removed from the final specification ]]</t>
<t>-02</t>

<ul spacing="compact">
<li>Mandate DCQL instead of presentation exchange</li>
<li>Refactor HAIP and add details for mdoc profile over DC API</li>
<li>Add specific requirements for response encryption</li>
<li>Add SessionTranscript requirements</li>
<li>Update OID4VP reference to draft 24</li>
</ul>
<t>-01</t>

<ul spacing="compact">
<li>Remove the Wallet Attestation Schema and point to OpenID4VCI instead</li>
<li>Rename specification to enable non-SD-JWT credential formats to be included</li>
<li>Require encrypted responses</li>
<li>Remove reference to <tt>client_id_scheme</tt> parameter that no longer exists in OpenID4VP</li>
<li>Refresh tokens are now optional</li>
</ul>
<t>-00</t>

<ul spacing="compact">
<li>initial revision</li>
</ul>
</section>

</back>

</rfc>
