<?xml version="1.0" encoding="utf-8"?>
<!-- name="GENERATOR" content="github.com/mmarkdown/mmark Mmark Markdown Processor - mmark.miek.nl" -->
<rfc version="3" ipr="none" docName="openid-connect-4-ida-claims-1_0-02" submissionType="IETF" category="std" xml:lang="en" xmlns:xi="http://www.w3.org/2001/XInclude" indexInclude="true" consensus="true">

<front>
<title abbrev="openid-connect-4-ida-claims-1_0">OpenID Connect for Identity Assurance Claims Registration 1.0</title><seriesInfo value="openid-connect-4-ida-claims-1_0-02" status="standard" name="Internet-Draft"></seriesInfo>
<author initials="T." surname="Lodderstedt" fullname="Torsten Lodderstedt"><organization>sprind.org</organization><address><postal><street></street>
</postal><email>torsten@lodderstedt.net</email>
</address></author><author initials="D." surname="Fett" fullname="Daniel Fett"><organization>Authlete</organization><address><postal><street></street>
</postal><email>mail@danielfett.de</email>
</address></author><author initials="M." surname="Haine" fullname="Mark Haine"><organization>Considrd.Consulting Ltd</organization><address><postal><street></street>
</postal><email>mark@considrd.consulting</email>
</address></author><author initials="A." surname="Pulido" fullname="Alberto Pulido"><organization>Santander</organization><address><postal><street></street>
</postal><email>alberto.pulido@santander.co.uk</email>
</address></author><author initials="K." surname="Lehmann" fullname="Kai Lehmann"><organization>1&amp;1 Mail &amp; Media Development &amp; Technology GmbH</organization><address><postal><street></street>
</postal><email>kai.lehmann@1und1.de</email>
</address></author><author initials="K." surname="Koiwai" fullname="Kosuke Koiwai"><organization>KDDI Corporation</organization><address><postal><street></street>
</postal><email>ko-koiwai@kddi.com</email>
</address></author><date/>
<area>Internet</area>
<workgroup>eKYC-IDA</workgroup>
<keyword>security</keyword>
<keyword>openid</keyword>
<keyword>identity assurance</keyword>
<keyword>ekyc</keyword>
<keyword>claims</keyword>

<abstract>
<t>This specification defines an extension of OpenID Connect that registers new JWT claims about end-users. This extension defines new claims relating to the identity of a natural person that were originally defined within earlier drafts of OpenID Connect for Identity Assurance. The work and the preceding drafts are the work of the eKYC and Identity Assurance working group of the OpenID Foundation.</t>
</abstract>

<note><name>Foreword</name>
<t>The OpenID Foundation (OIDF) promotes, protects and nurtures the OpenID community and technologies. As a non-profit international standardizing body, it is comprised by over 160 participating entities (workgroup participant). The work of preparing implementer drafts and final international standards is carried out through OIDF workgroups in accordance with the OpenID Process. Participants interested in a subject for which a workgroup has been established have the right to be represented in that workgroup. International organizations, governmental and non-governmental, in liaison with OIDF, also take part in the work. OIDF collaborates closely with other standardizing bodies in the related fields.</t>
<t>Final drafts adopted by the Workgroup through consensus are circulated publicly for the public review for 60 days and for the OIDF members for voting. Publication as an OIDF Standard requires approval by at least 50% of the members casting a vote. There is a possibility that some of the elements of this document may be subject to patent rights. OIDF shall not be held responsible for identifying any or all such patent rights.</t>
</note>

<note><name>Introduction</name>
<t>This specification defines additional JWT claims about the natural person.  The claims defined can be used in various contexts including an ID Token.</t>
</note>

<note><name>Warning</name>
<t>This document is not an OIDF International Standard. It is distributed for
review and comment. It is subject to change without notice and may not be
referred to as an International Standard.
Recipients of this draft are invited to submit, with their comments,
notification of any relevant patent rights of which they are aware and to
provide supporting documentation.</t>
</note>

<note><name>Notational conventions</name>
<t>The keywords &quot;shall&quot;, &quot;shall not&quot;, &quot;should&quot;, &quot;should not&quot;, &quot;may&quot;, and &quot;can&quot; in
this document are to be interpreted as described in ISO Directive Part 2
<xref target="ISODIR2"></xref>. These keywords are not used as dictionary terms such that any
occurrence of them shall be interpreted as keywords and are not to be
interpreted with their natural language meanings.</t>
</note>

</front>

<middle>

<section anchor="scope"><name>Scope</name>
<t>This specification only defines claims to be maintained in the IANA &quot;JSON Web Token Claims Registry&quot; established by <xref target="RFC7519"></xref>.  These claims should be used in any context that needs to describe these characteristics of the end-user in a JWT as per <xref target="RFC7519"></xref>.</t>
</section>

<section anchor="normative-references"><name>Normative references</name>
<t>See section 5 for normative references.</t>
</section>

<section anchor="terms-and-definitions"><name>Terms and definitions</name>
<t>For the purposes of this document, the following terms and definitions apply.</t>

<section anchor="claim"><name>claim</name>
<t>piece of information asserted about an entity</t>
<t>[SOURCE: <xref target="OpenID"></xref>, 1.2]</t>
</section>

<section anchor="identity-proofing"><name>identity proofing</name>
<t>process in which an end-user provides evidence to an OP or claim provider reliably identifying themselves, thereby allowing the OP or claim provider to assert that identification at a useful assurance level</t>
</section>

<section anchor="identity-verification"><name>identity verification</name>
<t>process conducted by the OP or a claim provider to verify the end-user's identity</t>
</section>

<section anchor="identity-assurance"><name>identity assurance</name>
<t>process in which the OP or a claim provider asserts identity data of a certain end-user with a certain assurance towards an RP, typically expressed by way of an assurance level. Depending on legal requirements, the OP can be required to provide evidence of the identity verification process to the RP</t>
</section>

<section anchor="verified-claims"><name>verified claims</name>
<t>claims about an end-user, typically a natural person, whose binding to a particular end-user account was verified in the course of an identity verification process</t>
</section>
</section>

<section anchor="claims"><name>Claims</name>

<section anchor="userclaims"><name>Additional claims about end-users</name>
<t>This specification defines the following claims for conveying end-user data in addition to the claims defined in the OpenID Connect specification <xref target="OpenID"></xref> and the OpenID Connect for Identity Assurance specification <xref target="OpenID4IDA"></xref> and in any other context that a JWT (as per <xref target="RFC7519"></xref>) may be used:</t>
<table>
<thead>
<tr>
<th align="left">Claim</th>
<th align="left">Type</th>
<th align="left">Description</th>
</tr>
</thead>

<tbody>
<tr>
<td align="left"><tt>place_of_birth</tt></td>
<td align="left">JSON object</td>
<td align="left">End-user’s place of birth. The value of this member is a JSON structure containing some or all of the following members:</td>
</tr>

<tr>
<td align="left"></td>
<td align="left"></td>
<td align="left"><tt>country</tt>: String representing country in <xref target="ISO3166-1"></xref> Alpha-2  or <xref target="ISO3166-3"></xref> syntax.</td>
</tr>

<tr>
<td align="left"></td>
<td align="left"></td>
<td align="left"><tt>region</tt>: String representing state, province, prefecture, or region component. This field might be required in some jurisdictions.</td>
</tr>

<tr>
<td align="left"></td>
<td align="left"></td>
<td align="left"><tt>locality</tt>: String representing city or locality component.</td>
</tr>

<tr>
<td align="left"><tt>nationalities</tt></td>
<td align="left">array</td>
<td align="left">End-user’s nationalities using ICAO 3-letter codes <xref target="ICAO-Doc9303"></xref>, 2-letter ICAO codes may be used in some circumstances for compatibility reasons.</td>
</tr>

<tr>
<td align="left"><tt>birth_family_name</tt></td>
<td align="left">string</td>
<td align="left">End-user’s family name(s) when they were born, or at least from the time they were a child. This term can be used by a person who changes the family name later in life for any reason. Note that in some cultures, people can have multiple family names or no family name; all can be present, with the names being separated by space characters.</td>
</tr>

<tr>
<td align="left"><tt>birth_given_name</tt></td>
<td align="left">string</td>
<td align="left">End-user’s given name(s) when they were born, or at least from the time they were a child. This term can be used by a person who changes the given name later in life for any reason. Note that in some cultures, people can have multiple given names; all can be present, with the names being separated by space characters.</td>
</tr>

<tr>
<td align="left"><tt>birth_middle_name</tt></td>
<td align="left">string</td>
<td align="left">End-user’s middle name(s) when they were born, or at least from the time they were a child. This term can be used by a person who changes the middle name later in life for any reason. Note that in some cultures, people can have multiple middle names; all can be present, with the names being separated by space characters. Also note that in some cultures, middle names are not used.</td>
</tr>

<tr>
<td align="left"><tt>salutation</tt></td>
<td align="left">string</td>
<td align="left">End-user’s salutation</td>
</tr>

<tr>
<td align="left"><tt>title</tt></td>
<td align="left">string</td>
<td align="left">End-user’s title</td>
</tr>

<tr>
<td align="left"><tt>msisdn</tt></td>
<td align="left">string</td>
<td align="left">End-user’s mobile phone number formatted according to ITU-T recommendation <xref target="E.164"></xref></td>
</tr>

<tr>
<td align="left"><tt>also_known_as</tt></td>
<td align="left">string</td>
<td align="left">Stage name, religious name or any other type of alias/pseudonym with which a person is known in a specific context besides their legal name.</td>
</tr>
</tbody>
</table></section>

<section anchor="extended-address-claim"><name>Extended address claim</name>
<t>This specification extends the <tt>address</tt> claim as defined in <xref target="OpenID"></xref> by another sub field containing the country as ISO code.</t>
<t><tt>country_code</tt>: Optional. country part of an address represented using an ISO 3-letter code <xref target="ISO3166-3"></xref>, e.g., &quot;USA&quot; or &quot;JPN&quot;. 2-letter ISO codes <xref target="ISO3166-1"></xref> may be used for compatibility reasons. <tt>country_code</tt> may be used as alternative to the existing <tt>country</tt> field.</t>
</section>

<section anchor="examples"><name>Examples</name>
<t>This section contains JSON snippets showing examples of end-user claims described in this document.</t>

<artwork>{
&quot;place_of_birth&quot;: {
  &quot;country&quot;: &quot;GB&quot;,
  &quot;locality&quot;: &quot;London&quot;
  }
}
</artwork>

<artwork>{
&quot;nationalities&quot;: [&quot;GB&quot;, &quot;SL&quot;]
}
</artwork>

<artwork>{
&quot;birth_family_name&quot;: &quot;Elba&quot;
}
</artwork>

<artwork>{
&quot;birth_given_name&quot;: &quot;Idrissa&quot;
}
</artwork>

<artwork>{
&quot;birth_middle_name&quot;: &quot;Akuna&quot;
}
</artwork>

<artwork>{
&quot;salutation&quot;: &quot;Mr&quot;
}
</artwork>

<artwork>{
&quot;title&quot;: &quot;Dr&quot;
}
</artwork>

<artwork>{
&quot;msisdn&quot;: &quot;1999550123&quot;
}
</artwork>

<artwork>{
&quot;also_known_as&quot;: &quot;DJ Big Driis&quot;
}
</artwork>

<artwork>&quot;address&quot;: {
  &quot;locality&quot;: &quot;Leavesden&quot;,
  &quot;postal_code&quot;: &quot;WD25 7LR&quot;,
  &quot;country&quot;: &quot;United Kingdom&quot;,
  &quot;street_address&quot;: &quot;4 Privet Drive&quot;,
  &quot;country_code&quot;: &quot;GBR&quot;
}
</artwork>
</section>
</section>

<section anchor="Security"><name>Security considerations</name>
<t>The working group has identified no security considerations that pertain directly to this specification.</t>
<t>The data structures described in this specification will contain personal information. Standards referencing this specification and implementers using this specification should consider the secure transport of these structures and security and privacy implications that may arise from their use.</t>
</section>

</middle>

<back>
<references><name>Normative References</name>
<reference anchor="E.164" target="https://www.itu.int/rec/T-REC-E.164/en">
  <front>
    <title>Recommendation ITU-T E.164</title>
    <author>
      <organization>ITU-T</organization>
    </author>
    <date year="2010" month="11"></date>
  </front>
</reference>
<reference anchor="ICAO-Doc9303" target="https://www.icao.int/publications/Documents/9303_p3_cons_en.pdf">
  <front>
    <title>Machine Readable Travel Documents, Seventh Edition, 2015, Part 3: Specifications Common to all MRTDs</title>
    <author surname="International Civil Aviation Organization">
      <organization>International Civil Aviation Organization</organization>
    </author>
    <date year="2015"></date>
  </front>
</reference>
<reference anchor="ISO3166-1" target="https://www.iso.org/standard/72482.html">
  <front>
    <title>ISO 3166-1:2020. Codes for the representation of names of&#xA;      countries and their subdivisions -- Part 1: Country codes</title>
    <author surname="International Organization for Standardization">
      <organization abbrev="ISO">International Organization for Standardization</organization>
    </author>
    <date year="2020"></date>
  </front>
</reference>
<reference anchor="ISO3166-3" target="https://www.iso.org/standard/72482.html">
  <front>
    <title>ISO 3166-3:2020. Codes for the representation of names of countries and their subdivisions -- Part 3: Code for formerly used names of countries</title>
    <author surname="International Organization for Standardization">
      <organization abbrev="ISO">International Organization for&#xA;        Standardization</organization>
    </author>
    <date year="2020"></date>
  </front>
</reference>
<reference anchor="ISODIR2" target="https://www.iso.org/sites/directives/current/part2/index.xhtml">
  <front>
    <title>ISO/IEC Directives, Part 2 - Principles and rules for the structure and drafting of ISO and IEC documents</title>
    <author fullname="ISO/IEC">
      <organization>ISO/IEC</organization>
    </author>
  </front>
</reference>
<reference anchor="OpenID" target="https://openid.net/specs/openid-connect-core-1_0.html">
  <front>
    <title>OpenID Connect Core 1.0 incorporating errata set 1</title>
    <author fullname="Nat Sakimura" initials="N." surname="Sakimura">
      <organization>NRI</organization>
    </author>
    <author fullname="John Bradley" initials="J." surname="Bradley">
      <organization>Ping Identity</organization>
    </author>
    <author fullname="Mike Jones" initials="M." surname="Jones">
      <organization>Microsoft</organization>
    </author>
    <author fullname="Breno de Medeiros" initials="B." surname="de Medeiros">
      <organization>Google</organization>
    </author>
    <author fullname="Chuck Mortimore" initials="C." surname="Mortimore">
      <organization>Salesforce</organization>
    </author>
    <date year="2014" month="Nov" day="8"></date>
  </front>
</reference>
<reference anchor="OpenID4IDA" target="https://openid.net/specs/openid-connect-4-identity-assurance-1_0.html">
  <front>
    <title>OpenID Connect for Identity Assurance 1.0</title>
    <author fullname="Torsten Lodderstedt" initials="T." surname="Lodderstedt">
      <organization>sprind.org</organization>
    </author>
    <author fullname="Daniel Fett" initials="D." surname="Fett">
      <organization>Authlete</organization>
    </author>
    <author fullname="Mark Haine" initials="M." surname="Haine">
      <organization>Considrd.Consulting Ltd</organization>
    </author>
    <author fullname="Alberto Pulido" initials="A." surname="Pulido">
      <organization>Santander</organization>
    </author>
    <author fullname="Kai Lehmann" initials="K." surname="Lehmann">
      <organization>1&amp;1 Mail &amp; Media Development &amp; Technology GmbH</organization>
    </author>
    <author fullname="Kosuke Koiwai" initials="K." surname="Koiwai">
      <organization>KDDI Corporation</organization>
    </author>
    <date year="2023" month="Jun" day="16"></date>
  </front>
</reference>
<xi:include href="https://xml2rfc.ietf.org/public/rfc/bibxml/reference.RFC.7519.xml"/>
</references>

<section anchor="iana-considerations"><name>IANA considerations</name>

<section anchor="json-web-token-claims-registration"><name>JSON Web Token claims registration</name>
<t>This specification requests registration of the following value in the IANA &quot;JSON Web Token Claims Registry&quot; established by <xref target="RFC7519"></xref>.</t>

<section anchor="registry-contents"><name>Registry contents</name>

<section anchor="claim-place-of-birth"><name>Claim <tt>place_of_birth</tt></name>

<dl spacing="compact">
<dt>Claim Name:</dt>
<dd><tt>place_of_birth</tt></dd>
<dt>Claim Description:</dt>
<dd>A structured claim representing the end-user’s place of birth.</dd>
<dt>Change Controller:</dt>
<dd>eKYC and Identity Assurance Working Group - openid-specs-ekyc-ida@lists.openid.net</dd>
<dt>Specification Document(s):</dt>
<dd>Section <eref target="#claims">Claims</eref> of this document</dd>
</dl>
</section>

<section anchor="claim-nationalities"><name>Claim <tt>nationalities</tt></name>

<dl spacing="compact">
<dt>Claim Name:</dt>
<dd><tt>nationalities</tt></dd>
<dt>Claim Description:</dt>
<dd>String array representing the end-user’s nationalities.</dd>
<dt>Change Controller:</dt>
<dd>eKYC and Identity Assurance Working Group - openid-specs-ekyc-ida@lists.openid.net</dd>
<dt>Specification Document(s):</dt>
<dd>Section <eref target="#claims">Claims</eref> of this document</dd>
</dl>
</section>

<section anchor="claim-birth-family-name"><name>Claim <tt>birth_family_name</tt></name>

<dl spacing="compact">
<dt>Claim Name:</dt>
<dd><tt>birth_family_name</tt></dd>
<dt>Claim Description:</dt>
<dd>Family name(s) someone has when they were born, or at least from the time they were a child. This term can be used by a person who changes the family name(s) later in life for any reason. Note that in some cultures, people can have multiple family names or no family name; all can be present, with the names being separated by space characters.</dd>
<dt>Change Controller:</dt>
<dd>eKYC and Identity Assurance Working Group - openid-specs-ekyc-ida@lists.openid.net</dd>
<dt>Specification Document(s):</dt>
<dd>Section <eref target="#claims">Claims</eref> of this document</dd>
</dl>
</section>

<section anchor="claim-birth-given-name"><name>Claim <tt>birth_given_name</tt></name>

<dl spacing="compact">
<dt>Claim Name:</dt>
<dd><tt>birth_given_name</tt></dd>
<dt>Claim Description:</dt>
<dd>Given name(s) someone has when they were born, or at least from the time they were a child. This term can be used by a person who changes the given name later in life for any reason. Note that in some cultures, people can have multiple given names; all can be present, with the names being separated by space characters.</dd>
<dt>Change Controller:</dt>
<dd>eKYC and Identity Assurance Working Group - openid-specs-ekyc-ida@lists.openid.net</dd>
<dt>Specification Document(s):</dt>
<dd>Section <eref target="#claims">Claims</eref> of this document</dd>
</dl>
</section>

<section anchor="claim-birth-middle-name"><name>Claim <tt>birth_middle_name</tt></name>

<dl spacing="compact">
<dt>Claim Name:</dt>
<dd><tt>birth_middle_name</tt></dd>
<dt>Claim Description:</dt>
<dd>Middle name(s) someone has when they were born, or at least from the time they were a child. This term can be used by a person who changes the middle name later in life for any reason. Note that in some cultures, people can have multiple middle names; all can be present, with the names being separated by space characters. Also note that in some cultures, middle names are not used.</dd>
<dt>Change Controller:</dt>
<dd>eKYC and Identity Assurance Working Group - openid-specs-ekyc-ida@lists.openid.net</dd>
<dt>Specification Document(s):</dt>
<dd>Section <eref target="#claims">Claims</eref> of this document</dd>
</dl>
</section>

<section anchor="claim-salutation"><name>Claim <tt>salutation</tt></name>

<dl spacing="compact">
<dt>Claim Name:</dt>
<dd><tt>salutation</tt></dd>
<dt>Claim Description:</dt>
<dd>End-user’s salutation, e.g., “Mr”</dd>
<dt>Change Controller:</dt>
<dd>eKYC and Identity Assurance Working Group - openid-specs-ekyc-ida@lists.openid.net</dd>
<dt>Specification Document(s):</dt>
<dd>Section <eref target="#claims">Claims</eref> of this document</dd>
</dl>
</section>

<section anchor="claim-title"><name>Claim <tt>title</tt></name>

<dl spacing="compact">
<dt>Claim Name:</dt>
<dd><tt>title</tt></dd>
<dt>Claim Description:</dt>
<dd>End-user’s title, e.g., “Dr”</dd>
<dt>Change Controller:</dt>
<dd>eKYC and Identity Assurance Working Group - openid-specs-ekyc-ida@lists.openid.net</dd>
<dt>Specification Document(s):</dt>
<dd>Section <eref target="#claims">Claims</eref> of this document</dd>
</dl>
</section>

<section anchor="claim-msisdn"><name>Claim <tt>msisdn</tt></name>

<dl spacing="compact">
<dt>Claim Name:</dt>
<dd><tt>msisdn</tt></dd>
<dt>Claim Description:</dt>
<dd>End-user’s mobile phone number formatted according to ITU-T recommendation <xref target="E.164"></xref></dd>
<dt>Change Controller:</dt>
<dd>eKYC and Identity Assurance Working Group - openid-specs-ekyc-ida@lists.openid.net</dd>
<dt>Specification Document(s):</dt>
<dd>Section <eref target="#claims">Claims</eref> of this document</dd>
</dl>
</section>

<section anchor="claim-also-known-as"><name>Claim <tt>also_known_as</tt></name>

<dl spacing="compact">
<dt>Claim Name:</dt>
<dd><tt>also_known_as</tt></dd>
<dt>Claim Description:</dt>
<dd>Stage name, religious name or any other type of alias/pseudonym with which a person is known in a specific context besides its legal name.</dd>
<dt>Change Controller:</dt>
<dd>eKYC and Identity Assurance Working Group - openid-specs-ekyc-ida@lists.openid.net</dd>
<dt>Specification Document(s):</dt>
<dd>Section <eref target="#claims">Claims</eref> of this document</dd>
</dl>
</section>
</section>
</section>
</section>

<section anchor="Acknowledgements"><name>Acknowledgements</name>
<t>The following people at yes.com and partner companies contributed to the concept described in the initial contribution to this specification: Karsten Buch, Lukas Stiebig, Sven Manz, Waldemar Zimpfer, Willi Wiedergold, Fabian Hoffmann, Daniel Keijsers, Ralf Wagner, Sebastian Ebling, Peter Eisenhofer.</t>
<t>We would like to thank Julian White, Bjorn Hjelm, Stephane Mouy, Alberto Pulido, Joseph Heenan, Vladimir Dzhuvinov, Azusa Kikuchi, Naohiro Fujie, Takahiko Kawasaki, Sebastian Ebling, Marcos Sanz, Tom Jones, Mike Pegman, Michael B. Jones, Jeff Lombardo, Taylor Ongaro, Peter Bainbridge-Clayton, Adrian Field, George Fletcher, Tim Cappalli, Michael Palage, Sascha Preibisch, Giuseppe De Marco, Nick Mothershaw, Hodari McClain, and Nat Sakimura for their valuable feedback and contributions that helped to evolve this specification.</t>
</section>

<section anchor="notices"><name>Notices</name>
<t>Copyright (c) 2024 The OpenID Foundation.</t>
<t>The OpenID Foundation (OIDF) grants to any Contributor, developer, implementer, or other interested party a non-exclusive, royalty free, worldwide copyright license to reproduce, prepare derivative works from, distribute, perform and display, this Implementers Draft or Final Specification solely for the purposes of (i) developing specifications, and (ii) implementing Implementers Drafts and Final Specifications based on such documents, provided that attribution be made to the OIDF as the source of the material, but that such attribution does not indicate an endorsement by the OIDF.</t>
<t>The technology described in this specification was made available from contributions from various sources, including members of the OpenID Foundation and others. Although the OpenID Foundation has taken steps to help ensure that the technology is available for distribution, it takes no position regarding the validity or scope of any intellectual property or other rights that might be claimed to pertain to the implementation or use of the technology described in this specification or the extent to which any license under such rights might or might not be available; neither does it represent that it has made any independent effort to identify any such rights. The OpenID Foundation and the contributors to this specification make no (and hereby expressly disclaim any) warranties (express, implied, or otherwise), including implied warranties of merchantability, non-infringement, fitness for a particular purpose, or title, related to this specification, and the entire risk as to implementing this specification is assumed by the implementer. The OpenID Intellectual Property Rights policy requires contributors to offer a patent promise not to assert certain patent claims against other contributors and against implementers. The OpenID Foundation invites any interested party to bring to its attention any copyrights, patents, patent applications, or other proprietary rights that may cover technology that may be required to practice this specification.</t>
</section>

</back>

</rfc>
